バージョン,タイトル,BEGINNER EXスコア,BEGINNER DJName,BEGINNER 都道府県,NORMAL EXスコア,NORMAL DJName,NORMAL 都道府県,HYPER EXスコア,HYPER DJName,HYPER 都道府県,ANOTHER EXスコア,ANOTHER DJName,ANOTHER 都道府県,LEGGENDARIA EXスコア,LEGGENDARIA DJName,LEGGENDARIA 都道府県
1st&substream,THE EARTH LIGHT,0,,-,264,AAA,鳥取県,0,,-,1125,VIOLA.,鳥取県,0,,-
1st&substream,RUGGED ASH,0,,-,0,,-,140,TIETS,鳥取県,1004,KOITSU,鳥取県,1951,#MA3#,鳥取県
1st&substream,R3,0,,-,0,,-,437,JOEEEE,鳥取県,877,31KING,鳥取県,0,,-
1st&substream,PARANOIA MAX～DIRTY MIX～,0,,-,263,AAA,鳥取県,539,UWU$,鳥取県,1086,UMEKOO,鳥取県,0,,-
1st&substream,Macho Gang,0,,-,0,,-,0,,-,1561,DEBU**,鳥取県,0,,-
1st&substream,KEEP ON MOVIN',0,,-,75,BR1AN,鳥取県,233,SALOON,鳥取県,0,,-,0,,-
1st&substream,GRADIUSIC CYBER,0,,-,720,HIKARI,鳥取県,0,,-,731,UTO,鳥取県,0,,-
1st&substream,gentle stress,0,,-,328,RAY$,鳥取県,670,UMEKOO,鳥取県,1410,VIOLA.,鳥取県,0,,-
1st&substream,GENOM SCREAMS,0,,-,204,S,鳥取県,0,,-,1061,VIOLA.,鳥取県,0,,-
1st&substream,GAMBOL,0,,-,0,,-,264,VIOLA.,鳥取県,0,,-,0,,-
1st&substream,Dr.LOVE,0,,-,253,SHO,鳥取県,485,Y-CHA,鳥取県,571,VIOLA.,鳥取県,0,,-
1st&substream,deep in you,0,,-,0,,-,462,HANS-D,鳥取県,643,VIOLA.,鳥取県,0,,-
1st&substream,5.1.1.,0,,-,168,RANK00,鳥取県,0,,-,1552,31KING,鳥取県,0,,-
1st&substream,22DUNK,0,,-,421,HIKARI,鳥取県,440,2-MAS*,鳥取県,634,VIOLA.,鳥取県,0,,-
2nd style,SP-TRIP MACHINE(for beatmania II),0,,-,104,TIETS,鳥取県,259,SHO,鳥取県,605,KAME,鳥取県,0,,-
2nd style,PUT YOUR FAITH IN ME(for beatmania II),0,,-,338,RAINY,鳥取県,761,KOITSU,鳥取県,0,,-,0,,-
2nd style,Indigo Vision(full flavour hide around mix),0,,-,304,TIETS,鳥取県,909,BEE!!!,鳥取県,1194,VIOLA.,鳥取県,0,,-
2nd style,I Was The One,0,,-,368,H.T,鳥取県,624,RAY$,鳥取県,675,VIOLA.,鳥取県,0,,-
2nd style,Electro Tuned(the SubS mix),0,,-,0,,-,0,,-,1022,53KING,鳥取県,0,,-
2nd style,Digital MinD(A/T Libra mix),0,,-,0,,-,839,GIGLIO,鳥取県,1097,VIOLA.,鳥取県,0,,-
2nd style,.59,0,,-,301,AAA,鳥取県,886,HANS-D,鳥取県,1044,SALOON,鳥取県,0,,-
3rd style,THE SAFARI,331,Y.,鳥取県,1040,SANTAK,鳥取県,1721,53KING,鳥取県,0,,-,0,,-
3rd style,Tangerine Stream,0,,-,0,,-,356,MORS,鳥取県,0,,-,0,,-
3rd style,Skyscraper,0,,-,716,RAY$,鳥取県,0,,-,1238,VIOLA.,鳥取県,0,,-
3rd style,Schlagwerk,0,,-,791,RAY$,鳥取県,1030,HIKARI,鳥取県,1666,#MA3#,鳥取県,0,,-
3rd style,REINCARNATION,0,,-,418,AAA,鳥取県,578,MAYO,鳥取県,1245,VIOLA.,鳥取県,0,,-
3rd style,R5,0,,-,745,RAY$,鳥取県,1060,MEI,鳥取県,1722,31KING,鳥取県,0,,-
3rd style,Presto,0,,-,0,,-,736,KMY,鳥取県,998,59SO2,鳥取県,0,,-
3rd style,LEADING CYBER,0,,-,455,JOEEEE,鳥取県,989,34PONY,鳥取県,1123,OWO,鳥取県,0,,-
3rd style,Holic,0,,-,0,,-,937,HIKARI,鳥取県,1696,59SO2,鳥取県,0,,-
3rd style,era (nostalmix),0,,-,321,AAA,鳥取県,989,MONG-,鳥取県,1463,59SO2,鳥取県,0,,-
3rd style,Don't Stop!,0,,-,0,,-,473,RAINY,鳥取県,889,VIOLA.,鳥取県,0,,-
3rd style,CAN'T STOP FALLIN'IN LOVE,0,,-,498,UWU$,鳥取県,1204,53KING,鳥取県,0,,-,0,,-
4th style,Voltage (feat. Hidemaru),0,,-,787,HANS-D,鳥取県,987,HANS-D,鳥取県,1301,VIOLA.,鳥取県,0,,-
4th style,SWEET LAB,0,,-,0,,-,0,,-,1351,DEBU**,鳥取県,0,,-
4th style,starmine,336,DARCY,鳥取県,0,,-,1274,RAY$,鳥取県,1502,SOYJOY,鳥取県,0,,-
4th style,Mr.T.(take me higher),0,,-,490,JOEEEE,鳥取県,856,BEE!!!,鳥取県,1716,59SO2,鳥取県,0,,-
4th style,minimalian,0,,-,0,,-,0,,-,1383,VIOLA.,鳥取県,0,,-
4th style,LOVE WILL・・・,0,,-,234,AAA,鳥取県,715,OWO,鳥取県,1441,VIOLA.,鳥取県,0,,-
4th style,KAMIKAZE,0,,-,792,HIKARI,鳥取県,650,MONG-,鳥取県,2266,59SO2,鳥取県,0,,-
4th style,Jam&Marmalade,0,,-,598,GIGLIO,鳥取県,718,HIKARI,鳥取県,970,VIOLA.,鳥取県,0,,-
4th style,Hitch Hiker2,0,,-,428,GORO56,鳥取県,0,,-,1235,TE0,鳥取県,0,,-
4th style,HIGHER,0,,-,0,,-,770,HIKARI,鳥取県,1262,VIOLA.,鳥取県,0,,-
4th style,FLOWERS for ALBION,0,,-,0,,-,423,53KING,鳥取県,0,,-,0,,-
4th style,era (step mix),0,,-,0,,-,1207,POCOPI,鳥取県,1699,#MA3#,鳥取県,0,,-
4th style,empathy,0,,-,358,AAA,鳥取県,0,,-,1329,53KING,鳥取県,0,,-
4th style,DXY!,0,,-,907,HIKARI,鳥取県,1701,SALOON,鳥取県,2145,59SO2,鳥取県,0,,-
4th style,Clione,0,,-,260,AAA,鳥取県,0,,-,1553,53KING,鳥取県,2112,#MA3#,鳥取県
4th style,CHECKING YOU OUT,0,,-,572,HANS-D,鳥取県,840,DEBU**,鳥取県,1293,#MA3#,鳥取県,0,,-
4th style,Burnin' The Floor,0,,-,452,UWU$,鳥取県,836,POOH,鳥取県,1420,31KING,鳥取県,0,,-
4th style,Broken My Heart,0,,-,381,AAA,鳥取県,1129,POOH,鳥取県,1758,53KING,鳥取県,0,,-
4th style,B4U,0,,-,628,UWU$,鳥取県,1282,HANS-D,鳥取県,1947,#MA3#,鳥取県,0,,-
4th style,ABSOLUTE,0,,-,866,JAEIL,鳥取県,1602,GURAN,鳥取県,2349,VIOLA.,鳥取県,2699,VIOLA.,鳥取県
4th style,250bpm,0,,-,0,,-,654,RANK00,鳥取県,1358,DEBU**,鳥取県,0,,-
5th style,V,251,GORO56,鳥取県,0,,-,2448,53KING,鳥取県,2957,VIOLA.,鳥取県,0,,-
5th style,THE SHINING POLARIS,0,,-,0,,-,0,,-,1547,#MA3#,鳥取県,0,,-
5th style,THE CUBE,0,,-,714,RAY$,鳥取県,978,HIKARI,鳥取県,1326,DEBU**,鳥取県,0,,-
5th style,sync,0,,-,1050,931,鳥取県,1481,KAME,鳥取県,2205,SALOON,鳥取県,0,,-
5th style,still my words,0,,-,881,RAY$,鳥取県,1204,53KING,鳥取県,0,,-,0,,-
5th style,STILL IN MY HEART,0,,-,0,,-,1161,BON,鳥取県,1850,#MA3#,鳥取県,0,,-
5th style,Spin the disc,0,,-,653,GIGLIO,鳥取県,744,JAEIL,鳥取県,1277,53KING,鳥取県,0,,-
5th style,RISLIM,0,,-,865,RAY$,鳥取県,1150,53KING,鳥取県,0,,-,0,,-
5th style,RIDE ON THE LIGHT (HI GREAT MIX),0,,-,871,RAY$,鳥取県,974,RAY$,鳥取県,1637,31KING,鳥取県,1693,3UTHER,鳥取県
5th style,Regulus,0,,-,0,,-,1281,B-L,鳥取県,1483,ARU,鳥取県,0,,-
5th style,Real,0,,-,0,,-,1555,Y.Y,鳥取県,1610,SALOON,鳥取県,0,,-
5th style,Radical Faith,0,,-,0,,-,1245,B-L,鳥取県,1235,Y.Y,鳥取県,0,,-
5th style,QQQ,0,,-,0,,-,1658,RAY$,鳥取県,2043,MOLI,鳥取県,0,,-
5th style,outer wall,0,,-,0,,-,1215,TE0,鳥取県,1723,931,鳥取県,0,,-
5th style,LOVE AGAIN TONIGHT～for Mellisa mix～,0,,-,426,AOI,鳥取県,0,,-,1105,53KING,鳥取県,0,,-
5th style,in my eyes,0,,-,0,,-,1165,POOH,鳥取県,1462,Y.Y,鳥取県,0,,-
5th style,Abyss,0,,-,938,UWU$,鳥取県,1309,KAZU**,鳥取県,1833,53KING,鳥取県,0,,-
6th style,電人イェーガーのテーマ(Theme of DENJIN J),0,,-,0,,-,1552,53KING,鳥取県,0,,-,0,,-
6th style,こっちを向いてよ,0,,-,0,,-,1165,RAY$,鳥取県,1264,*PIEN*,鳥取県,0,,-
6th style,VJ ARMY,0,,-,1152,RAY$,鳥取県,1595,UMEKO,鳥取県,2118,59SO2,鳥取県,0,,-
6th style,Take It Easy,0,,-,1109,HIKARI,鳥取県,2200,Y.Y,鳥取県,2473,31KING,鳥取県,0,,-
6th style,Summer Vacation(CU mix),0,,-,768,YAMI,鳥取県,1652,Y.Y,鳥取県,0,,-,0,,-
6th style,SOMETHING WONDERFUL,0,,-,0,,-,1179,34PONY,鳥取県,1915,53KING,鳥取県,0,,-
6th style,route 80s,0,,-,0,,-,0,,-,1318,TE0,鳥取県,0,,-
6th style,rottel-da-sun,0,,-,0,,-,1247,34PONY,鳥取県,1710,SALOON,鳥取県,0,,-
6th style,NEMESIS,0,,-,267,JOSH96,鳥取県,964,NWA,鳥取県,1775,53KING,鳥取県,0,,-
6th style,Linus,0,,-,0,,-,1345,SIGRIN,鳥取県,2123,31KING,鳥取県,0,,-
6th style,G2,0,,-,1134,34PONY,鳥取県,1298,IGO,鳥取県,2004,B,鳥取県,0,,-
6th style,Frozen Ray (original mix),0,,-,0,,-,1658,LIGHT,鳥取県,1770,31KING,鳥取県,0,,-
6th style,Free Style,0,,-,0,,-,761,HIKARI,鳥取県,1229,53KING,鳥取県,0,,-
6th style,fly through the night,0,,-,840,RAY$,鳥取県,0,,-,1616,53KING,鳥取県,0,,-
6th style,DIVE ～INTO YOUR HEART～,0,,-,1000,GIGLIO,鳥取県,1662,NKO,鳥取県,2039,#MA3#,鳥取県,0,,-
6th style,Colors (radio edit),0,,-,0,,-,1803,NAMI,鳥取県,2358,#MA3#,鳥取県,0,,-
6th style,Buffalo,0,,-,0,,-,0,,-,1753,31KING,鳥取県,0,,-
6th style,Blueberry Stream,0,,-,268,AAA,鳥取県,741,JAEIL,鳥取県,1588,31KING,鳥取県,0,,-
6th style,BALLAD FOR YOU～想いの雨～,0,,-,472,EX.,鳥取県,712,B-L,鳥取県,1072,VIOLA.,鳥取県,0,,-
6th style,"19,November",0,,-,721,JOEEEE,鳥取県,0,,-,1702,53KING,鳥取県,0,,-
7th style,革命,0,,-,686,RAY$,鳥取県,1782,SOYJOY,鳥取県,2198,53KING,鳥取県,0,,-
7th style,ZERO-ONE,0,,-,807,HIKARI,鳥取県,1487,RAY$,鳥取県,2219,VIOLA.,鳥取県,0,,-
7th style,traces,0,,-,0,,-,1738,34PONY,鳥取県,2120,VIOLA.,鳥取県,0,,-
7th style,Tomorrow Perfume,0,,-,0,,-,1725,Y.Y,鳥取県,2063,DEBU**,鳥取県,0,,-
7th style,stoic,0,,-,1145,POOH,鳥取県,2032,Y.Y,鳥取県,2474,#MA3#,鳥取県,0,,-
7th style,Spica,0,,-,621,RAY$,鳥取県,1274,BON,鳥取県,2114,31KING,鳥取県,0,,-
7th style,Love Me Do,0,,-,0,,-,1468,HIKARI,鳥取県,2084,31KING,鳥取県,0,,-
7th style,Let the Snow Paint Me,0,,-,816,RAY$,鳥取県,428,SHO,鳥取県,1220,53KING,鳥取県,0,,-
7th style,Last Message,0,,-,688,JOEEEE,鳥取県,1014,POOH,鳥取県,1590,VIOLA.,鳥取県,0,,-
7th style,Happy Wedding,0,,-,0,,-,1558,KOKECY,鳥取県,1784,59SO2,鳥取県,0,,-
7th style,Glorious Days,0,,-,250,GORO56,鳥取県,0,,-,881,31KING,鳥取県,0,,-
7th style,foreplay,0,,-,655,RAY$,鳥取県,0,,-,1248,KARIN.,鳥取県,0,,-
7th style,DESTINY,0,,-,939,HIKARI,鳥取県,1044,POOH,鳥取県,1812,931,鳥取県,0,,-
7th style,D2R,0,,-,867,RAY$,鳥取県,903,POOH,鳥取県,1590,UMEKOO,鳥取県,0,,-
7th style,Cheer Train,0,,-,0,,-,0,,-,1668,DEBU**,鳥取県,0,,-
7th style,Burning Heat! (Full Option Mix),0,,-,477,UWU$,鳥取県,664,GIGLIO,鳥取県,1220,BON,鳥取県,0,,-
7th style,Bad Routine,0,,-,335,AAA,鳥取県,1147,2-MAS*,鳥取県,1874,53KING,鳥取県,0,,-
7th style,AVE DE RAPINA,0,,-,0,,-,868,MAYO,鳥取県,1732,59SO2,鳥取県,0,,-
7th style,A,0,,-,0,,-,1878,NKO,鳥取県,2408,#MA3#,鳥取県,0,,-
8th style,蒼い衝動,0,,-,0,,-,1327,UMEKOO,鳥取県,1581,VIOLA.,鳥取県,0,,-
8th style,桜,0,,-,877,BON,鳥取県,1339,RANKOU,鳥取県,2013,#MA3#,鳥取県,0,,-
8th style,xenon,0,,-,0,,-,1124,RANK00,鳥取県,2697,#MA3#,鳥取県,0,,-
8th style,World Wide Love,0,,-,0,,-,828,DANI,鳥取県,1115,VIOLA.,鳥取県,0,,-
8th style,WAR GAME,0,,-,940,RAY$,鳥取県,1238,RANK00,鳥取県,2135,#MA3#,鳥取県,0,,-
8th style,thunder,0,,-,935,HIKARI,鳥取県,1296,HIKARI,鳥取県,1809,3UTHER,鳥取県,0,,-
8th style,symbolic,0,,-,1070,2-MAS*,鳥取県,1732,Y.Y,鳥取県,2172,59SO2,鳥取県,0,,-
8th style,STAR DREAM,0,,-,0,,-,0,,-,1427,VIOLA.,鳥取県,0,,-
8th style,rainbow flyer,0,,-,774,34PONY,鳥取県,1169,NWA,鳥取県,2088,#MA3#,鳥取県,0,,-
8th style,PLEASE DON'T GO,0,,-,0,,-,1172,NAMI,鳥取県,2346,DEBU**,鳥取県,0,,-
8th style,MUSIC TO YOUR HEAD,0,,-,790,RAY$,鳥取県,1269,BON,鳥取県,1569,KOKECY,鳥取県,0,,-
8th style,murmur twins,0,,-,0,,-,1426,RAY$,鳥取県,2348,#MA3#,鳥取県,0,,-
8th style,Monkey Dance,0,,-,405,AOI,鳥取県,1026,K08,鳥取県,1904,SOYJOY,鳥取県,0,,-
8th style,memories,0,,-,890,GIGLIO,鳥取県,1911,Y.Y,鳥取県,2155,3UTHER,鳥取県,0,,-
8th style,Luv 2 Feel Your Body,0,,-,782,RAY$,鳥取県,614,YAMI,鳥取県,1519,53KING,鳥取県,0,,-
8th style,LOVE IS ORANGE,0,,-,766,RAY$,鳥取県,959,KOITSU,鳥取県,1787,VIOLA.,鳥取県,0,,-
8th style,LAB,0,,-,705,HINATI,鳥取県,1785,34PONY,鳥取県,1923,KOKECY,鳥取県,0,,-
8th style,HYPER BOUNDARY GATE,0,,-,982,DONNMA,鳥取県,1756,KI9TU2,鳥取県,2016,Y.Y,鳥取県,0,,-
8th style,Halfway of promise,0,,-,0,,-,1329,RAY$,鳥取県,1803,#MA3#,鳥取県,0,,-
8th style,Giudecca,0,,-,869,RAY$,鳥取県,1922,931,鳥取県,2571,59SO2,鳥取県,0,,-
8th style,dual control,0,,-,0,,-,505,HIKARI,鳥取県,1608,NAMI,鳥取県,0,,-
8th style,Colors -Y&Co. Eurobeat Remix-,0,,-,436,AAA,鳥取県,1601,NWA,鳥取県,2168,VIOLA.,鳥取県,0,,-
8th style,CELEBRATE NITE,0,,-,297,AAA,鳥取県,770,JAEIL,鳥取県,1391,VIOLA.,鳥取県,0,,-
8th style,Blame,0,,-,0,,-,0,,-,1901,#MA3#,鳥取県,0,,-
8th style,bit mania,0,,-,0,,-,1210,B-L,鳥取県,1857,#MA3#,鳥取県,0,,-
8th style,Attitude,0,,-,320,AAA,鳥取県,1361,931,鳥取県,1727,#MA3#,鳥取県,0,,-
8th style,ALL RIGHT,0,,-,311,AAA,鳥取県,981,POOH,鳥取県,1532,53KING,鳥取県,0,,-
8th style,airflow,0,,-,291,TIETS,鳥取県,558,SIKAGO,鳥取県,1408,VIOLA.,鳥取県,0,,-
8th style,abstract,0,,-,0,,-,1306,PIOJO,鳥取県,1842,#MA3#,鳥取県,0,,-
9th style,真夏の花・真夏の夢,0,,-,800,RAY$,鳥取県,990,HIKARI,鳥取県,1414,3UTHER,鳥取県,0,,-
9th style,ライオン好き,0,,-,295,GORO56,鳥取県,1177,931,鳥取県,1475,53KING,鳥取県,0,,-
9th style,SWEETEST SAVAGE,0,,-,615,RAY$,鳥取県,1128,BON,鳥取県,1783,DEBU**,鳥取県,0,,-
9th style,Sweet Sweet Magic,0,,-,948,RAY$,鳥取県,1422,RAY$,鳥取県,2033,VIOLA.,鳥取県,0,,-
9th style,STAR FIELD,0,,-,0,,-,1162,MIDI,鳥取県,1875,VIOLA.,鳥取県,0,,-
9th style,SNOW,0,,-,0,,-,0,,-,1954,59SO2,鳥取県,0,,-
9th style,Silvia Drive,0,,-,805,RAY$,鳥取県,1332,B-L,鳥取県,1926,RANKOU,鳥取県,0,,-
9th style,rottel-the-Mercury,0,,-,833,HIKARI,鳥取県,1767,SHADE,鳥取県,2249,31KING,鳥取県,0,,-
9th style,RISLIM -Remix-,0,,-,758,RAY$,鳥取県,751,RANK00,鳥取県,1765,IHM.RV,鳥取県,0,,-
9th style,Really Love,0,,-,614,RAY$,鳥取県,902,B-L,鳥取県,1683,#MA3#,鳥取県,0,,-
9th style,Quickening,0,,-,522,JOEEEE,鳥取県,1560,RAY$,鳥取県,2009,MY*STR,鳥取県,0,,-
9th style,quasar,0,,-,0,,-,1650,LIGHT,鳥取県,2283,VIOLA.,鳥取県,0,,-
9th style,one or eight,0,,-,1025,HIKARI,鳥取県,1823,31KING,鳥取県,2206,VIOLA.,鳥取県,0,,-
9th style,moon_child,0,,-,842,RANK00,鳥取県,1769,NAMI,鳥取県,2479,#MA3#,鳥取県,0,,-
9th style,MARIA (I believe... ),0,,-,0,,-,1356,TIARA,鳥取県,1929,#MA3#,鳥取県,0,,-
9th style,Make A Difference,0,,-,0,,-,1325,MEI,鳥取県,2018,NAMI,鳥取県,0,,-
9th style,lower world,0,,-,435,K,鳥取県,1132,POOH,鳥取県,2191,VIOLA.,鳥取県,0,,-
9th style,LOVE SHINE,328,H.T,鳥取県,747,POOH,鳥取県,1752,RAY$,鳥取県,2063,#MA3#,鳥取県,0,,-
9th style,lights,0,,-,0,,-,1310,RAY$,鳥取県,1681,SOYJOY,鳥取県,0,,-
9th style,Let The Snow Paint Me -Y&Co. Remix-,0,,-,0,,-,0,,-,1768,DEBU**,鳥取県,0,,-
9th style,Karma,0,,-,856,YAMI,鳥取県,1602,UMEKOO,鳥取県,1774,31KING,鳥取県,0,,-
9th style,I Was The One (80's EUROBEAT STYLE),0,,-,596,8I,鳥取県,1256,BON,鳥取県,1393,59SO2,鳥取県,0,,-
9th style,HYPER EUROBEAT (2DX style),0,,-,895,*YUKI*,鳥取県,1140,POOH,鳥取県,1869,59SO2,鳥取県,0,,-
9th style,Golden Horn,0,,-,0,,-,1159,Y.Y,鳥取県,1332,Y.Y,鳥取県,0,,-
9th style,e-motion 2003  -romantic extra-,0,,-,886,HIKARI,鳥取県,1162,RANK00,鳥取県,1972,VIOLA.,鳥取県,0,,-
9th style,Distress,0,,-,1034,RANK00,鳥取県,1767,31KING,鳥取県,0,,-,0,,-
9th style,Cradle,0,,-,0,,-,1002,PUYO-M,鳥取県,1551,UMEKOO,鳥取県,0,,-
9th style,BRIGHTNESS DARKNESS,0,,-,613,UWU$,鳥取県,1016,POOH,鳥取県,1702,53KING,鳥取県,0,,-
9th style,bag,0,,-,0,,-,1053,B-L,鳥取県,1876,31KING,鳥取県,0,,-
9th style,BAD BOY BASS!! (dj Remo-con MIX),0,,-,888,RAY$,鳥取県,1125,POOH,鳥取県,1758,53KING,鳥取県,0,,-
9th style,ATOMIC AGE,0,,-,0,,-,0,,-,1263,#MA3#,鳥取県,0,,-
9th style,ACT,0,,-,0,,-,1413,MEI,鳥取県,1714,NAMI,鳥取県,0,,-
9th style,Abyss -The Heavens Remix-,344,S,鳥取県,1089,POOH,鳥取県,1767,ICE.S,鳥取県,2329,#MA3#,鳥取県,0,,-
10th style,雪月花,0,,-,825,JAEIL,鳥取県,1854,#MA3#,鳥取県,2465,VIOLA.,鳥取県,0,,-
10th style,システムロマンス,0,,-,0,,-,1608,RAY$,鳥取県,1953,RANKOU,鳥取県,0,,-
10th style,SPACE FIGHT,0,,-,371,GORO56,鳥取県,1303,34PONY,鳥取県,2217,59SO2,鳥取県,0,,-
10th style,SHOOTING STAR,0,,-,0,,-,1632,931,鳥取県,2227,#MA3#,鳥取県,0,,-
10th style,Rise'n Beauty,0,,-,935,GIGLIO,鳥取県,1120,RANK00,鳥取県,2150,#MA3#,鳥取県,0,,-
10th style,rainbow rainbow,0,,-,1054,HIKARI,鳥取県,2243,31KING,鳥取県,2692,#MA3#,鳥取県,0,,-
10th style,pandora,0,,-,0,,-,1175,POOH,鳥取県,1829,VIOLA.,鳥取県,0,,-
10th style,One More Lovely,0,,-,0,,-,1540,Y.Y,鳥取県,2785,VIOLA.,鳥取県,0,,-
10th style,No.13,0,,-,1133,RANK00,鳥取県,2577,31KING,鳥取県,3123,VIOLA.,鳥取県,0,,-
10th style,Narcissus At Oasis,0,,-,286,AAA,鳥取県,1544,31KING,鳥取県,1628,#MA3#,鳥取県,0,,-
10th style,Lucy,0,,-,919,RAY$,鳥取県,1612,34PONY,鳥取県,2278,#MA3#,鳥取県,0,,-
10th style,Love Is Eternity,0,,-,0,,-,1712,MEI,鳥取県,2355,59SO2,鳥取県,0,,-
10th style,Innocent Walls,0,,-,1111,HIKARI,鳥取県,2389,#MA3#,鳥取県,2689,#MA3#,鳥取県,0,,-
10th style,HIGH,0,,-,356,AAA,鳥取県,1569,IGO,鳥取県,2071,NAMI,鳥取県,0,,-
10th style,GRADIUS -FULL SPEED-,0,,-,690,RAY$,鳥取県,1042,Y.Y,鳥取県,1943,UMEKOO,鳥取県,0,,-
10th style,GHOST REVIVAL,0,,-,701,HIKARI,鳥取県,1691,RAY$,鳥取県,2347,RANKOU,鳥取県,0,,-
10th style,Freezing atmosphere,0,,-,767,RAY$,鳥取県,1067,34PONY,鳥取県,1420,53KING,鳥取県,0,,-
10th style,FEEL IT,0,,-,0,,-,1305,HANS-D,鳥取県,1892,IHM.RV,鳥取県,0,,-
10th style,Feedback,0,,-,0,,-,1378,SIGRIN,鳥取県,1891,*PIEN*,鳥取県,0,,-
10th style,EXE,0,,-,321,AAA,鳥取県,1515,RYO.,鳥取県,2238,#MA3#,鳥取県,0,,-
10th style,DoLL,266,H.T,鳥取県,839,HIKARI,鳥取県,1024,*YUKI*,鳥取県,1613,#MA3#,鳥取県,0,,-
10th style,desolation,0,,-,0,,-,0,,-,708,QVM*,鳥取県,0,,-
10th style,Debtty Daddy,0,,-,0,,-,1528,KAME,鳥取県,2640,#MA3#,鳥取県,0,,-
10th style,Daisuke,339,GORO56,鳥取県,1042,JAEIL,鳥取県,1543,RAY$,鳥取県,2374,VIOLA.,鳥取県,0,,-
10th style,CARRY ON NIGHT (English version),0,,-,381,AOI,鳥取県,1218,RAY$,鳥取県,1991,53KING,鳥取県,0,,-
10th style,Boundary,0,,-,363,AAA,鳥取県,1749,Y.Y,鳥取県,1927,NAMI,鳥取県,0,,-
10th style,Back Into The Light,0,,-,830,GIGLIO,鳥取県,1295,HIKARI,鳥取県,2150,VIOLA.,鳥取県,0,,-
10th style,BABY LOVE,0,,-,0,,-,1535,RAY$,鳥取県,2127,#MA3#,鳥取県,0,,-
10th style,ASTRAL VOYAGE,0,,-,377,AAA,鳥取県,675,UWU$,鳥取県,1846,53KING,鳥取県,0,,-
10th style,ALIEN TEMPLE,0,,-,695,YAMI,鳥取県,1616,UMEKOO,鳥取県,1982,59SO2,鳥取県,0,,-
10th style,1st Samurai,0,,-,1043,34PONY,鳥取県,1657,Y.Y,鳥取県,2614,#MA3#,鳥取県,0,,-
IIDX RED,ＵＬＴｉＭΛＴＥ,0,,-,843,*YUKI*,鳥取県,1232,POOH,鳥取県,1981,VIOLA.,鳥取県,0,,-
IIDX RED,太陽～T・A・I・Y・O～,0,,-,453,ZERO,鳥取県,1253,RAY$,鳥取県,1690,53KING,鳥取県,0,,-
IIDX RED,大桟橋,0,,-,337,GIGLIO,鳥取県,0,,-,1722,NAMI,鳥取県,0,,-
IIDX RED,ピアノ協奏曲第１番”蠍火”,0,,-,709,GIGLIO,鳥取県,2041,31KING,鳥取県,2606,#MA3#,鳥取県,0,,-
IIDX RED,Wonder Bullfighter,0,,-,0,,-,0,,-,1933,VIOLA.,鳥取県,0,,-
IIDX RED,The Hope of Tomorrow,0,,-,0,,-,1142,POOH,鳥取県,1895,53KING,鳥取県,0,,-
IIDX RED,spiral galaxy,0,,-,0,,-,1956,T,鳥取県,2560,#MA3#,鳥取県,3701,#MA3#,鳥取県
IIDX RED,Sphere,0,,-,0,,-,1623,DONNMA,鳥取県,2140,#MA3#,鳥取県,0,,-
IIDX RED,SPEEDY CAT,0,,-,1072,RAY$,鳥取県,1556,LIGHT,鳥取県,2010,#MA3#,鳥取県,0,,-
IIDX RED,Secret of Love,0,,-,0,,-,1102,BURNES,鳥取県,2006,#MA3#,鳥取県,0,,-
IIDX RED,RESONATE 1794,0,,-,881,RAY$,鳥取県,1406,31KING,鳥取県,1834,#MA3#,鳥取県,0,,-
IIDX RED,RED ZONE,158,X-RAY,鳥取県,735,N-BEAN,鳥取県,1660,ES,鳥取県,2307,#MA3#,鳥取県,3062,VIOLA.,鳥取県
IIDX RED,Raspberry Heart(English version),0,,-,879,HIKARI,鳥取県,1314,NWA,鳥取県,1828,59SO2,鳥取県,0,,-
IIDX RED,NEBULA GRASPER,0,,-,1302,OWO,鳥取県,1548,SANTAK,鳥取県,2422,59SO2,鳥取県,0,,-
IIDX RED,KEY,0,,-,0,,-,1220,AAAAAA,鳥取県,2844,VIOLA.,鳥取県,0,,-
IIDX RED,HORIZON,0,,-,0,,-,1313,POOH,鳥取県,1921,53KING,鳥取県,0,,-
IIDX RED,gigadelic,472,S,鳥取県,1194,R*KYUN,鳥取県,2107,DEBU**,鳥取県,2436,DEBU**,鳥取県,0,,-
IIDX RED,GENOCIDE,0,,-,843,GIGLIO,鳥取県,1892,SALOON,鳥取県,2354,VIOLA.,鳥取県,0,,-
IIDX RED,Fly Away To India,0,,-,288,TIETS,鳥取県,920,HIKARI,鳥取県,1342,53KING,鳥取県,0,,-
IIDX RED,FAKE TIME,0,,-,869,RAY$,鳥取県,1710,31KING,鳥取県,2289,#MA3#,鳥取県,0,,-
IIDX RED,earth scape,0,,-,0,,-,0,,-,1279,UMEKOO,鳥取県,0,,-
IIDX RED,Don't be afraid myself,0,,-,1015,RAY$,鳥取県,1276,2-MAS*,鳥取県,2281,VIOLA.,鳥取県,0,,-
IIDX RED,D.A.N.C.E.!,0,,-,408,SIBA,鳥取県,766,B-L,鳥取県,1561,#MA3#,鳥取県,0,,-
IIDX RED,Close my Eyes for Me,0,,-,0,,-,0,,-,1719,#MA3#,鳥取県,0,,-
IIDX RED,Click Again,0,,-,293,AAA,鳥取県,1320,34PONY,鳥取県,2050,#MA3#,鳥取県,0,,-
IIDX RED,BREATH,0,,-,558,YURUI,鳥取県,1123,34PONY,鳥取県,1701,59SO2,鳥取県,0,,-
IIDX RED,BLOCKS,0,,-,0,,-,799,RANK00,鳥取県,1932,#MA3#,鳥取県,0,,-
IIDX RED,Be quiet,0,,-,589,MAIAN,鳥取県,1622,LIGHT,鳥取県,2175,59SO2,鳥取県,0,,-
IIDX RED,awakening,0,,-,0,,-,1114,RANK00,鳥取県,1662,#MA3#,鳥取県,0,,-
IIDX RED,ANDROMEDA,0,,-,974,RAY$,鳥取県,1376,POOH,鳥取県,2846,VIOLA.,鳥取県,0,,-
IIDX RED,AGEHA,442,S,鳥取県,851,O10NA4,鳥取県,1565,RAY$,鳥取県,1867,#MA3#,鳥取県,0,,-
IIDX RED,AA,0,,-,753,96NEKO,鳥取県,2651,31KING,鳥取県,3593,VIOLA.,鳥取県,0,,-
HAPPY SKY,月光,0,,-,0,,-,1733,931,鳥取県,2417,VIOLA.,鳥取県,0,,-
HAPPY SKY,合体せよ！ストロングイェーガー！！ (Ryu☆ remix),0,,-,963,HIKARI,鳥取県,1442,RAY$,鳥取県,1827,53KING,鳥取県,0,,-
HAPPY SKY,冥,450,DANI,鳥取県,852,OYATSU,鳥取県,2041,UMEKOO,鳥取県,3665,VIOLA.,鳥取県,0,,-
HAPPY SKY,ラクエン,0,,-,648,RAY$,鳥取県,724,34PONY,鳥取県,1946,#MA3#,鳥取県,0,,-
HAPPY SKY,ヒマワリ,0,,-,364,AAAAAA,鳥取県,1710,BON,鳥取県,1974,VRUMI7,鳥取県,0,,-
HAPPY SKY,オレはビートマニア！お前は何マニア？,0,,-,653,HIKARI,鳥取県,1391,LIGHT,鳥取県,1672,DEBU**,鳥取県,0,,-
HAPPY SKY,Xepher,286,3J,鳥取県,824,UWU$,鳥取県,1936,Y.Y,鳥取県,2958,VIOLA.,鳥取県,0,,-
HAPPY SKY,We are Disっ娘よっつ打ち命,0,,-,0,,-,0,,-,1660,59SO2,鳥取県,0,,-
HAPPY SKY,Votum stellarum,0,,-,778,RAY$,鳥取県,978,NAKA.,鳥取県,1942,31KING,鳥取県,0,,-
HAPPY SKY,vault of heaven,0,,-,0,,-,1291,RAY$,鳥取県,1969,#MA3#,鳥取県,0,,-
HAPPY SKY,Under the Sky,0,,-,0,,-,1231,POOH,鳥取県,1726,#MA3#,鳥取県,0,,-
HAPPY SKY,Twelfth Style,0,,-,1015,*YUKI*,鳥取県,1129,*YUKI*,鳥取県,1970,53KING,鳥取県,3132,#MA3#,鳥取県
HAPPY SKY,Tizona d'El Cid,0,,-,798,GIGLIO,鳥取県,1393,KMY,鳥取県,2286,VIOLA.,鳥取県,0,,-
HAPPY SKY,SigSig,378,MOOTY,鳥取県,779,SIBA,鳥取県,1325,AAAAAA,鳥取県,2560,UMEKOO,鳥取県,0,,-
HAPPY SKY,Scripted Connection⇒ N mix,0,,-,1064,HIKARI,鳥取県,1564,SOYJOY,鳥取県,2067,59SO2,鳥取県,0,,-
HAPPY SKY,Scripted Connection⇒ H mix,0,,-,1035,MAIAN,鳥取県,1801,SALOON,鳥取県,2371,31KING,鳥取県,0,,-
HAPPY SKY,Scripted Connection⇒ A mix,0,,-,0,,-,2028,RYO.,鳥取県,3019,#MA3#,鳥取県,0,,-
HAPPY SKY,SCREAM SQUAD,0,,-,976,HIKARI,鳥取県,1641,31KING,鳥取県,2011,VIOLA.,鳥取県,0,,-
HAPPY SKY,rage against usual,0,,-,969,RANK00,鳥取県,1999,31KING,鳥取県,2778,VIOLA.,鳥取県,0,,-
HAPPY SKY,POODLE,0,,-,713,SIBA,鳥取県,1572,RANK00,鳥取県,2269,59SO2,鳥取県,3262,*PIEN*,鳥取県
HAPPY SKY,Pollinosis,0,,-,751,RAY$,鳥取県,555,PEPPER,鳥取県,2478,VIOLA.,鳥取県,0,,-
HAPPY SKY,PLASMA,0,,-,434,AAA,鳥取県,1496,DONNMA,鳥取県,2270,#MA3#,鳥取県,0,,-
HAPPY SKY,Pink Rose,0,,-,455,AAAAAA,鳥取県,832,POOH,鳥取県,1393,#MA3#,鳥取県,0,,-
HAPPY SKY,MOON RACE,0,,-,573,YAMI,鳥取県,871,HIKARI,鳥取県,1829,#MA3#,鳥取県,0,,-
HAPPY SKY,Love Magic,0,,-,0,,-,1261,NWA,鳥取県,1835,RANKOU,鳥取県,0,,-
HAPPY SKY,Little Little Princess,0,,-,0,,-,2186,31KING,鳥取県,2708,31KING,鳥取県,3682,#MA3#,鳥取県
HAPPY SKY,LESSON 5,0,,-,0,,-,1497,SANTAK,鳥取県,2458,59SO2,鳥取県,0,,-
HAPPY SKY,INAZUMA,0,,-,0,,-,1398,DONNMA,鳥取県,2671,#MA3#,鳥取県,0,,-
HAPPY SKY,in motion,0,,-,273,AAA,鳥取県,0,,-,1302,VIOLA.,鳥取県,0,,-
HAPPY SKY,I am,0,,-,544,SIBA,鳥取県,1603,Y.Y,鳥取県,2031,SALOON,鳥取県,0,,-
HAPPY SKY,HAPPY☆ANGEL,478,GORO56,鳥取県,1031,RAY$,鳥取県,1473,RAY$,鳥取県,2063,#MA3#,鳥取県,0,,-
HAPPY SKY,Get'em up to R.A.V.E,0,,-,0,,-,1302,POOH,鳥取県,2162,02,鳥取県,0,,-
HAPPY SKY,garden,0,,-,0,,-,1396,KOITSU,鳥取県,2105,#MA3#,鳥取県,0,,-
HAPPY SKY,First Resolution,0,,-,794,Y.Y,鳥取県,1151,POOH,鳥取県,2131,VIOLA.,鳥取県,0,,-
HAPPY SKY,EMPTY OF THE SKY,0,,-,301,TIETS,鳥取県,915,HIKARI,鳥取県,1673,#MA3#,鳥取県,0,,-
HAPPY SKY,EDEN,0,,-,946,SIBA,鳥取県,1884,53KING,鳥取県,2709,VIOLA.,鳥取県,0,,-
HAPPY SKY,double thrash,0,,-,777,DANI,鳥取県,2043,31KING,鳥取県,2209,3UTHER,鳥取県,0,,-
HAPPY SKY,Catch Me,0,,-,306,AAA,鳥取県,1043,34PONY,鳥取県,1751,#MA3#,鳥取県,0,,-
HAPPY SKY,CaptivAte～浄化～,0,,-,0,,-,1509,SIN#,鳥取県,2437,#MA3#,鳥取県,0,,-
HAPPY SKY,Aurora,0,,-,1110,HIKARI,鳥取県,1955,LIGHT,鳥取県,2483,VIOLA.,鳥取県,0,,-
HAPPY SKY,alla turca con passione,0,,-,363,AAA,鳥取県,1226,POOH,鳥取県,2165,#MA3#,鳥取県,0,,-
HAPPY SKY,Agnus Dei,0,,-,0,,-,1346,SANTAK,鳥取県,2056,#MA3#,鳥取県,0,,-
HAPPY SKY,100％ minimoo-G,0,,-,0,,-,1480,Y.Y,鳥取県,1631,31KING,鳥取県,0,,-
DistorteD,虹色,0,,-,614,ZERO,鳥取県,1424,RAY$,鳥取県,1799,RANKOU,鳥取県,0,,-
DistorteD,華蝶風雪,0,,-,1089,HIKARI,鳥取県,2092,31KING,鳥取県,2966,VIOLA.,鳥取県,0,,-
DistorteD,罠,0,,-,522,HIKARI,鳥取県,1404,OWO,鳥取県,2447,VIOLA.,鳥取県,0,,-
DistorteD,嘆きの樹,0,,-,1547,RANK00,鳥取県,2437,31KING,鳥取県,3801,VIOLA.,鳥取県,0,,-
DistorteD,タシカナモノ,0,,-,879,RAY$,鳥取県,1195,*YUKI*,鳥取県,2033,VIOLA.,鳥取県,0,,-
DistorteD,カゴノトリ～弐式～,0,,-,0,,-,1631,MLP-RD,鳥取県,2600,VIOLA.,鳥取県,0,,-
DistorteD,Zenius -I- vanisher,0,,-,925,RAY$,鳥取県,1324,*YUKI*,鳥取県,2391,VIOLA.,鳥取県,0,,-
DistorteD,with you…,0,,-,731,RAY$,鳥取県,643,JAEIL,鳥取県,1756,VIOLA.,鳥取県,0,,-
DistorteD,WISH(EUROBEAT MIX),0,,-,506,ZERO,鳥取県,1390,NKO,鳥取県,1938,VIOLA.,鳥取県,0,,-
DistorteD,Why did you go away,268,TIETS,鳥取県,0,,-,1648,34PONY,鳥取県,2291,#MA3#,鳥取県,0,,-
DistorteD,waxing and wanding,0,,-,1160,HIKARI,鳥取県,1967,31KING,鳥取県,2847,VIOLA.,鳥取県,3870,#MA3#,鳥取県
DistorteD,TYPE MARS(G-Style Mix),0,,-,929,GIGLIO,鳥取県,1714,SALOON,鳥取県,2302,59SO2,鳥取県,0,,-
DistorteD,tripping contact(teranoid&MC Natsack Remix),0,,-,0,,-,1761,DONNMA,鳥取県,2380,31KING,鳥取県,0,,-
DistorteD,This is Love,0,,-,914,RAY$,鳥取県,1515,NWA,鳥取県,2456,#MA3#,鳥取県,0,,-
DistorteD,The Dirty of Loudness,0,,-,1218,KMY,鳥取県,2167,31KING,鳥取県,2502,*PIEN*,鳥取県,0,,-
DistorteD,Sun Field,0,,-,0,,-,1502,931,鳥取県,2391,#MA3#,鳥取県,0,,-
DistorteD,So Fabulous !!,0,,-,905,HIKARI,鳥取県,1464,RAY$,鳥取県,2310,VIOLA.,鳥取県,0,,-
DistorteD,Power of Love,0,,-,0,,-,1542,OWO,鳥取県,2059,31KING,鳥取県,0,,-
DistorteD,MOON,0,,-,0,,-,1846,RAY$,鳥取県,2186,59SO2,鳥取県,0,,-
DistorteD,MINT,0,,-,0,,-,1784,31KING,鳥取県,2288,VIOLA.,鳥取県,0,,-
DistorteD,Melody Life,0,,-,387,AAA,鳥取県,0,,-,1617,MORS,鳥取県,0,,-
DistorteD,Leaving...,0,,-,728,RAY$,鳥取県,1178,NWA,鳥取県,2158,59SO2,鳥取県,0,,-
DistorteD,INFERNO,0,,-,0,,-,1246,*YUKI*,鳥取県,1872,53KING,鳥取県,0,,-
DistorteD,Heavenly Sun (IIDX VERSION),0,,-,774,RAY$,鳥取県,1552,53KING,鳥取県,2092,VIOLA.,鳥取県,0,,-
DistorteD,Harmony and Lovely,0,,-,870,RAY$,鳥取県,1606,RAY$,鳥取県,2224,VIOLA.,鳥取県,0,,-
DistorteD,Ganymede,0,,-,0,,-,1656,31KING,鳥取県,2229,#MA3#,鳥取県,0,,-
DistorteD,EURO-ROMANCE,0,,-,721,JAEIL,鳥取県,1416,RANK00,鳥取県,2093,VIOLA.,鳥取県,0,,-
DistorteD,DUE TOMORROW,0,,-,0,,-,1442,#MA3#,鳥取県,1864,#MA3#,鳥取県,0,,-
DistorteD,Double Loving Heart,0,,-,328,GORO56,鳥取県,1249,OWO,鳥取県,1765,53KING,鳥取県,0,,-
DistorteD,D.C.fish,0,,-,422,AAA,鳥取県,1869,ARU,鳥取県,2329,#MA3#,鳥取県,0,,-
DistorteD,CONTRACT,0,,-,821,PUYO-M,鳥取県,1660,31KING,鳥取県,2027,#MA3#,鳥取県,2708,VIOLA.,鳥取県
DistorteD,Concertino in Blue,274,DARCY,鳥取県,474,LUNACO,鳥取県,1658,31KING,鳥取県,2392,#MA3#,鳥取県,0,,-
DistorteD,Broadbanded,0,,-,580,SIBA,鳥取県,1068,POOH,鳥取県,1974,VIOLA.,鳥取県,0,,-
DistorteD,BOOM BOOM DISCO NIGHT,0,,-,0,,-,1274,RANK00,鳥取県,2210,#MA3#,鳥取県,0,,-
DistorteD,Bloody Tears(IIDX EDITION),0,,-,966,HIKARI,鳥取県,1811,RAY$,鳥取県,2152,VIOLA.,鳥取県,0,,-
DistorteD,BALLAD THE FEATHERS,0,,-,299,AAA,鳥取県,538,HOLY,鳥取県,1447,53KING,鳥取県,0,,-
DistorteD,Apocalypse ～dirge of swans～,216,Y.,鳥取県,695,GIGLIO,鳥取県,1506,34PONY,鳥取県,2369,#MA3#,鳥取県,0,,-
DistorteD,ALFARSHEAR 双神威に廻る夢,196,KINOPI,鳥取県,844,ARU,鳥取県,1269,POOH,鳥取県,2055,#MA3#,鳥取県,0,,-
GOLD,電人、暁に斃れる。,295,EVOL,鳥取県,1110,HIKARI,鳥取県,2089,Y.Y,鳥取県,3301,#MA3#,鳥取県,0,,-
GOLD,零 - ZERO -,139,GORO56,鳥取県,1099,RAY$,鳥取県,1732,Y.Y,鳥取県,2297,#MA3#,鳥取県,0,,-
GOLD,花吹雪 ～ IIDX LIMITED ～,0,,-,452,AOI,鳥取県,744,MAIAN,鳥取県,1420,VIOLA.,鳥取県,0,,-
GOLD,星をこの手に,0,,-,1020,*YUKI*,鳥取県,1341,HPF,鳥取県,2134,59SO2,鳥取県,0,,-
GOLD,リグレット,0,,-,1059,JAEIL,鳥取県,1709,931,鳥取県,2402,#MA3#,鳥取県,0,,-
GOLD,ヨシダさん,0,,-,0,,-,1286,NWA,鳥取県,1955,#MA3#,鳥取県,0,,-
GOLD,クルクル☆ラブ～Opioid Peptide MIX～,274,DANI,鳥取県,922,RAY$,鳥取県,1465,931,鳥取県,2169,02,鳥取県,0,,-
GOLD,With your Smile,0,,-,710,RAY$,鳥取県,709,PEPPER,鳥取県,1558,VIOLA.,鳥取県,0,,-
GOLD,Watch out!!,0,,-,703,RAY$,鳥取県,923,RAY$,鳥取県,1516,DEBU**,鳥取県,0,,-
GOLD,VANESSA,0,,-,812,RANK00,鳥取県,1733,31KING,鳥取県,2389,DEBU**,鳥取県,3264,VIOLA.,鳥取県
GOLD,TRANOID,0,,-,0,,-,1344,MLP-RD,鳥取県,2082,UMEKOO,鳥取県,0,,-
GOLD,The Smile of You,0,,-,460,GORO56,鳥取県,1166,POOH,鳥取県,1619,VIOLA.,鳥取県,0,,-
GOLD,the shadow,0,,-,1083,HIKARI,鳥取県,1335,RANK00,鳥取県,2879,VIOLA.,鳥取県,0,,-
GOLD,snow storm,179,H.T,鳥取県,776,RAY$,鳥取県,2161,ES,鳥取県,2754,59SO2,鳥取県,3314,VIOLA.,鳥取県
GOLD,smile,0,,-,1336,HIKARI,鳥取県,2018,31KING,鳥取県,2780,31KING,鳥取県,0,,-
GOLD,Sense 2007,0,,-,1218,RANK00,鳥取県,2169,DEBU**,鳥取県,2839,DEBU**,鳥取県,0,,-
GOLD,Second Heaven,222,RAY$,鳥取県,697,SIBA,鳥取県,1501,SOYJOY,鳥取県,2100,VIOLA.,鳥取県,0,,-
GOLD,Roulette,0,,-,844,RAY$,鳥取県,1279,RAY$,鳥取県,2091,#MA3#,鳥取県,0,,-
GOLD,PHOTONGENIC,0,,-,1014,HIKARI,鳥取県,1794,Y.Y,鳥取県,2294,#MA3#,鳥取県,0,,-
GOLD,op.31 叙情,0,,-,521,RAY$,鳥取県,1184,UMEKOO,鳥取県,1504,#MA3#,鳥取県,0,,-
GOLD,never…,0,,-,784,RAY$,鳥取県,1290,RAY$,鳥取県,1748,SOYJOY,鳥取県,0,,-
GOLD,METALLIC MIND,0,,-,830,RAY$,鳥取県,1146,MEI,鳥取県,1591,59SO2,鳥取県,0,,-
GOLD,Make Me Your Own,0,,-,0,,-,852,GIGLIO,鳥取県,2094,DEBU**,鳥取県,0,,-
GOLD,Love Again...,0,,-,0,,-,675,NWA,鳥取県,1071,VIOLA.,鳥取県,0,,-
GOLD,LASER CRUSTER,0,,-,981,GIGLIO,鳥取県,2285,31KING,鳥取県,3144,#MA3#,鳥取県,0,,-
GOLD,KAMAITACHI,0,,-,560,N0-CFL,鳥取県,1544,DONNMA,鳥取県,2670,VIOLA.,鳥取県,3684,VIOLA.,鳥取県
GOLD,INORI,0,,-,1194,HIKARI,鳥取県,2529,31KING,鳥取県,3119,VIOLA.,鳥取県,0,,-
GOLD,High School Love,206,TIETS,鳥取県,530,H.T,鳥取県,1167,MIDI,鳥取県,2177,31KING,鳥取県,0,,-
GOLD,heaven above,0,,-,0,,-,951,MAIAN,鳥取県,1816,59SO2,鳥取県,0,,-
GOLD,GRID KNIGHT,0,,-,0,,-,1473,RANK00,鳥取県,2595,DEBU**,鳥取県,3405,VIOLA.,鳥取県
GOLD,GOLD RUSH,224,TIETS,鳥取県,1114,BON,鳥取県,1271,GRAN,鳥取県,2334,#MA3#,鳥取県,0,,-
GOLD,four-leaf,0,,-,730,RAY$,鳥取県,673,TUKIMI,鳥取県,1675,31KING,鳥取県,0,,-
GOLD,FIRE FIRE,383,3J,鳥取県,1123,RAY$,鳥取県,1649,ES,鳥取県,2700,VIOLA.,鳥取県,0,,-
GOLD,Fascination MAXX,0,,-,902,VIOLA.,鳥取県,1504,RANKOU,鳥取県,2373,VIOLA.,鳥取県,0,,-
GOLD,Cyber Force,0,,-,453,AAA,鳥取県,1602,WA2,鳥取県,2364,VIOLA.,鳥取県,0,,-
GOLD,CROSSROAD ～Left Story～,0,,-,1027,HIKARI,鳥取県,1678,RAY$,鳥取県,2178,VIOLA.,鳥取県,0,,-
GOLD,CaptivAte～誓い～,0,,-,0,,-,1557,2-MAS*,鳥取県,2216,VIOLA.,鳥取県,0,,-
GOLD,CaptivAte～裁き～,266,MOOTY,鳥取県,563,MAIAN,鳥取県,1285,DEBU**,鳥取県,1762,VIOLA.,鳥取県,0,,-
GOLD,Candy Galy,0,,-,1441,RAY$,鳥取県,2527,31KING,鳥取県,3502,#MA3#,鳥取県,0,,-
GOLD,"Blind Justice ～Torn souls, Hurt Faiths ～",0,,-,1256,BON,鳥取県,1830,RAY$,鳥取県,2455,#MA3#,鳥取県,0,,-
GOLD,ANDROMEDA II,0,,-,938,RAY$,鳥取県,565,MAYO,鳥取県,2454,#MA3#,鳥取県,0,,-
GOLD,Air Bell,0,,-,0,,-,798,SIBA,鳥取県,1698,31KING,鳥取県,0,,-
DJ TROOPERS,走馬灯 -The Last Song-,0,,-,0,,-,412,AAA,鳥取県,1316,59SO2,鳥取県,0,,-
DJ TROOPERS,華爛漫 -Flowers-,319,KARIN.,鳥取県,754,MAYO,鳥取県,1566,931,鳥取県,2033,#MA3#,鳥取県,0,,-
DJ TROOPERS,少年A,0,,-,390,GIGLIO,鳥取県,1925,Y.Y,鳥取県,2760,#MA3#,鳥取県,0,,-
DJ TROOPERS,ミラージュ・レジデンス,0,,-,939,GIGLIO,鳥取県,1549,2-MAS*,鳥取県,2503,3UTHER,鳥取県,0,,-
DJ TROOPERS,マチ子の唄,0,,-,791,RAY$,鳥取県,1068,MLP-RD,鳥取県,1782,#MA3#,鳥取県,0,,-
DJ TROOPERS,エコ爺,166,TIETS,鳥取県,792,RAY$,鳥取県,1226,B-L,鳥取県,1770,SOYJOY,鳥取県,0,,-
DJ TROOPERS,Wanna Party?,0,,-,738,RAY$,鳥取県,1123,RAY$,鳥取県,1510,VIOLA.,鳥取県,2564,VIOLA.,鳥取県
DJ TROOPERS,Ubertreffen,0,,-,988,HIKARI,鳥取県,1973,31KING,鳥取県,2505,VIOLA.,鳥取県,3233,VIOLA.,鳥取県
DJ TROOPERS,TROOPERS,0,,-,834,MAYO,鳥取県,2205,SALOON,鳥取県,2891,#MA3#,鳥取県,0,,-
DJ TROOPERS,Time to Air,0,,-,1070,JAEIL,鳥取県,2087,31KING,鳥取県,2853,#MA3#,鳥取県,0,,-
DJ TROOPERS,the trigger of innocence,0,,-,0,,-,832,PEPPER,鳥取県,1841,VIOLA.,鳥取県,0,,-
DJ TROOPERS,THE DEEP STRIKER,0,,-,950,HIKARI,鳥取県,1981,Y.Y,鳥取県,2983,DEBU**,鳥取県,3425,VIOLA.,鳥取県
DJ TROOPERS,switch,0,,-,0,,-,0,,-,2080,#MA3#,鳥取県,0,,-
DJ TROOPERS,STEEL NEEDLE,0,,-,0,,-,2101,31KING,鳥取県,2344,KOKECY,鳥取県,0,,-
DJ TROOPERS,State Of The Art,0,,-,0,,-,1508,931,鳥取県,3083,#MA3#,鳥取県,0,,-
DJ TROOPERS,SOUND OF GIALLARHORN,0,,-,0,,-,2705,31KING,鳥取県,3249,#MA3#,鳥取県,0,,-
DJ TROOPERS,soldier's waltz,0,,-,764,RAY$,鳥取県,1467,KI9TU2,鳥取県,2471,VIOLA.,鳥取県,0,,-
DJ TROOPERS,scar in the earth,0,,-,0,,-,829,.MP3,鳥取県,1487,VIOLA.,鳥取県,0,,-
DJ TROOPERS,satfinal,0,,-,646,N-BEAN,鳥取県,1198,HIKARI,鳥取県,1903,DEBU**,鳥取県,0,,-
DJ TROOPERS,"satellite020712 from ""CODED ARMS""",0,,-,0,,-,1395,NWA,鳥取県,2347,31KING,鳥取県,0,,-
DJ TROOPERS,Ristaccia,0,,-,957,JUNI,鳥取県,1833,ES,鳥取県,2695,#MA3#,鳥取県,0,,-
DJ TROOPERS,REMINISCENCE,0,,-,0,,-,1576,HANS-D,鳥取県,2332,#MA3#,鳥取県,0,,-
DJ TROOPERS,PROMISE FOR LIFE,0,,-,0,,-,719,LAPI2*,鳥取県,1742,VIOLA.,鳥取県,0,,-
DJ TROOPERS,PARANOiA ～HADES～,0,,-,774,UWU$,鳥取県,1801,#MA3#,鳥取県,2649,VIOLA.,鳥取県,0,,-
DJ TROOPERS,oratio,0,,-,1153,RANK00,鳥取県,2035,31KING,鳥取県,2896,#MA3#,鳥取県,0,,-
DJ TROOPERS,NEW GENERATION -もう、お前しか見えない-,0,,-,0,,-,1615,HANS-D,鳥取県,2300,SOYJOY,鳥取県,0,,-
DJ TROOPERS,MENTAL MELTDOWN,0,,-,1006,HIKARI,鳥取県,1952,Y.Y,鳥取県,2650,59SO2,鳥取県,0,,-
DJ TROOPERS,MENDES,0,,-,978,R*KYUN,鳥取県,2530,31KING,鳥取県,3532,VIOLA.,鳥取県,0,,-
DJ TROOPERS,MAX LOVE,0,,-,0,,-,2076,NKO,鳥取県,2643,31KING,鳥取県,0,,-
DJ TROOPERS,madrugada,0,,-,663,RAY$,鳥取県,1054,DONNMA,鳥取県,1808,59SO2,鳥取県,0,,-
DJ TROOPERS,LOVELY STORM,0,,-,1167,GIGLIO,鳥取県,1922,RAY$,鳥取県,2775,31KING,鳥取県,0,,-
DJ TROOPERS,Kick Out 仮面,0,,-,1133,RAY$,鳥取県,990,UWU$,鳥取県,2003,59SO2,鳥取県,0,,-
DJ TROOPERS,in the Sky,0,,-,914,SIBA,鳥取県,1916,Y.Y,鳥取県,2524,VIOLA.,鳥取県,0,,-
DJ TROOPERS,ICARUS,0,,-,1012,HANS-D,鳥取県,1951,31KING,鳥取県,2371,#MA3#,鳥取県,3460,#MA3#,鳥取県
DJ TROOPERS,Freeway Shuffle,284,DANI,鳥取県,665,GIGLIO,鳥取県,669,A,鳥取県,1855,#MA3#,鳥取県,0,,-
DJ TROOPERS,four pieces of heaven,0,,-,346,GORO56,鳥取県,1442,BON,鳥取県,2196,#MA3#,鳥取県,0,,-
DJ TROOPERS,evergreen,0,,-,0,,-,986,HIKARI,鳥取県,1869,#MA3#,鳥取県,0,,-
DJ TROOPERS,end of world,0,,-,0,,-,1607,Y.Y,鳥取県,2443,#MA3#,鳥取県,0,,-
DJ TROOPERS,Do it!! Do it!!,0,,-,936,Y.Y,鳥取県,1379,RAY$,鳥取県,1840,DEBU**,鳥取県,0,,-
DJ TROOPERS,Digitank System,0,,-,751,HIKARI,鳥取県,1508,DEBU**,鳥取県,2113,DEBU**,鳥取県,0,,-
DJ TROOPERS,Dazzlin' Darlin,222,GORO56,鳥取県,406,AAA,鳥取県,1361,OWO,鳥取県,2219,#MA3#,鳥取県,0,,-
DJ TROOPERS,Darling my LUV,0,,-,353,MOOTY,鳥取県,765,GIGLIO,鳥取県,1366,DEBU**,鳥取県,0,,-
DJ TROOPERS,Blue Rain,216,AAAAAA,鳥取県,684,JAEIL,鳥取県,1554,53KING,鳥取県,2260,VIOLA.,鳥取県,3318,VIOLA.,鳥取県
DJ TROOPERS,beatonic nation,0,,-,0,,-,1613,KAME,鳥取県,2137,VIOLA.,鳥取県,0,,-
DJ TROOPERS,Be OK,0,,-,349,AAA,鳥取県,1533,TIARA,鳥取県,2400,#MA3#,鳥取県,3309,VIOLA.,鳥取県
DJ TROOPERS,avant-guerre,0,,-,733,RAY$,鳥取県,999,RANK00,鳥取県,1872,VIOLA.,鳥取県,0,,-
DJ TROOPERS,"Anisakis -somatic mutation type""Forza""-",0,,-,1053,JAEIL,鳥取県,2126,UMEKOO,鳥取県,2832,VIOLA.,鳥取県,0,,-
DJ TROOPERS,2 tribe 4 K,0,,-,0,,-,1200,DONNMA,鳥取県,2722,#MA3#,鳥取県,0,,-
EMPRESS,鉄甲乙女-under the steel-,0,,-,477,AAA,鳥取県,1301,HIKARI,鳥取県,2165,#MA3#,鳥取県,0,,-
EMPRESS,翼,0,,-,431,AAA,鳥取県,1484,53KING,鳥取県,1933,53KING,鳥取県,0,,-
EMPRESS,山岡晃の「クイズ！家事都合！」,0,,-,659,RAY$,鳥取県,1042,HIKARI,鳥取県,2015,53KING,鳥取県,0,,-
EMPRESS,天空脳番長危機十六連打,0,,-,849,HIKARI,鳥取県,1897,Y.Y,鳥取県,2507,#MA3#,鳥取県,0,,-
EMPRESS,卑弥呼,0,,-,937,MAIAN,鳥取県,2625,UMEKOO,鳥取県,3906,#MA3#,鳥取県,0,,-
EMPRESS,凛として咲く花の如く,265,SY,鳥取県,1132,BURNES,鳥取県,2126,UMEKOO,鳥取県,2770,#MA3#,鳥取県,3151,VIOLA.,鳥取県
EMPRESS,不沈艦CANDY,477,96NEKO,鳥取県,974,HIKARI,鳥取県,1834,ES,鳥取県,3260,VIOLA.,鳥取県,0,,-
EMPRESS,ミッドナイト堕天使,0,,-,0,,-,1183,HIKARI,鳥取県,2759,VIOLA.,鳥取県,0,,-
EMPRESS,ハリツヤランデヴー,0,,-,889,DONNMA,鳥取県,2081,53KING,鳥取県,2479,VIOLA.,鳥取県,0,,-
EMPRESS,まほろば,0,,-,0,,-,1308,34PONY,鳥取県,2035,#MA3#,鳥取県,0,,-
EMPRESS,"You'll say ""Now!""",0,,-,964,GIGLIO,鳥取県,1596,Y.Y,鳥取県,2441,#MA3#,鳥取県,0,,-
EMPRESS,Y&Co. is dead or alive,0,,-,967,DONNMA,鳥取県,1589,34PONY,鳥取県,2638,#MA3#,鳥取県,0,,-
EMPRESS,V2,602,DANI,鳥取県,889,MONG-,鳥取県,3113,59SO2,鳥取県,3520,VIOLA.,鳥取県,0,,-
EMPRESS,Turii ～Panta rhei～,225,DARCY,鳥取県,856,RAY$,鳥取県,1965,LIGHT,鳥取県,2637,#MA3#,鳥取県,0,,-
EMPRESS,THANK YOU FOR PLAYING,0,,-,611,MOCHI,鳥取県,1276,RANK00,鳥取県,2005,KYORSK,鳥取県,2878,#MA3#,鳥取県
EMPRESS,SOLITON BEAM,0,,-,0,,-,1786,MEI,鳥取県,2304,59SO2,鳥取県,0,,-
EMPRESS,smooooch・∀・,299,H.T,鳥取県,616,ANKO*,鳥取県,1404,NWA,鳥取県,2127,#MA3#,鳥取県,0,,-
EMPRESS,Secrets,0,,-,0,,-,1246,RANK00,鳥取県,3098,#MA3#,鳥取県,0,,-
EMPRESS,Queen's Tragedy,0,,-,825,RAY$,鳥取県,1194,GIGLIO,鳥取県,2090,53KING,鳥取県,0,,-
EMPRESS,Punch Love 仮面,0,,-,1068,RAY$,鳥取県,1577,RAY$,鳥取県,2506,VIOLA.,鳥取県,0,,-
EMPRESS,Programmed World,0,,-,0,,-,1565,ES,鳥取県,2292,VIOLA.,鳥取県,0,,-
EMPRESS,NΦ CRIME,0,,-,455,AOI,鳥取県,1317,RAY$,鳥取県,1876,VIOLA.,鳥取県,0,,-
EMPRESS,neogenesis,0,,-,963,RAY$,鳥取県,0,,-,1687,#MA3#,鳥取県,0,,-
EMPRESS,naughty girl@Queen's Palace,0,,-,596,HIKARI,鳥取県,1695,VIOLA.,鳥取県,2066,#MA3#,鳥取県,2576,59SO2,鳥取県
EMPRESS,Monkey Dance '09,0,,-,0,,-,1545,RAY$,鳥取県,2153,53KING,鳥取県,0,,-
EMPRESS,Mind Mapping,263,TIETS,鳥取県,826,RAY$,鳥取県,1229,53KING,鳥取県,1799,DEBU**,鳥取県,0,,-
EMPRESS,Kung-fu Empire,0,,-,1023,MAYO,鳥取県,2517,31KING,鳥取県,3226,#MA3#,鳥取県,3809,#MA3#,鳥取県
EMPRESS,Just a Little Smile,0,,-,781,RAY$,鳥取県,1258,34PONY,鳥取県,2384,#MA3#,鳥取県,0,,-
EMPRESS,Jack,0,,-,428,AAA,鳥取県,1231,RAY$,鳥取県,2128,#MA3#,鳥取県,0,,-
EMPRESS,I'm Screaming LOVE,0,,-,314,AAA,鳥取県,920,ZERO,鳥取県,1691,VIOLA.,鳥取県,0,,-
EMPRESS,HYPERION,0,,-,0,,-,1742,BON,鳥取県,2693,VIOLA.,鳥取県,0,,-
EMPRESS,Go Beyond!!,353,S,鳥取県,907,HIKARI,鳥取県,1701,31KING,鳥取県,2103,VIOLA.,鳥取県,0,,-
EMPRESS,Fly Above,0,,-,622,TANK,鳥取県,1583,ES,鳥取県,2022,#MA3#,鳥取県,0,,-
EMPRESS,Flash Back 90's,0,,-,895,RAY$,鳥取県,1434,RANK00,鳥取県,2307,#MA3#,鳥取県,0,,-
EMPRESS,"Cyber Force -DJ Yoshitaka Remix- ",0,,-,0,,-,1806,*PIEN*,鳥取県,2501,#MA3#,鳥取県,0,,-
EMPRESS,Colorful Cookie,634,RAY$,鳥取県,885,N-BEAN,鳥取県,2274,#MA3#,鳥取県,3486,VIOLA.,鳥取県,0,,-
EMPRESS,CaptivAte2～覚醒～,236,Y.Y,鳥取県,666,RIN,鳥取県,1344,NWA,鳥取県,2377,VIOLA.,鳥取県,0,,-
EMPRESS,BRIDAL FESTIVAL !!!,0,,-,345,AAA,鳥取県,1376,34PONY,鳥取県,2092,59SO2,鳥取県,0,,-
EMPRESS,BITTER CHOCOLATE STRIKER,0,,-,979,RAY$,鳥取県,2198,31KING,鳥取県,3858,VIOLA.,鳥取県,0,,-
EMPRESS,Bahram Attack-猫叉Master Remix-,0,,-,656,RAINY*,鳥取県,1895,3UTHER,鳥取県,2602,VIOLA.,鳥取県,0,,-
EMPRESS,B4U(BEMANI FOR YOU MIX),0,,-,996,HIKARI,鳥取県,1894,RAY$,鳥取県,3486,VIOLA.,鳥取県,4422,VIOLA.,鳥取県
EMPRESS,Arabian Rave Night,0,,-,1219,KOITSU,鳥取県,2247,31KING,鳥取県,2895,VIOLA.,鳥取県,0,,-
EMPRESS,ALL MY TURN -このターンに、オレの全てを賭ける-,0,,-,875,HIKARI,鳥取県,1287,ECOCID,鳥取県,2537,VIOLA.,鳥取県,0,,-
EMPRESS,ALL I NEED YOUR LOVE,0,,-,794,UWU$,鳥取県,1470,BON,鳥取県,2095,59SO2,鳥取県,0,,-
EMPRESS,3y3s,357,S,鳥取県,1253,GIGLIO,鳥取県,2493,31KING,鳥取県,3434,VIOLA.,鳥取県,0,,-
SIRIUS,"水上の提督(Short mix from ""幻想水滸伝V"")",0,,-,657,RAY$,鳥取県,1619,931,鳥取県,2029,VIOLA.,鳥取県,0,,-
SIRIUS,未来のプリズム,0,,-,445,S,鳥取県,1127,HIKARI,鳥取県,1755,VIOLA.,鳥取県,0,,-
SIRIUS,ワルツ第17番 ト短調”大犬のワルツ”,0,,-,979,POPRAN,鳥取県,2101,SALOON,鳥取県,3128,VIOLA.,鳥取県,0,,-
SIRIUS,バビロニア,0,,-,814,RAY$,鳥取県,1158,HIKARI,鳥取県,1814,RANKOU,鳥取県,0,,-
SIRIUS,サヨナラ・ヘヴン,331,K08,鳥取県,902,RAY$,鳥取県,1274,KOITSU,鳥取県,1634,UMEKOO,鳥取県,0,,-
SIRIUS,コスモス,0,,-,879,RAY$,鳥取県,1408,TIARA,鳥取県,2080,VIOLA.,鳥取県,0,,-
SIRIUS,たからもの,0,,-,1079,GIGLIO,鳥取県,1675,NWA,鳥取県,2222,#MA3#,鳥取県,0,,-
SIRIUS,かずあそび,0,,-,351,S,鳥取県,846,MAYO,鳥取県,1675,#MA3#,鳥取県,0,,-
SIRIUS,The Story Begins,0,,-,821,RAY$,鳥取県,1310,POOH,鳥取県,2401,VIOLA.,鳥取県,0,,-
SIRIUS,THE LAST STRIKER,0,,-,1249,HIKARI,鳥取県,1725,TIARA,鳥取県,2571,#MA3#,鳥取県,0,,-
SIRIUS,Special One,0,,-,0,,-,710,YAMI,鳥取県,1748,59SO2,鳥取県,0,,-
SIRIUS,Sorrows,0,,-,587,PEPPER,鳥取県,1534,N34R.S,鳥取県,2464,#MA3#,鳥取県,0,,-
SIRIUS,SOLID STATE SQUAD,0,,-,0,,-,1948,Y.Y,鳥取県,3542,VIOLA.,鳥取県,3524,VIOLA.,鳥取県
SIRIUS,She is my wife,278,S,鳥取県,420,N-BEAN,鳥取県,1411,SALOON,鳥取県,1730,ARU,鳥取県,0,,-
SIRIUS,Session 1 -Genesis-,0,,-,702,*YUKI*,鳥取県,1374,SIGRIN,鳥取県,2418,#MA3#,鳥取県,0,,-
SIRIUS,Roots of my way!,0,,-,367,AAA,鳥取県,779,MAYO,鳥取県,2011,VIOLA.,鳥取県,0,,-
SIRIUS,Red. by Full Metal Jacket,0,,-,974,RAY$,鳥取県,2062,#MA3#,鳥取県,3015,#MA3#,鳥取県,0,,-
SIRIUS,Raison d'etre～交差する宿命～,0,,-,0,,-,2067,X-RAY,鳥取県,2726,#MA3#,鳥取県,0,,-
SIRIUS,quell～the seventh slave～,0,,-,933,RAY$,鳥取県,1340,2-MAS*,鳥取県,3120,#MA3#,鳥取県,0,,-
SIRIUS,Programmed Sun,0,,-,0,,-,1749,LIGHT,鳥取県,2550,VIOLA.,鳥取県,0,,-
SIRIUS,NoN-Fiction Story!,0,,-,455,RAINY,鳥取県,1192,HIKARI,鳥取県,2196,#MA3#,鳥取県,0,,-
SIRIUS,NEW SENSATION -もう、あなたしか見えない-,0,,-,1151,HIKARI,鳥取県,2051,31KING,鳥取県,2632,VIOLA.,鳥取県,0,,-
SIRIUS,mosaic,0,,-,1315,RAY$,鳥取県,2036,31KING,鳥取県,2991,#MA3#,鳥取県,0,,-
SIRIUS,MIRACLE MEETS,0,,-,836,*YUKI*,鳥取県,1475,RAY$,鳥取県,2180,VIOLA.,鳥取県,0,,-
SIRIUS,Light Shine,0,,-,426,AAA,鳥取県,1055,RAY$,鳥取県,1936,#MA3#,鳥取県,0,,-
SIRIUS,Last Burning,0,,-,397,AAA,鳥取県,1236,HIKARI,鳥取県,2337,59SO2,鳥取県,0,,-
SIRIUS,Keep it-秋葉工房mix-,0,,-,0,,-,1482,DONNMA,鳥取県,1842,#MA3#,鳥取県,0,,-
SIRIUS,IN THE NAME OF LOVE,202,EVOL,鳥取県,0,,-,941,POOH,鳥取県,1893,#MA3#,鳥取県,0,,-
SIRIUS,Hydrogen Blueback,0,,-,899,NWA,鳥取県,1412,NAGI.,鳥取県,2271,#MA3#,鳥取県,0,,-
SIRIUS,GOLDEN CROSS,0,,-,1017,DONNMA,鳥取県,1782,MEI,鳥取県,3482,VIOLA.,鳥取県,0,,-
SIRIUS,GALGALIM,0,,-,759,PEPPER,鳥取県,1324,NWA,鳥取県,2304,VIOLA.,鳥取県,0,,-
SIRIUS,G59,0,,-,1541,RANK00,鳥取県,2339,31KING,鳥取県,3830,VIOLA.,鳥取県,0,,-
SIRIUS,EXUSIA,0,,-,1070,HIKARI,鳥取県,2670,31KING,鳥取県,3799,VIOLA.,鳥取県,0,,-
SIRIUS,Evans,548,NWA,鳥取県,1102,RANK00,鳥取県,2140,31KING,鳥取県,2808,VIOLA.,鳥取県,0,,-
SIRIUS,eRAseRmOToRpHAntOM,0,,-,1120,GIGLIO,鳥取県,2374,SALOON,鳥取県,3151,DEBU**,鳥取県,0,,-
SIRIUS,Empire State Glory,0,,-,0,,-,1631,INAMEM,鳥取県,2615,#MA3#,鳥取県,0,,-
SIRIUS,Elisha,0,,-,770,GIGLIO,鳥取県,1463,31KING,鳥取県,2210,#MA3#,鳥取県,0,,-
SIRIUS,DROP,0,,-,438,S,鳥取県,1279,POOH,鳥取県,2591,VIOLA.,鳥取県,0,,-
SIRIUS,DOMINION,0,,-,1068,HIKARI,鳥取県,2335,31KING,鳥取県,3130,#MA3#,鳥取県,0,,-
SIRIUS,DESIRE,0,,-,419,AAA,鳥取県,0,,-,2814,#MA3#,鳥取県,0,,-
SIRIUS,Dazzlin' Darlin-秋葉工房mix-,0,,-,453,MOOTY,鳥取県,1453,RAY$,鳥取県,2073,VIOLA.,鳥取県,0,,-
SIRIUS,DAWN -THE NEXT ENDEAVOUR-,0,,-,1354,GIGLIO,鳥取県,2411,SIGRIN,鳥取県,3111,VIOLA.,鳥取県,0,,-
SIRIUS,D,0,,-,1212,Y.Y,鳥取県,1751,31KING,鳥取県,2422,VIOLA.,鳥取県,0,,-
SIRIUS,CaptivAte～裁き～(SUBLIME TECHNO MIX),0,,-,996,RAY$,鳥取県,1528,NKO,鳥取県,2357,59SO2,鳥取県,0,,-
SIRIUS,bloomin' feeling,289,S,鳥取県,1110,HIKARI,鳥取県,1944,31KING,鳥取県,2573,VIOLA.,鳥取県,0,,-
SIRIUS,being torn the sky,0,,-,0,,-,1005,HIKARI,鳥取県,1957,#MA3#,鳥取県,0,,-
SIRIUS,BEAUTIFUL ANGEL,0,,-,617,RAY$,鳥取県,1707,RAY$,鳥取県,2449,#MA3#,鳥取県,0,,-
SIRIUS,beatchic☆仮面～好き、でいさせて～,0,,-,677,JOEEEE,鳥取県,1568,RAY$,鳥取県,1955,DEBU**,鳥取県,0,,-
SIRIUS,bass 2 bass,0,,-,574,UWU$,鳥取県,1222,RAY$,鳥取県,1840,#MA3#,鳥取県,0,,-
SIRIUS,Bad Maniacs,0,,-,1028,RANK00,鳥取県,1700,Y.Y,鳥取県,3168,VIOLA.,鳥取県,0,,-
SIRIUS,Almagest,0,,-,866,HIKARI,鳥取県,2202,VIOLA.,鳥取県,3096,VIOLA.,鳥取県,0,,-
SIRIUS,AIR RAID FROM THA UNDAGROUND,372,S,鳥取県,1019,HIKARI,鳥取県,1494,TIARA,鳥取県,2275,53KING,鳥取県,2827,#MA3#,鳥取県
Resort Anthem,黒髪乱れし修羅となりて,0,,-,782,RAY$,鳥取県,1878,KAME,鳥取県,3415,VIOLA.,鳥取県,0,,-
Resort Anthem,灼熱Beach Side Bunny,434,QG2,鳥取県,1073,RAY$,鳥取県,1950,#MA3#,鳥取県,2928,#MA3#,鳥取県,0,,-
Resort Anthem,旅人リラン,0,,-,744,MAYO,鳥取県,1817,LIGHT,鳥取県,2597,VIOLA.,鳥取県,0,,-
Resort Anthem,夕焼け ～Fading Day～,0,,-,0,,-,1485,KAZU**,鳥取県,2760,VIOLA.,鳥取県,0,,-
Resort Anthem,中華急行,0,,-,0,,-,1468,RAY$,鳥取県,2309,VIOLA.,鳥取県,0,,-
Resort Anthem,かげぬい ～ Ver.BENIBOTAN ～,296,DANTE,鳥取県,815,RAY$,鳥取県,1154,HIKARI,鳥取県,1698,RAY$,鳥取県,0,,-
Resort Anthem,おおきなこえで,0,,-,286,NAMECO,鳥取県,0,,-,1426,53KING,鳥取県,2087,X*,鳥取県
Resort Anthem,ZETA～素数の世界と超越者～,186,EVOL,鳥取県,581,RAY$,鳥取県,1975,SALOON,鳥取県,3081,#MA3#,鳥取県,0,,-
Resort Anthem,XANADU OF TWO,0,,-,765,N-BEAN,鳥取県,1733,31KING,鳥取県,2732,#MA3#,鳥取県,0,,-
Resort Anthem,Wuv U,0,,-,324,PEPE,鳥取県,1125,RAY$,鳥取県,1691,VIOLA.,鳥取県,0,,-
Resort Anthem,WISE UP!,162,KYANN,鳥取県,0,,-,871,*YUKI*,鳥取県,1560,53KING,鳥取県,0,,-
Resort Anthem,Watch Out Pt.2,0,,-,1094,KOITSU,鳥取県,1988,#MA3#,鳥取県,2727,#MA3#,鳥取県,0,,-
Resort Anthem,Vermillion,0,,-,315,YAMI,鳥取県,660,YAMI,鳥取県,1895,RYO.,鳥取県,0,,-
Resort Anthem,Tropical April,0,,-,1300,MIDI,鳥取県,2106,Y.Y,鳥取県,2714,#MA3#,鳥取県,0,,-
Resort Anthem,THE FALLEN,0,,-,0,,-,1130,RANK00,鳥取県,2667,#MA3#,鳥取県,0,,-
Resort Anthem,THE DOOR INTO RAINBOW,0,,-,778,RAY$,鳥取県,1568,RAY$,鳥取県,2133,#MA3#,鳥取県,0,,-
Resort Anthem,THE BLACK KNIGHT,0,,-,769,GIGLIO,鳥取県,2069,31KING,鳥取県,2890,#MA3#,鳥取県,0,,-
Resort Anthem,STELLAR WIND,291,S,鳥取県,620,SALOON,鳥取県,1502,DONNMA,鳥取県,2485,RANKOU,鳥取県,0,,-
Resort Anthem,Stay my side,0,,-,631,RAY$,鳥取県,836,DANI,鳥取県,1331,VIOLA.,鳥取県,0,,-
Resort Anthem,SPECIAL SUMMER CAMPAIGN!,0,,-,494,S,鳥取県,1517,RAY$,鳥取県,2919,#MA3#,鳥取県,0,,-
Resort Anthem,Space Time,0,,-,607,RAY$,鳥取県,1360,MEI,鳥取県,2177,#MA3#,鳥取県,0,,-
Resort Anthem,Session 9 -Chronicles-,0,,-,670,HIKARI,鳥取県,2007,FOOTBT,鳥取県,3551,VIOLA.,鳥取県,0,,-
Resort Anthem,sakura storm,0,,-,1020,931,鳥取県,1265,RAY$,鳥取県,2382,VIOLA.,鳥取県,0,,-
Resort Anthem,Sakura Reflection,0,,-,328,SIDMIN,鳥取県,1576,RAY$,鳥取県,2342,#MA3#,鳥取県,0,,-
Resort Anthem,SABER WING,0,,-,0,,-,1752,53KING,鳥取県,2800,#MA3#,鳥取県,0,,-
Resort Anthem,Rock Da House,0,,-,0,,-,1259,RANK00,鳥取県,2204,VIOLA.,鳥取県,0,,-
Resort Anthem,reunion,365,SUZUKI,鳥取県,1184,NWA,鳥取県,2381,31KING,鳥取県,3218,VIOLA.,鳥取県,0,,-
Resort Anthem,Programmed Life,0,,-,720,SIBA,鳥取県,1571,POCOPI,鳥取県,2348,59SO2,鳥取県,0,,-
Resort Anthem,perditus†paradisus,0,,-,1043,RANK00,鳥取県,2392,31KING,鳥取県,3753,#MA3#,鳥取県,0,,-
Resort Anthem,passionate fate,0,,-,283,EX.,鳥取県,1483,NKO,鳥取県,2111,VIOLA.,鳥取県,0,,-
Resort Anthem,PARADISE LOST,0,,-,1151,HIKARI,鳥取県,2265,31KING,鳥取県,3243,VIOLA.,鳥取県,0,,-
Resort Anthem,Never Fade Away,0,,-,750,RAY$,鳥取県,1593,DONNMA,鳥取県,2973,#MA3#,鳥取県,0,,-
Resort Anthem,Mermaid girl,0,,-,650,PEPE,鳥取県,1608,N34R.S,鳥取県,2184,VIOLA.,鳥取県,0,,-
Resort Anthem,Medicine of love,0,,-,329,AAA,鳥取県,642,MONG-,鳥取県,1710,#MA3#,鳥取県,0,,-
Resort Anthem,Let The Track Flow,0,,-,0,,-,1211,RANK00,鳥取県,2619,VIOLA.,鳥取県,0,,-
Resort Anthem,Kailua,0,,-,401,JACK,鳥取県,1200,RAY$,鳥取県,2145,VIOLA.,鳥取県,0,,-
Resort Anthem,I FIGHT ME,0,,-,0,,-,1267,HIKARI,鳥取県,2065,02,鳥取県,0,,-
Resort Anthem,Golden Palms,0,,-,651,HIKARI,鳥取県,1109,RANK00,鳥取県,1971,31KING,鳥取県,2205,UMEKOO,鳥取県
Resort Anthem,Fantasia,104,MARK,鳥取県,203,TIETS,鳥取県,1487,RAY$,鳥取県,2224,VIOLA.,鳥取県,0,,-
Resort Anthem,Everlasting Resort,0,,-,866,RAY$,鳥取県,1115,HIKARI,鳥取県,1826,RANKOU,鳥取県,0,,-
Resort Anthem,Eternal Tears,0,,-,0,,-,978,GIGLIO,鳥取県,1341,KYORSK,鳥取県,0,,-
Resort Anthem,Energy Drive,0,,-,0,,-,1326,BON,鳥取県,2180,59SO2,鳥取県,0,,-
Resort Anthem,ELECTRIC MASSIVE DIVER,0,,-,1067,34PONY,鳥取県,2479,31KING,鳥取県,3662,VIOLA.,鳥取県,0,,-
Resort Anthem,DM STAR～関西 energy style～,0,,-,0,,-,1902,UMEKOO,鳥取県,2380,#MA3#,鳥取県,0,,-
Resort Anthem,Destiny Sword,0,,-,313,AAA,鳥取県,1499,34PONY,鳥取県,2338,#MA3#,鳥取県,0,,-
Resort Anthem,DAYDREAMER,0,,-,943,PEPPER,鳥取県,1665,DONNMA,鳥取県,2524,#MA3#,鳥取県,0,,-
Resort Anthem,Dances with Snow Fairies,0,,-,1100,HIKARI,鳥取県,2247,31KING,鳥取県,2992,VIOLA.,鳥取県,0,,-
Resort Anthem,BROKEN EDEN,0,,-,1005,KOITSU,鳥取県,1529,BON,鳥取県,2298,#MA3#,鳥取県,0,,-
Resort Anthem,Broken,0,,-,1045,SALOON,鳥取県,2035,UMEKOO,鳥取県,3123,VIOLA.,鳥取県,0,,-
Resort Anthem,Breaking the ground,0,,-,568,AAA,鳥取県,1720,RAY$,鳥取県,2477,#MA3#,鳥取県,0,,-
Resort Anthem,Bounce Bounce Bounce,0,,-,0,,-,1583,RAY$,鳥取県,2377,#MA3#,鳥取県,0,,-
Resort Anthem,BLUST OF WIND,0,,-,605,RAINY*,鳥取県,1539,931,鳥取県,2077,59SO2,鳥取県,0,,-
Resort Anthem,Believe In Me,0,,-,646,NOA,鳥取県,1672,Y.Y,鳥取県,2369,#MA3#,鳥取県,0,,-
Resort Anthem,ANTHEM LANDING,0,,-,847,HIKARI,鳥取県,1896,SOYJOY,鳥取県,2923,VIOLA.,鳥取県,0,,-
Resort Anthem,Answer,0,,-,681,MIDI,鳥取県,897,PEPPER,鳥取県,2404,#MA3#,鳥取県,0,,-
Resort Anthem,ALBIDA,167,TIETS,鳥取県,860,UWU$,鳥取県,1924,31KING,鳥取県,2950,VIOLA.,鳥取県,0,,-
Resort Anthem,Aegis,0,,-,690,UWU$,鳥取県,1281,RAY$,鳥取県,2282,59SO2,鳥取県,0,,-
Lincle,陽炎,0,,-,401,S,鳥取県,1161,53KING,鳥取県,2007,VIOLA.,鳥取県,0,,-
Lincle,衰色小町メランコリア,0,,-,770,RAY$,鳥取県,1279,HIKARI,鳥取県,2294,#MA3#,鳥取県,0,,-
Lincle,蛇神,240,JUNYU0,鳥取県,720,RAY$,鳥取県,1348,34PONY,鳥取県,2797,VIOLA.,鳥取県,0,,-
Lincle,聖人の塔,0,,-,349,LUNACO,鳥取県,1702,Y.Y,鳥取県,2922,#MA3#,鳥取県,0,,-
Lincle,突撃!ガラスのニーソ姫!,0,,-,495,ANKO*,鳥取県,735,MAYO,鳥取県,2052,UMEKOO,鳥取県,0,,-
Lincle,恋する☆宇宙戦争っ！！,434,DANI,鳥取県,857,POOH,鳥取県,1692,RAY$,鳥取県,3468,#MA3#,鳥取県,0,,-
Lincle,子供の落書き帳,0,,-,900,53KING,鳥取県,1877,UMEKOO,鳥取県,2551,VIOLA.,鳥取県,0,,-
Lincle,天空の夜明け,0,,-,1155,HIKARI,鳥取県,1987,OOINU*,鳥取県,3922,VIOLA.,鳥取県,0,,-
Lincle,君のハートにロックオン,0,,-,692,RAY$,鳥取県,1203,GIGLIO,鳥取県,2596,DEBU**,鳥取県,0,,-
Lincle,ユミル,0,,-,478,AOI,鳥取県,1153,HIKARI,鳥取県,2822,#MA3#,鳥取県,0,,-
Lincle,ビューティフルレシート,0,,-,458,HIKARI,鳥取県,1126,LIGHT,鳥取県,1921,VIOLA.,鳥取県,0,,-
Lincle,Yellow Sunrise,0,,-,749,RAY$,鳥取県,1240,HIKARI,鳥取県,2263,VIOLA.,鳥取県,0,,-
Lincle,yellow head joe,0,,-,748,RAY$,鳥取県,1375,RAY$,鳥取県,2105,KYORSK,鳥取県,0,,-
Lincle,YAKSHA,0,,-,1137,HIKARI,鳥取県,2356,31KING,鳥取県,3828,#MA3#,鳥取県,0,,-
Lincle,WONDER WALKER,0,,-,0,,-,1816,ES,鳥取県,3750,VIOLA.,鳥取県,0,,-
Lincle,Voxane,0,,-,608,SALOON,鳥取県,1018,SANTAK,鳥取県,1715,#MA3#,鳥取県,0,,-
Lincle,Todestrieb,0,,-,1084,Y.Y,鳥取県,1886,X*,鳥取県,3403,VIOLA.,鳥取県,0,,-
Lincle,TITANS RETURN,203,OTO72,鳥取県,627,RAY$,鳥取県,1255,HIKARI,鳥取県,2467,VIOLA.,鳥取県,2326,*PIEN*,鳥取県
Lincle,Thunderbolt,0,,-,926,GIGLIO,鳥取県,1587,DONNMA,鳥取県,3692,#MA3#,鳥取県,0,,-
Lincle,The Sampling Paradise,0,,-,542,96NEKO,鳥取県,1822,DEBU**,鳥取県,2924,VIOLA.,鳥取県,0,,-
Lincle,The Limbo,0,,-,1056,RANK00,鳥取県,2022,31KING,鳥取県,3306,#MA3#,鳥取県,0,,-
Lincle,Star Trail,0,,-,620,RAY$,鳥取県,756,MAYO,鳥取県,1842,VIOLA.,鳥取県,0,,-
Lincle,Snow Goose,0,,-,207,RAINY,鳥取県,1058,R*KYUN,鳥取県,2395,VIOLA.,鳥取県,0,,-
Lincle,Snake Stick,0,,-,897,HIKARI,鳥取県,2037,#MA3#,鳥取県,2576,#MA3#,鳥取県,0,,-
Lincle,SHADE,0,,-,993,RAY$,鳥取県,1934,LIGHT,鳥取県,2896,VIOLA.,鳥取県,0,,-
Lincle,Several Words,0,,-,622,RAY$,鳥取県,1377,RAY$,鳥取県,2170,VIOLA.,鳥取県,0,,-
Lincle,Scharfrichter,0,,-,0,,-,1485,RAY$,鳥取県,2833,VIOLA.,鳥取県,0,,-
Lincle,SA.YO.NA.RA. SUPER STAR,0,,-,475,RAY$,鳥取県,947,RANK00,鳥取県,1398,RAY$,鳥取県,0,,-
Lincle,Round and Round,0,,-,0,,-,1191,53KING,鳥取県,2119,#MA3#,鳥取県,0,,-
Lincle,RESISTANCE,0,,-,284,TIETS,鳥取県,1013,MIDI,鳥取県,2249,B,鳥取県,0,,-
Lincle,Release The Music,0,,-,792,RAY$,鳥取県,1117,HIKARI,鳥取県,1894,RAY$,鳥取県,0,,-
Lincle,Quick Silver,0,,-,0,,-,1011,GIGLIO,鳥取県,2635,#MA3#,鳥取県,0,,-
Lincle,quaver♪,164,AAAAAA,鳥取県,0,,-,2062,N34R.S,鳥取県,3322,#MA3#,鳥取県,0,,-
Lincle,QUANTUM TELEPORTATION,0,,-,1129,HIKARI,鳥取県,2277,31KING,鳥取県,2884,VIOLA.,鳥取県,3458,#MA3#,鳥取県
Lincle,prompt,0,,-,0,,-,1552,RAY$,鳥取県,2766,#MA3#,鳥取県,0,,-
Lincle,Phoenix,0,,-,475,S,鳥取県,917,HIKARI,鳥取県,2390,31KING,鳥取県,0,,-
Lincle,NNRT,0,,-,0,,-,2479,31KING,鳥取県,3433,#MA3#,鳥取県,0,,-
Lincle,Miami Sunset Drive,0,,-,638,RAY$,鳥取県,914,HIKARI,鳥取県,1626,931,鳥取県,0,,-
Lincle,Mermaid girl-秋葉工房 MIX-,0,,-,543,JACK,鳥取県,1163,POOH,鳥取県,2054,VIOLA.,鳥取県,0,,-
Lincle,Lucky Days,0,,-,0,,-,1427,RAY$,鳥取県,2144,#MA3#,鳥取県,0,,-
Lincle,LOVE B.B.B,0,,-,0,,-,1306,MORS,鳥取県,1946,53KING,鳥取県,0,,-
Lincle,Liquid Crystal Girl feat. echo,0,,-,325,S,鳥取県,993,2-MAS*,鳥取県,1978,#MA3#,鳥取県,0,,-
Lincle,LETHEBOLG ～双神威に斬り咲けり～,0,,-,543,MOOTY,鳥取県,1572,RAY$,鳥取県,2203,#MA3#,鳥取県,0,,-
Lincle,LAX5 feat.Ryota Yoshinari,0,,-,985,HIKARI,鳥取県,1622,PUYO-M,鳥取県,2807,VIOLA.,鳥取県,0,,-
Lincle,Infinite cave,0,,-,388,LAPI2*,鳥取県,1407,KAME,鳥取県,1974,59SO2,鳥取県,0,,-
Lincle,In the Blackest Den,0,,-,411,AAA,鳥取県,1287,KAZU**,鳥取県,2543,#MA3#,鳥取県,0,,-
Lincle,I'm so Happy,220,96NEKO,鳥取県,367,UWU$,鳥取県,1289,TE0,鳥取県,2311,VIOLA.,鳥取県,0,,-
Lincle,HAERETICUS,0,,-,367,S,鳥取県,1879,31KING,鳥取県,2899,#MA3#,鳥取県,0,,-
Lincle,Follow Tomorrow,0,,-,402,GORO56,鳥取県,1421,RAY$,鳥取県,2237,VIOLA.,鳥取県,0,,-
Lincle,Flip Flap,0,,-,430,S,鳥取県,1172,HIKARI,鳥取県,2193,#MA3#,鳥取県,0,,-
Lincle,fffff,0,,-,813,RAY$,鳥取県,1675,MEI,鳥取県,3092,VIOLA.,鳥取県,0,,-
Lincle,Far east nightbird,187,TIETS,鳥取県,485,SG,鳥取県,1101,HIKARI,鳥取県,1953,53KING,鳥取県,0,,-
Lincle,F,0,,-,591,NOA,鳥取県,2109,31KING,鳥取県,3519,VIOLA.,鳥取県,0,,-
Lincle,Express Emotion,0,,-,538,HIRO,鳥取県,1028,53KING,鳥取県,2506,#MA3#,鳥取県,0,,-
Lincle,Drive Me Crazy,0,,-,712,RAY$,鳥取県,1275,RANK00,鳥取県,2300,VIOLA.,鳥取県,0,,-
Lincle,DIAVOLO,0,,-,824,SIBA,鳥取県,1785,KI9TU2,鳥取県,3051,VIOLA.,鳥取県,0,,-
Lincle,Change the World,0,,-,520,YAMI,鳥取県,1234,RAY$,鳥取県,1803,31KING,鳥取県,0,,-
Lincle,Castle on the Moon,187,GORO56,鳥取県,0,,-,1373,RAY$,鳥取県,2350,#MA3#,鳥取県,0,,-
Lincle,CALL,0,,-,232,S,鳥取県,755,HIKARI,鳥取県,1443,VIOLA.,鳥取県,0,,-
Lincle,BLACK.by X-Cross Fade,0,,-,995,RAY$,鳥取県,2151,#MA3#,鳥取県,3261,VIOLA.,鳥取県,0,,-
Lincle,ANAGRAMS I to Y,0,,-,0,,-,1490,SG,鳥取県,2466,#MA3#,鳥取県,0,,-
Lincle,Almace,0,,-,423,S,鳥取県,1245,RAY$,鳥取県,1957,59SO2,鳥取県,0,,-
Lincle,532nm,0,,-,0,,-,926,HIKARI,鳥取県,2644,VIOLA.,鳥取県,0,,-
Lincle,24th Century BOY,0,,-,777,HIKARI,鳥取県,1919,931,鳥取県,2779,#MA3#,鳥取県,0,,-
tricoro,龍と少女とデコヒーレンス,0,,-,572,NOA,鳥取県,1326,NWA,鳥取県,2955,#MA3#,鳥取県,3316,VIOLA.,鳥取県
tricoro,音楽,0,,-,0,,-,1813,RAY$,鳥取県,2694,VIOLA.,鳥取県,0,,-
tricoro,狂イ咲ケ焔ノ華,0,,-,787,LUNACO,鳥取県,2429,31KING,鳥取県,3524,#MA3#,鳥取県,0,,-
tricoro,梅雪夜,0,,-,694,UTO,鳥取県,1229,HIKARI,鳥取県,2138,#MA3#,鳥取県,0,,-
tricoro,朧,168,FUBUKI,鳥取県,636,96NEKO,鳥取県,1483,53KING,鳥取県,2100,#MA3#,鳥取県,2528,VIOLA.,鳥取県
tricoro,即席！脳直★ミュージックシステム,0,,-,765,MAYO,鳥取県,1813,Y.Y,鳥取県,3424,#MA3#,鳥取県,0,,-
tricoro,創世ノート,0,,-,791,RAY$,鳥取県,1792,Y.Y,鳥取県,2870,31KING,鳥取県,0,,-
tricoro,仮想空間の旅人たち,0,,-,1143,SALOON,鳥取県,1976,POCOPI,鳥取県,2863,#MA3#,鳥取県,3818,VIOLA.,鳥取県
tricoro,下弦の月,0,,-,637,KAZAFS,鳥取県,1302,RAY$,鳥取県,1959,#MA3#,鳥取県,0,,-
tricoro,ラキラキ,0,,-,0,,-,1465,DEBU**,鳥取県,1924,31KING,鳥取県,0,,-
tricoro,メイメツ、フラグメンツ,0,,-,420,UTX.,鳥取県,1244,RAY$,鳥取県,1939,#MA3#,鳥取県,0,,-
tricoro,トリカゴノ鳳凰,0,,-,556,MAYO,鳥取県,1691,E1K1,鳥取県,3716,VIOLA.,鳥取県,0,,-
tricoro,シュレーディンガーの猫,0,,-,950,HIKARI,鳥取県,2380,31KING,鳥取県,3277,#MA3#,鳥取県,0,,-
tricoro,キャトられ恋はモ～モク,0,,-,1400,RAY$,鳥取県,2626,31KING,鳥取県,3744,VIOLA.,鳥取県,0,,-
tricoro,カジノファイヤーことみちゃん,0,,-,406,ANKO*,鳥取県,1071,SIN#,鳥取県,2313,#MA3#,鳥取県,0,,-
tricoro,アストライアの双皿,0,,-,668,RAY$,鳥取県,2023,DEBU**,鳥取県,3000,#MA3#,鳥取県,0,,-
tricoro,たまゆら,0,,-,977,SIKAGO,鳥取県,1728,RAY$,鳥取県,2726,#MA3#,鳥取県,0,,-
tricoro,お米の美味しい炊き方、そしてお米を食べることによるその効果。,0,,-,529,N-BEAN,鳥取県,1237,HIKARI,鳥取県,2037,KYORSK,鳥取県,0,,-
tricoro,†渚の小悪魔ラヴリィ～レイディオ†(IIDX EDIT),96,KYANN,鳥取県,384,ANKO*,鳥取県,1640,931,鳥取県,3507,#MA3#,鳥取県,0,,-
tricoro,ΕΛΠΙΣ,0,,-,1045,HIKARI,鳥取県,2097,31KING,鳥取県,3092,#MA3#,鳥取県,0,,-
tricoro,Zirkfied,0,,-,880,HIKARI,鳥取県,2009,31KING,鳥取県,3682,VIOLA.,鳥取県,0,,-
tricoro,ZED,0,,-,0,,-,1440,NWA,鳥取県,2726,#MA3#,鳥取県,0,,-
tricoro,VEGA,0,,-,1002,GIGLIO,鳥取県,1736,RAY$,鳥取県,3081,VIOLA.,鳥取県,0,,-
tricoro,VALLIS-NERIA,223,GORO56,鳥取県,994,GIGLIO,鳥取県,2087,31KING,鳥取県,2868,#MA3#,鳥取県,0,,-
tricoro,Valanga,0,,-,1147,HIKARI,鳥取県,2205,VIOLA.,鳥取県,3237,VIOLA.,鳥取県,0,,-
tricoro,True Blue,0,,-,971,HIKARI,鳥取県,2497,31KING,鳥取県,3760,VIOLA.,鳥取県,0,,-
tricoro,To my star,0,,-,301,TIETS,鳥取県,0,,-,1736,VIOLA.,鳥取県,0,,-
tricoro,Timepiece phase II (CN Ver.),0,,-,0,,-,1829,53KING,鳥取県,2949,VIOLA.,鳥取県,0,,-
tricoro,Timepiece phase II,0,,-,0,,-,2096,UMEKOO,鳥取県,3082,#MA3#,鳥取県,0,,-
tricoro,Time To Empress,0,,-,894,RAY$,鳥取県,1789,RAY$,鳥取県,2594,#MA3#,鳥取県,0,,-
tricoro,Thor's Hammer,0,,-,0,,-,1626,Y.Y,鳥取県,2839,#MA3#,鳥取県,0,,-
tricoro,Take My Life,0,,-,586,K,鳥取県,1485,NKO,鳥取県,2860,#MA3#,鳥取県,0,,-
tricoro,Synergy For Angels,0,,-,899,RAY$,鳥取県,1631,RAY$,鳥取県,2672,31KING,鳥取県,0,,-
tricoro,SYNC-ANTHEM,0,,-,230,AOI,鳥取県,2028,GRAN,鳥取県,3630,#MA3#,鳥取県,0,,-
tricoro,STULTI,0,,-,0,,-,1270,DONNMA,鳥取県,2636,#MA3#,鳥取県,0,,-
tricoro,Sol Cosine Job 2,0,,-,907,HIKARI,鳥取県,1623,Y.Y,鳥取県,3081,#MA3#,鳥取県,0,,-
tricoro,SHION,0,,-,658,RAY$,鳥取県,1266,N34R.S,鳥取県,2691,#MA3#,鳥取県,0,,-
tricoro,Shining World,0,,-,771,PEPPER,鳥取県,1541,RAY$,鳥取県,1925,DEBU**,鳥取県,0,,-
tricoro,Saturn,0,,-,942,HIKARI,鳥取県,1760,Y.Y,鳥取県,2561,VIOLA.,鳥取県,0,,-
tricoro,S!ck,0,,-,0,,-,1222,HIKARI,鳥取県,2659,#MA3#,鳥取県,0,,-
tricoro,rumrum triplets,0,,-,0,,-,1877,Y.Y,鳥取県,2987,#MA3#,鳥取県,0,,-
tricoro,Re:GENERATION,135,MARK,鳥取県,0,,-,1432,INAMEM,鳥取県,2236,#MA3#,鳥取県,0,,-
tricoro,Rainbow after snow,0,,-,601,BURNES,鳥取県,1246,HIKARI,鳥取県,2151,59SO2,鳥取県,0,,-
tricoro,Proof of the existence,0,,-,1035,HIKARI,鳥取県,1937,Y.Y,鳥取県,3124,VIOLA.,鳥取県,0,,-
tricoro,Praludium,0,,-,678,RAY$,鳥取県,1352,RAY$,鳥取県,2189,31KING,鳥取県,0,,-
tricoro,POINT ZERO,0,,-,0,,-,565,RAINY*,鳥取県,2026,59SO2,鳥取県,0,,-
tricoro,planarian,0,,-,700,RAY$,鳥取県,1654,931,鳥取県,2533,#MA3#,鳥取県,0,,-
tricoro,Plan 8,0,,-,880,JAEIL,鳥取県,2209,DEBU**,鳥取県,3058,#MA3#,鳥取県,0,,-
tricoro,New Lights,0,,-,0,,-,1495,FOOTBT,鳥取県,2454,#MA3#,鳥取県,0,,-
tricoro,New Decade IIDX Edition,225,SAKI,鳥取県,433,AAA,鳥取県,1654,FOOTBT,鳥取県,2932,#MA3#,鳥取県,0,,-
tricoro,neu,118,TETSU.,鳥取県,0,,-,2169,31KING,鳥取県,3858,#MA3#,鳥取県,0,,-
tricoro,Neonlights,0,,-,657,RAY$,鳥取県,1439,MEI,鳥取県,2195,#MA3#,鳥取県,0,,-
tricoro,mnemoniq,0,,-,514,RAY$,鳥取県,589,BEE!!!,鳥取県,1285,59SO2,鳥取県,0,,-
tricoro,LUV CAN SAVE U,0,,-,0,,-,1119,KNNK.,鳥取県,2099,59SO2,鳥取県,2678,UMEKOO,鳥取県
tricoro,Little Star,0,,-,560,MAYO,鳥取県,1678,KOKECY,鳥取県,3111,#MA3#,鳥取県,0,,-
tricoro,Light and Cyber…,0,,-,0,,-,1761,POCOPI,鳥取県,3086,VIOLA.,鳥取県,0,,-
tricoro,Liberation,0,,-,1122,8I,鳥取県,2343,UMEKOO,鳥取県,3655,#MA3#,鳥取県,0,,-
tricoro,JOMANDA,124,GORO56,鳥取県,1000,GIGLIO,鳥取県,2077,TE0,鳥取県,3585,#MA3#,鳥取県,0,,-
tricoro,In Heaven,0,,-,241,BR1AN,鳥取県,1068,ZERO,鳥取県,2105,#MA3#,鳥取県,0,,-
tricoro,Illegal Function Call,0,,-,546,JOEEEE,鳥取県,1760,53KING,鳥取県,2517,VIOLA.,鳥取県,0,,-
tricoro,ILIAS,0,,-,0,,-,1257,RAY$,鳥取県,2159,#MA3#,鳥取県,0,,-
tricoro,I know You know,0,,-,322,TIETS,鳥取県,1026,HIKARI,鳥取県,1834,#MA3#,鳥取県,0,,-
tricoro,Howling,0,,-,525,RAY$,鳥取県,1110,HIKARI,鳥取県,1844,RAY$,鳥取県,2195,Y.Y,鳥取県
tricoro,Hollywood Galaxy,0,,-,429,AAA,鳥取県,1993,31KING,鳥取県,2706,VIOLA.,鳥取県,0,,-
tricoro,GRADIUS 2012,0,,-,0,,-,1403,NWA,鳥取県,2593,DEBU**,鳥取県,0,,-
tricoro,GAIA,0,,-,474,AAA,鳥取県,2202,31KING,鳥取県,3258,VIOLA.,鳥取県,0,,-
tricoro,Fly you to the star,0,,-,754,RAY$,鳥取県,1525,RAY$,鳥取県,2249,#MA3#,鳥取県,0,,-
tricoro,FLOWER,286,MOCHI,鳥取県,951,GIGLIO,鳥取県,1651,ES,鳥取県,2853,VIOLA.,鳥取県,0,,-
tricoro,examination leave,0,,-,748,MONG-,鳥取県,1787,BON,鳥取県,3379,VIOLA.,鳥取県,0,,-
tricoro,Elemental Creation,174,GORO56,鳥取県,1044,8I,鳥取県,2399,31KING,鳥取県,4073,#MA3#,鳥取県,0,,-
tricoro,Devilz Staircase,0,,-,589,HPF,鳥取県,2103,SOYJOY,鳥取県,3174,VIOLA.,鳥取県,0,,-
tricoro,DAY DREAM,0,,-,529,VIOLA.,鳥取県,1105,KYORSK,鳥取県,1946,#MA3#,鳥取県,0,,-
tricoro,Cookie Bouquets,0,,-,494,YATAO?,鳥取県,1738,RANK00,鳥取県,3395,#MA3#,鳥取県,0,,-
tricoro,connective,0,,-,0,,-,929,2-MAS*,鳥取県,1553,X*,鳥取県,0,,-
tricoro,Confiserie,0,,-,649,RB*FIL,鳥取県,2100,31KING,鳥取県,3488,VIOLA.,鳥取県,0,,-
tricoro,CONCEPTUAL,0,,-,556,AAAAAA,鳥取県,1182,HIKARI,鳥取県,2681,VIOLA.,鳥取県,0,,-
tricoro,BRAVE GLOW,0,,-,637,GIGLIO,鳥取県,1567,RAY$,鳥取県,2459,#MA3#,鳥取県,0,,-
tricoro,BLUE STRAGGLER,0,,-,447,GORO56,鳥取県,0,,-,2559,#MA3#,鳥取県,0,,-
tricoro,Beastie Starter,0,,-,255,TIETS,鳥取県,916,HIKARI,鳥取県,2043,VIOLA.,鳥取県,0,,-
tricoro,Ascalon,0,,-,0,,-,1356,POOH,鳥取県,2276,VIOLA.,鳥取県,0,,-
tricoro,8bit Princess,0,,-,498,96NEKO,鳥取県,954,PEPPER,鳥取県,2612,#MA3#,鳥取県,0,,-
tricoro,405nm (Ryu☆mix),0,,-,613,SIBA,鳥取県,1641,MOO,鳥取県,2562,#MA3#,鳥取県,0,,-
SPADA,轟け！恋のビーンボール！！,0,,-,738,MAYO,鳥取県,1875,SOYJOY,鳥取県,3438,#MA3#,鳥取県,0,,-
SPADA,超!!遠距離らぶメ～ル,0,,-,269,EVOL,鳥取県,1331,RANK00,鳥取県,2590,DEBU**,鳥取県,0,,-
SPADA,罪と罰,0,,-,833,SIBA,鳥取県,1383,53KING,鳥取県,2153,#MA3#,鳥取県,0,,-
SPADA,疾風迅雷,0,,-,0,,-,2034,31KING,鳥取県,2870,#MA3#,鳥取県,3262,VIOLA.,鳥取県
SPADA,牧神笛吹きて,0,,-,713,RAY$,鳥取県,1251,RAY$,鳥取県,1982,31KING,鳥取県,0,,-
SPADA,煉獄のエルフェリア,0,,-,1169,RANK00,鳥取県,2323,31KING,鳥取県,3843,VIOLA.,鳥取県,0,,-
SPADA,海神,0,,-,984,HIKARI,鳥取県,2002,SOYJOY,鳥取県,3109,#MA3#,鳥取県,0,,-
SPADA,旋律のドグマ～Miserables～,0,,-,1123,HIKARI,鳥取県,2448,31KING,鳥取県,3871,#MA3#,鳥取県,0,,-
SPADA,廿,0,,-,0,,-,1390,*90000,鳥取県,2231,31KING,鳥取県,3211,#MA3#,鳥取県
SPADA,幻想系世界修復少女,144,SUZUKI,鳥取県,606,RAY$,鳥取県,928,RANK00,鳥取県,1797,NAMI,鳥取県,0,,-
SPADA,バンブーソード・ガール,174,OTO72,鳥取県,0,,-,1370,WA2,鳥取県,2251,IHM.RV,鳥取県,0,,-
SPADA,デッドボヲルdeホームラン,0,,-,553,HIKARI,鳥取県,1196,RANK00,鳥取県,2661,#MA3#,鳥取県,0,,-
SPADA,アルストロメリア,146,GORO56,鳥取県,661,NOA,鳥取県,1492,RAY$,鳥取県,2348,3UTHER,鳥取県,0,,-
SPADA,お願いアインシュタイン,0,,-,369,UTX.,鳥取県,1470,53KING,鳥取県,2016,SOYJOY,鳥取県,0,,-
SPADA,Wonder Girl feat. Kanae Asaba,0,,-,695,RAY$,鳥取県,1097,WA2,鳥取県,2777,#MA3#,鳥取県,0,,-
SPADA,VOX UP,0,,-,1377,QVM*,鳥取県,2661,31KING,鳥取県,3514,#MA3#,鳥取県,0,,-
SPADA,Verflucht,0,,-,1224,KOITSU,鳥取県,2121,UMEKOO,鳥取県,3530,VIOLA.,鳥取県,4620,VIOLA.,鳥取県
SPADA,Valgus,0,,-,625,RAY$,鳥取県,1155,HIKARI,鳥取県,2330,#MA3#,鳥取県,0,,-
SPADA,Unicorn tail,0,,-,531,GORO56,鳥取県,1895,RAY$,鳥取県,3116,#MA3#,鳥取県,0,,-
SPADA,THE DETONATOR,0,,-,1299,HIKARI,鳥取県,2420,31KING,鳥取県,3076,31KING,鳥取県,0,,-
SPADA,Squeeze,0,,-,0,,-,1283,34PONY,鳥取県,2332,31KING,鳥取県,0,,-
SPADA,Sigmund,0,,-,1244,GIGLIO,鳥取県,2335,31KING,鳥取県,3767,VIOLA.,鳥取県,4115,VIOLA.,鳥取県
SPADA,SCHWARZSCHILD FIELD,0,,-,0,,-,1190,SANTAK,鳥取県,2267,DEBU**,鳥取県,0,,-
SPADA,RIZING YOU UP,0,,-,0,,-,1975,SHUAIS,鳥取県,2541,#MA3#,鳥取県,0,,-
SPADA,RISE,0,,-,0,,-,982,RANK00,鳥取県,1853,#MA3#,鳥取県,0,,-
SPADA,refractive index,0,,-,0,,-,1237,RANK00,鳥取県,2626,X*,鳥取県,0,,-
SPADA,Recollection,0,,-,0,,-,1560,POOH,鳥取県,2214,#MA3#,鳥取県,0,,-
SPADA,rainbow guitar weeps,0,,-,717,SIBA,鳥取県,1809,931,鳥取県,2703,VIOLA.,鳥取県,0,,-
SPADA,ra'am,0,,-,985,BON,鳥取県,1751,31KING,鳥取県,2745,VIOLA.,鳥取県,0,,-
SPADA,PUNISHER,0,,-,1098,RAY$,鳥取県,1966,RAY$,鳥取県,3501,#MA3#,鳥取県,0,,-
SPADA,Pharaoh,0,,-,285,TIETS,鳥取県,1376,931,鳥取県,2395,UMEKOO,鳥取県,0,,-
SPADA,Overload Frontier,0,,-,536,SIBA,鳥取県,740,EX.,鳥取県,2541,VIOLA.,鳥取県,0,,-
SPADA,Odin,0,,-,772,RAY$,鳥取県,575,RAINY*,鳥取県,2036,31KING,鳥取県,0,,-
SPADA,NPC World,0,,-,0,,-,1563,931,鳥取県,2082,B,鳥取県,0,,-
SPADA,Miracle 5ympho X,0,,-,460,LUNACO,鳥取県,1255,RAY$,鳥取県,2514,931,鳥取県,0,,-
SPADA,MAGIC & LOVE,0,,-,629,MAYO,鳥取県,1737,RAY$,鳥取県,2865,#MA3#,鳥取県,0,,-
SPADA,MAD ATTACK,0,,-,328,TIETS,鳥取県,676,YAMI,鳥取県,1915,#MA3#,鳥取県,0,,-
SPADA,m1dy Deluxe,0,,-,938,HIKARI,鳥取県,1614,53KING,鳥取県,2451,31KING,鳥取県,0,,-
SPADA,M.D.Injection,0,,-,310,TIETS,鳥取県,0,,-,2318,31KING,鳥取県,0,,-
SPADA,Lighting Shower,0,,-,327,AAA,鳥取県,1050,HIKARI,鳥取県,2362,#MA3#,鳥取県,0,,-
SPADA,Last Dance,0,,-,689,YAMI,鳥取県,1962,31KING,鳥取県,3166,#MA3#,鳥取県,0,,-
SPADA,KHAMEN BREAK,0,,-,431,GORO56,鳥取県,1253,RAY$,鳥取県,2419,31KING,鳥取県,0,,-
SPADA,KAISER PHOENIX,0,,-,1264,34PONY,鳥取県,2030,SALOON,鳥取県,3189,VIOLA.,鳥取県,3747,#MA3#,鳥取県
SPADA,IX,0,,-,1123,HIKARI,鳥取県,2363,31KING,鳥取県,3804,VIOLA.,鳥取県,0,,-
SPADA,invoker,0,,-,0,,-,1822,SHUAIS,鳥取県,3155,VIOLA.,鳥取県,3482,#MA3#,鳥取県
SPADA,into the battlefield,0,,-,720,RAY$,鳥取県,1214,RANK00,鳥取県,2353,#MA3#,鳥取県,0,,-
SPADA,INSOMNIA,0,,-,794,RAY$,鳥取県,1697,Y.Y,鳥取県,3133,VIOLA.,鳥取県,0,,-
SPADA,Insane Techniques,0,,-,727,RAY$,鳥取県,1058,RANK00,鳥取県,2418,#MA3#,鳥取県,0,,-
SPADA,"Idola ",0,,-,894,ARU,鳥取県,2311,31KING,鳥取県,3507,#MA3#,鳥取県,0,,-
SPADA,I will be back -オレは帰ってきた-,0,,-,707,HINATI,鳥取県,1420,RANK00,鳥取県,2716,KYORSK,鳥取県,0,,-
SPADA,Hypersonik,0,,-,0,,-,1718,UMEKOO,鳥取県,2489,#MA3#,鳥取県,0,,-
SPADA,HYENA,0,,-,832,N-BEAN,鳥取県,1471,GIGLIO,鳥取県,2769,#MA3#,鳥取県,0,,-
SPADA,Funny shuffle,0,,-,472,DANI,鳥取県,1073,BON,鳥取県,2267,#MA3#,鳥取県,0,,-
SPADA,Feel The Beat,0,,-,1196,HIKARI,鳥取県,2180,31KING,鳥取県,3494,#MA3#,鳥取県,4215,VIOLA.,鳥取県
SPADA,EXTREME MACH COLLIDER,0,,-,0,,-,1128,HIKARI,鳥取県,2511,VIOLA.,鳥取県,0,,-
SPADA,Engraved Mark,0,,-,789,RAY$,鳥取県,1030,PUYO-M,鳥取県,2373,#MA3#,鳥取県,0,,-
SPADA,Element of SPADA,0,,-,543,MOCHI,鳥取県,1338,931,鳥取県,2065,#MA3#,鳥取県,0,,-
SPADA,Elektrick U-Phoria,0,,-,732,TAKO,鳥取県,1581,KAZU**,鳥取県,3063,#MA3#,鳥取県,0,,-
SPADA,diagram,0,,-,0,,-,1140,RANK00,鳥取県,2806,#MA3#,鳥取県,0,,-
SPADA,Devilz Sacrifice -贖罪の羊-,0,,-,694,SIBA,鳥取県,1577,TIARA,鳥取県,2435,#MA3#,鳥取県,0,,-
SPADA,DARK LEGACY,0,,-,0,,-,1676,KMY,鳥取県,3527,VIOLA.,鳥取県,0,,-
SPADA,Dark Fall,0,,-,406,AAA,鳥取県,1188,HIKARI,鳥取県,2518,IHM.RV,鳥取県,0,,-
SPADA,Critical Crystal,0,,-,935,HIKARI,鳥取県,1661,OWO,鳥取県,2852,#MA3#,鳥取県,0,,-
SPADA,Close the World feat.a☆ru,0,,-,1129,DEBU**,鳥取県,2061,31KING,鳥取県,3375,VIOLA.,鳥取県,3720,#MA3#,鳥取県
SPADA,Cleopatrysm,0,,-,781,RAY$,鳥取県,1255,SUMI,鳥取県,2428,UMEKOO,鳥取県,0,,-
SPADA,Claiomh Solais,0,,-,0,,-,1211,GIGLIO,鳥取県,2048,53KING,鳥取県,0,,-
SPADA,BRAVE OUT,0,,-,423,AAA,鳥取県,1300,NWA,鳥取県,2126,#MA3#,鳥取県,0,,-
SPADA,BRAINSTORM,0,,-,0,,-,1941,31KING,鳥取県,2768,VIOLA.,鳥取県,0,,-
SPADA,BLUE DRAGON(雷龍RemixIIDX),0,,-,1369,BON,鳥取県,2194,31KING,鳥取県,3310,#MA3#,鳥取県,0,,-
SPADA,ATHER,0,,-,719,N-BEAN,鳥取県,1497,RAY$,鳥取県,2780,#MA3#,鳥取県,0,,-
SPADA,Ancient Scapes,0,,-,801,UWU$,鳥取県,2051,31KING,鳥取県,3395,#MA3#,鳥取県,4113,#MA3#,鳥取県
SPADA,ALBA -黎明-,0,,-,514,N-BEAN,鳥取県,1470,RAY$,鳥取県,3200,VIOLA.,鳥取県,0,,-
SPADA,Adularia,196,RAY$,鳥取県,911,HIKARI,鳥取県,1832,31KING,鳥取県,2826,VIOLA.,鳥取県,0,,-
PENDUAL,Ｘ↑Ｘ↓,0,,-,848,HIKARI,鳥取県,1645,RAY$,鳥取県,2825,#MA3#,鳥取県,0,,-
PENDUAL,鬼天,0,,-,827,HIKARI,鳥取県,1452,RAY$,鳥取県,2428,59SO2,鳥取県,0,,-
PENDUAL,超青少年ノ為ノ超多幸ナ超古典的超舞曲,0,,-,806,DANI,鳥取県,2007,UMEKOO,鳥取県,2675,VIOLA.,鳥取県,4044,VIOLA.,鳥取県
PENDUAL,表裏一体！？怪盗いいんちょの悩み,0,,-,889,HIKARI,鳥取県,1947,34PONY,鳥取県,3460,#MA3#,鳥取県,0,,-
PENDUAL,紅牡丹,348,GORO56,鳥取県,950,HIKARI,鳥取県,1720,ARU,鳥取県,2828,#MA3#,鳥取県,0,,-
PENDUAL,白露の風,0,,-,74,344328,鳥取県,930,RANK00,鳥取県,1980,53KING,鳥取県,0,,-
PENDUAL,時空トラベローグ,0,,-,779,YAMI,鳥取県,1656,RAY$,鳥取県,2617,VIOLA.,鳥取県,0,,-
PENDUAL,打打打打打打打打打打,159,ANKO*,鳥取県,620,SAKI,鳥取県,1291,TE0,鳥取県,2563,DEBU**,鳥取県,0,,-
PENDUAL,恋は白帯、サンシロー,0,,-,342,TIETS,鳥取県,862,PEPPER,鳥取県,1995,31KING,鳥取県,2751,#MA3#,鳥取県
PENDUAL,少年は空を辿る,0,,-,787,UWU$,鳥取県,2050,31KING,鳥取県,3157,#MA3#,鳥取県,0,,-
PENDUAL,妖隠し -あやかしかくし-,0,,-,584,NOA,鳥取県,1571,31KING,鳥取県,2159,#MA3#,鳥取県,0,,-
PENDUAL,夏色DIARY - L.E.D.-G STYLE MIX -,0,,-,778,HIKARI,鳥取県,1671,RAY$,鳥取県,3048,VIOLA.,鳥取県,0,,-
PENDUAL,取り残された美術(Arranged:HiZuMi),193,K08,鳥取県,578,SAKI,鳥取県,1621,NKO,鳥取県,2198,VIOLA.,鳥取県,0,,-
PENDUAL,千年ノ理,0,,-,1167,DEBU**,鳥取県,1778,NKO,鳥取県,3149,#MA3#,鳥取県,4157,#MA3#,鳥取県
PENDUAL,十六夜セツナ,0,,-,789,O10NA4,鳥取県,1261,POOH,鳥取県,2235,VIOLA.,鳥取県,0,,-
PENDUAL,共鳴遊戯の華,0,,-,1154,HIKARI,鳥取県,2468,31KING,鳥取県,3848,VIOLA.,鳥取県,0,,-
PENDUAL,リリーゼと炎龍レーヴァテイン,0,,-,734,YURUI,鳥取県,2299,31KING,鳥取県,3365,#MA3#,鳥取県,0,,-
PENDUAL,ベィスドロップ・フリークス,0,,-,631,RAY$,鳥取県,1251,931,鳥取県,2179,59SO2,鳥取県,0,,-
PENDUAL,パ→ピ→プ→Yeah!,219,SUZUKI,鳥取県,992,KOITSU,鳥取県,1485,RAY$,鳥取県,2524,#MA3#,鳥取県,0,,-
PENDUAL,ドッキン☆サマーあばんちゅーる,0,,-,755,SIBA,鳥取県,1700,RAY$,鳥取県,2764,DEBU**,鳥取県,0,,-
PENDUAL,もっと！モット！ときめき feat. 松下,0,,-,1095,HIKARI,鳥取県,1850,RAY$,鳥取県,2606,VIOLA.,鳥取県,0,,-
PENDUAL,ぷろぐれっしぶ時空少女！うらしまたろ子ちゃん！,0,,-,459,MAYO,鳥取県,672,MAYO,鳥取県,2458,DEBU**,鳥取県,0,,-
PENDUAL,とろぴかる倶楽部,0,,-,806,931,鳥取県,1177,SUMI,鳥取県,2251,#MA3#,鳥取県,0,,-
PENDUAL,それは花火のような恋,564,MOCHI,鳥取県,897,N-BEAN,鳥取県,2549,31KING,鳥取県,3817,VIOLA.,鳥取県,0,,-
PENDUAL,ZZ,163,96NEKO,鳥取県,0,,-,2024,53KING,鳥取県,3020,VIOLA.,鳥取県,0,,-
PENDUAL,We're so Happy (P*Light Remix) IIDX ver.,0,,-,0,,-,2297,31KING,鳥取県,3603,#MA3#,鳥取県,0,,-
PENDUAL,Vulkan,0,,-,930,HIKARI,鳥取県,2026,31KING,鳥取県,2906,31KING,鳥取県,0,,-
PENDUAL,TOXIC VIBRATION,0,,-,1430,HIKARI,鳥取県,2418,31KING,鳥取県,3713,#MA3#,鳥取県,0,,-
PENDUAL,TIEFSEE,0,,-,1163,HIKARI,鳥取県,2137,UMEKOO,鳥取県,3447,VIOLA.,鳥取県,0,,-
PENDUAL,The Least 100sec,0,,-,0,,-,1304,RAY$,鳥取県,2828,VIOLA.,鳥取県,0,,-
PENDUAL,TA・DA ☆ YO・SHI,0,,-,745,SIBA,鳥取県,1313,NWA,鳥取県,2209,UMEKOO,鳥取県,0,,-
PENDUAL,Symmetry,0,,-,737,YAMI,鳥取県,2089,31KING,鳥取県,3252,VIOLA.,鳥取県,0,,-
PENDUAL,Sweet Radar,0,,-,649,KOKECY,鳥取県,1368,53KING,鳥取県,2014,#MA3#,鳥取県,0,,-
PENDUAL,SpaceLand☆TOYBOX,0,,-,1035,KOITSU,鳥取県,1721,UMEKOO,鳥取県,2846,#MA3#,鳥取県,0,,-
PENDUAL,"Sounds Of Summer ",0,,-,794,SIBA,鳥取県,2105,31KING,鳥取県,2918,#MA3#,鳥取県,0,,-
PENDUAL,Shooting Fireball,0,,-,0,,-,2287,31KING,鳥取県,3861,VIOLA.,鳥取県,0,,-
PENDUAL,Scars of FAUNA,0,,-,0,,-,1533,RAY$,鳥取県,2862,#MA3#,鳥取県,0,,-
PENDUAL,Scarlet Moon,0,,-,767,PEPPER,鳥取県,1337,BANBNO,鳥取県,2692,#MA3#,鳥取県,0,,-
PENDUAL,Say YEEEAHH,0,,-,1024,HIKARI,鳥取県,1736,345.T,鳥取県,3124,VIOLA.,鳥取県,0,,-
PENDUAL,SAMSARA,0,,-,331,AAA,鳥取県,1389,Y.Y,鳥取県,2040,#MA3#,鳥取県,0,,-
PENDUAL,Sakura Mirage,0,,-,747,MAIAN,鳥取県,1072,NWA,鳥取県,2325,#MA3#,鳥取県,0,,-
PENDUAL,Reflux,0,,-,0,,-,1583,UMEKOO,鳥取県,2906,VIOLA.,鳥取県,0,,-
PENDUAL,Realize Maze,0,,-,1202,34PONY,鳥取県,1894,RAY$,鳥取県,2948,#MA3#,鳥取県,0,,-
PENDUAL,"Rave*it!! Rave*it!! ",0,,-,902,HIKARI,鳥取県,1687,31KING,鳥取県,3128,VIOLA.,鳥取県,0,,-
PENDUAL,PENDUAL TALISMAN,0,,-,919,HIKARI,鳥取県,1376,2-MAS*,鳥取県,2546,#MA3#,鳥取県,0,,-
PENDUAL,On My Wings(Hardstyle IIDX),0,,-,367,SYU,鳥取県,1074,HIKARI,鳥取県,1962,VIOLA.,鳥取県,0,,-
PENDUAL,No Tears,0,,-,869,HIKARI,鳥取県,1945,34PONY,鳥取県,2515,#MA3#,鳥取県,0,,-
PENDUAL,Night sky,0,,-,874,PEPPER,鳥取県,1898,31KING,鳥取県,2833,31KING,鳥取県,0,,-
PENDUAL,NEO GENERATOR SEVEN,0,,-,411,AAA,鳥取県,1905,31KING,鳥取県,3237,VIOLA.,鳥取県,0,,-
PENDUAL,Monopole.,0,,-,784,RAY$,鳥取県,1450,RAY$,鳥取県,3236,#MA3#,鳥取県,0,,-
PENDUAL,m1dy Festival,0,,-,0,,-,1099,HIKARI,鳥取県,2349,31KING,鳥取県,0,,-
PENDUAL,Line 4 Ruin,0,,-,412,HIRO,鳥取県,1796,53KING,鳥取県,2772,VIOLA.,鳥取県,0,,-
PENDUAL,IXION,0,,-,0,,-,1759,931,鳥取県,2149,VIOLA.,鳥取県,0,,-
PENDUAL,Invitation from Mr.C,0,,-,1091,34PONY,鳥取県,1324,NWA,鳥取県,2642,#MA3#,鳥取県,0,,-
PENDUAL,In The Breeze,0,,-,634,RAY$,鳥取県,695,LUNACO,鳥取県,1707,59SO2,鳥取県,0,,-
PENDUAL,IMPLANTATION,0,,-,558,HIKARI,鳥取県,1534,LIGHT,鳥取県,2244,VIOLA.,鳥取県,0,,-
PENDUAL,illuminate,0,,-,0,,-,1355,RAY$,鳥取県,2267,#MA3#,鳥取県,0,,-
PENDUAL,Hello Happiness,0,,-,699,ARU,鳥取県,1532,ARU,鳥取県,2271,#MA3#,鳥取県,0,,-
PENDUAL,HELL SCAPER -Last Escape Remix-,0,,-,399,AAA,鳥取県,1394,HIKARI,鳥取県,2753,#MA3#,鳥取県,0,,-
PENDUAL,Gravigazer,0,,-,778,GIGLIO,鳥取県,1847,31KING,鳥取県,2879,#MA3#,鳥取県,0,,-
PENDUAL,Flashes,0,,-,647,YAMI,鳥取県,1605,BON,鳥取県,3200,#MA3#,鳥取県,0,,-
PENDUAL,FANTASTIC THREE,0,,-,973,HIKARI,鳥取県,2257,#MA3#,鳥取県,3021,#MA3#,鳥取県,0,,-
PENDUAL,fallen leaves -IIDX edition-,0,,-,1049,HIKARI,鳥取県,1923,Y.Y,鳥取県,3326,VIOLA.,鳥取県,0,,-
PENDUAL,"Erosion Mark  ",0,,-,765,RAY$,鳥取県,860,MAYO,鳥取県,2144,#MA3#,鳥取県,0,,-
PENDUAL,entelecheia,0,,-,921,HIKARI,鳥取県,2150,31KING,鳥取県,3239,VIOLA.,鳥取県,0,,-
PENDUAL,EBONY & IVORY,0,,-,973,RAY$,鳥取県,1547,SHUAIS,鳥取県,2906,#MA3#,鳥取県,3450,VIOLA.,鳥取県
PENDUAL,Discloze,0,,-,565,RAINY*,鳥取県,1304,SUMI,鳥取県,2550,#MA3#,鳥取県,0,,-
PENDUAL,Despair of ELFERIA,0,,-,1079,HIKARI,鳥取県,2407,31KING,鳥取県,3994,#MA3#,鳥取県,0,,-
PENDUAL,Cosmic Cat,0,,-,641,YAMI,鳥取県,1584,RAY$,鳥取県,2258,#MA3#,鳥取県,3133,#MA3#,鳥取県
PENDUAL,"COLOSSEUM ",0,,-,557,RAY$,鳥取県,1080,KMY,鳥取県,2261,DEBU**,鳥取県,0,,-
PENDUAL,cinder,0,,-,450,MOOTY,鳥取県,1884,Y.Y,鳥取県,3007,#MA3#,鳥取県,0,,-
PENDUAL,Chronos,0,,-,336,AAA,鳥取県,1291,34PONY,鳥取県,2329,59SO2,鳥取県,0,,-
PENDUAL,Chrono Diver -PENDULUMs-,349,ANKO*,鳥取県,1366,34PONY,鳥取県,2670,31KING,鳥取県,4300,VIOLA.,鳥取県,0,,-
PENDUAL,CHRONO DIVER -NORNIR-,0,,-,493,AAA,鳥取県,2210,UMEKOO,鳥取県,3054,#MA3#,鳥取県,4346,#MA3#,鳥取県
PENDUAL,chrono diver -fragment-,0,,-,330,TIETS,鳥取県,1001,2-MAS*,鳥取県,1783,59SO2,鳥取県,2180,POPRAN,鳥取県
PENDUAL,Chain of pain,0,,-,359,GORO56,鳥取県,1150,GIGLIO,鳥取県,2213,#MA3#,鳥取県,0,,-
PENDUAL,Broken Sword,0,,-,768,MAYO,鳥取県,2041,31KING,鳥取県,3669,VIOLA.,鳥取県,0,,-
PENDUAL,BLUE MIRAGE,0,,-,0,,-,1750,345.T,鳥取県,2940,VIOLA.,鳥取県,0,,-
PENDUAL,Blaze it UP!,0,,-,865,HIKARI,鳥取県,1723,34PONY,鳥取県,2922,#MA3#,鳥取県,0,,-
PENDUAL,Beyond The Earth,0,,-,0,,-,1924,ARU,鳥取県,3093,#MA3#,鳥取県,0,,-
PENDUAL,Beat Radiance,0,,-,905,HIKARI,鳥取県,1561,NKO,鳥取県,2598,31KING,鳥取県,3539,VIOLA.,鳥取県
PENDUAL,AFRO KNUCKLE,0,,-,928,KOITSU,鳥取県,1317,RANK00,鳥取県,2361,#MA3#,鳥取県,0,,-
PENDUAL,#The_Relentless,0,,-,985,HIKARI,鳥取県,1589,34PONY,鳥取県,2892,#MA3#,鳥取県,0,,-
copula,麗 ～うらら～,0,,-,792,ARU,鳥取県,1718,53KING,鳥取県,2621,VIOLA.,鳥取県,0,,-
copula,駅猫のワルツ,0,,-,970,HIKARI,鳥取県,2121,#MA3#,鳥取県,2708,VIOLA.,鳥取県,0,,-
copula,量子の海のリントヴルム,0,,-,699,JAEIL,鳥取県,1496,KMY,鳥取県,2926,VIOLA.,鳥取県,0,,-
copula,追想快晴テーマパーク,0,,-,886,YAMI,鳥取県,2092,31KING,鳥取県,2946,31KING,鳥取県,0,,-
copula,紫陽花 -AZISAI-,0,,-,1141,HIKARI,鳥取県,1861,NKO,鳥取県,2790,#MA3#,鳥取県,0,,-
copula,真 地獄超特急 -HELL or HELL-,0,,-,1375,RAY$,鳥取県,2182,VIOLA.,鳥取県,3088,#MA3#,鳥取県,0,,-
copula,炸裂！イェーガー電光チョップ！！(JAEGER FINAL ATTACK),0,,-,0,,-,1859,SALOON,鳥取県,2418,UMEKOO,鳥取県,0,,-
copula,灼熱 Pt.2 Long Train Running,0,,-,1227,RAY$,鳥取県,2060,#MA3#,鳥取県,3124,#MA3#,鳥取県,0,,-
copula,朝焼けから始まるボクらの小さな旅,0,,-,0,,-,1526,RAY$,鳥取県,2357,31KING,鳥取県,0,,-
copula,星屑ディスタンシア,0,,-,419,MOOTY,鳥取県,1003,HPF,鳥取県,2033,#MA3#,鳥取県,0,,-
copula,明鏡止水,0,,-,0,,-,1582,34PONY,鳥取県,2698,59SO2,鳥取県,0,,-
copula,少女アリスと箱庭幻想コンチェルト,0,,-,740,34PONY,鳥取県,1115,HPF,鳥取県,2043,IHM.RV,鳥取県,0,,-
copula,セロトニン,0,,-,0,,-,1252,GIGLIO,鳥取県,2284,#MA3#,鳥取県,0,,-
copula,シュッパツシンコウ・シサカンコ,0,,-,837,N-BEAN,鳥取県,1720,RAY$,鳥取県,2415,#MA3#,鳥取県,0,,-
copula,ギョギョっと人魚 爆婚ブライダル,0,,-,464,YAMI,鳥取県,1406,RAY$,鳥取県,2303,UMEKOO,鳥取県,0,,-
copula,オルタネイトβ,0,,-,721,ARU,鳥取県,1361,RAY$,鳥取県,2243,#MA3#,鳥取県,0,,-
copula,めいさいアイドル☆あいむちゃん♪,0,,-,1136,HIKARI,鳥取県,2266,53KING,鳥取県,3272,#MA3#,鳥取県,0,,-
copula,か・し・ま・し☆PUMP UP！,0,,-,1007,HIKARI,鳥取県,1663,ALTE,鳥取県,2810,#MA3#,鳥取県,0,,-
copula,ZEPHYRANTHES,0,,-,748,HHHAMA,鳥取県,1480,344328,鳥取県,2904,#MA3#,鳥取県,0,,-
copula,X,0,,-,1348,HIKARI,鳥取県,2513,VIOLA.,鳥取県,3850,VIOLA.,鳥取県,0,,-
copula,Welcome,0,,-,368,AAA,鳥取県,1813,31KING,鳥取県,2612,#MA3#,鳥取県,3216,#MA3#,鳥取県
copula,Violet Rose,0,,-,996,HIKARI,鳥取県,1347,NWA,鳥取県,2522,#MA3#,鳥取県,0,,-
copula,Violet Pulse,0,,-,137,EVOL,鳥取県,1357,RANK00,鳥取県,2407,#MA3#,鳥取県,0,,-
copula,Uh-Oh,0,,-,595,MOCHI,鳥取県,1628,RAY$,鳥取県,2391,#MA3#,鳥取県,0,,-
copula,Triple Counter,0,,-,1218,R*KYUN,鳥取県,2230,31KING,鳥取県,3893,VIOLA.,鳥取県,0,,-
copula,Tori-no-kimochi,0,,-,0,,-,1048,HIKARI,鳥取県,1843,53KING,鳥取県,0,,-
copula,SURVIVOR,0,,-,335,NAMECO,鳥取県,1045,HIKARI,鳥取県,2000,#MA3#,鳥取県,0,,-
copula,Super Duper Racers,0,,-,926,SALOON,鳥取県,1456,RAY$,鳥取県,2318,*PIEN*,鳥取県,0,,-
copula,StrayedCatz,0,,-,903,R*KYUN,鳥取県,1980,31KING,鳥取県,2689,#MA3#,鳥取県,0,,-
copula,STARLIGHT DANCEHALL,0,,-,863,MOCHI,鳥取県,1562,GRAN,鳥取県,2646,#MA3#,鳥取県,3207,#MA3#,鳥取県
copula,STARLiGHT,0,,-,816,GIGLIO,鳥取県,1700,RAY$,鳥取県,2702,#MA3#,鳥取県,0,,-
copula,SHELTER OF THE MIND,0,,-,1389,RAY$,鳥取県,1863,RAY$,鳥取県,3013,#MA3#,鳥取県,0,,-
copula,Set U Free feat. Kanae Asaba,0,,-,0,,-,1535,53KING,鳥取県,2531,59SO2,鳥取県,0,,-
copula,Sephirot,0,,-,617,K,鳥取県,1472,BON,鳥取県,2315,VIOLA.,鳥取県,0,,-
copula,SEITEN NO TERIYAKI,0,,-,707,RAY$,鳥取県,1090,HIKARI,鳥取県,2183,31KING,鳥取県,0,,-
copula,Routing,0,,-,692,ARU,鳥取県,1523,SALOON,鳥取県,2428,#MA3#,鳥取県,0,,-
copula,Rock It,0,,-,0,,-,1303,HIKARI,鳥取県,2886,#MA3#,鳥取県,0,,-
copula,refrain,0,,-,0,,-,2327,31KING,鳥取県,3563,VIOLA.,鳥取県,0,,-
copula,quick master (reform version),0,,-,121,GEORGE,鳥取県,137,TIETS,鳥取県,501,IHM.RV,鳥取県,0,,-
copula,POSSESSION,517,VIOLA.,鳥取県,1322,3UTHER,鳥取県,2078,IHM.RV,鳥取県,2918,#MA3#,鳥取県,0,,-
copula,Outbreak,0,,-,1159,HIKARI,鳥取県,1845,31KING,鳥取県,2960,#MA3#,鳥取県,0,,-
copula,On the FM,0,,-,729,YAMI,鳥取県,994,344328,鳥取県,2742,VIOLA.,鳥取県,0,,-
copula,NZM,0,,-,916,HIKARI,鳥取県,1602,UMEKOO,鳥取県,3407,VIOLA.,鳥取県,0,,-
copula,Nowhere,0,,-,820,RAY$,鳥取県,1452,53KING,鳥取県,2161,59SO2,鳥取県,0,,-
copula,NO LIMIT -オレ達に限界は無い-,0,,-,0,,-,1066,GIGLIO,鳥取県,2242,VIOLA.,鳥取県,0,,-
copula,NINJA IS DEAD IIDX ver.,0,,-,1084,HIKARI,鳥取県,1755,MONG-,鳥取県,2940,VIOLA.,鳥取県,0,,-
copula,Nightmare before oversleep,0,,-,1075,HIKARI,鳥取県,1902,31KING,鳥取県,2901,VIOLA.,鳥取県,0,,-
copula,NANAIRO,0,,-,409,AAA,鳥取県,1657,RAY$,鳥取県,2541,#MA3#,鳥取県,0,,-
copula,Musik LoverZ,0,,-,385,AAA,鳥取県,1277,34PONY,鳥取県,2453,#MA3#,鳥取県,0,,-
copula,M4K3 1T B0UNC3,0,,-,1081,HIKARI,鳥取県,2084,31KING,鳥取県,2962,VIOLA.,鳥取県,0,,-
copula,La dolce primavera,0,,-,0,,-,1376,931,鳥取県,2126,#MA3#,鳥取県,0,,-
copula,Konzert V,0,,-,806,YAMI,鳥取県,2230,31KING,鳥取県,3283,VIOLA.,鳥取県,0,,-
copula,Journey,0,,-,335,TIETS,鳥取県,0,,-,1847,VIOLA.,鳥取県,0,,-
copula,Inner Spirit,0,,-,834,SALOON,鳥取県,1587,MEI,鳥取県,2788,#MA3#,鳥取県,0,,-
copula,Highcharge Divolt,0,,-,777,HIKARI,鳥取県,1707,31KING,鳥取県,2725,VIOLA.,鳥取県,0,,-
copula,Grand Chariot,0,,-,1054,HIKARI,鳥取県,1907,31KING,鳥取県,3399,VIOLA.,鳥取県,0,,-
copula,Godspeed,0,,-,1002,34PONY,鳥取県,1805,Y.Y,鳥取県,3013,#MA3#,鳥取県,0,,-
copula,GOBBLE,0,,-,480,RAY$,鳥取県,518,RANK00,鳥取県,1683,VIOLA.,鳥取県,0,,-
copula,Go Faraway,0,,-,996,SALOON,鳥取県,0,,-,2462,#MA3#,鳥取県,0,,-
copula,Glitch Nerds,0,,-,434,AAA,鳥取県,1039,HIKARI,鳥取県,2216,#MA3#,鳥取県,0,,-
copula,GENERATE feat.綾倉盟,0,,-,540,AAA,鳥取県,1628,RAY$,鳥取県,2322,#MA3#,鳥取県,0,,-
copula,Exchange Place,0,,-,760,RAY$,鳥取県,1196,34PONY,鳥取県,1746,59SO2,鳥取県,0,,-
copula,Everlasting Last,0,,-,0,,-,1561,34PONY,鳥取県,2211,VIOLA.,鳥取県,0,,-
copula,Dynamite,281,CAM,鳥取県,1106,RANK00,鳥取県,2456,DEBU**,鳥取県,3658,#MA3#,鳥取県,0,,-
copula,Donkey Donk,0,,-,1050,34PONY,鳥取県,1503,BON,鳥取県,2249,VIOLA.,鳥取県,0,,-
copula,do the thing feat. Kanae Asaba,0,,-,270,TIETS,鳥取県,1450,53KING,鳥取県,2261,DEBU**,鳥取県,0,,-
copula,DIAMOND CROSSING,0,,-,957,RAY$,鳥取県,1754,31KING,鳥取県,3023,VIOLA.,鳥取県,0,,-
copula,Devil's Gear,0,,-,0,,-,2179,31KING,鳥取県,3449,VIOLA.,鳥取県,0,,-
copula,Derelict Star feat. Ryu*,0,,-,0,,-,1708,SIN#,鳥取県,2589,#MA3#,鳥取県,0,,-
copula,Damage Per Second,0,,-,686,N-BEAN,鳥取県,1367,931,鳥取県,2023,59SO2,鳥取県,2265,#MA3#,鳥取県
copula,Daily Lunch Special,0,,-,810,N-BEAN,鳥取県,1928,RAY$,鳥取県,2876,DEBU**,鳥取県,0,,-
copula,CODE:1 [revision1.0.1],0,,-,957,34PONY,鳥取県,1492,GRAN,鳥取県,3025,VIOLA.,鳥取県,0,,-
copula,chaos eater -IIDX edition-,0,,-,474,AAA,鳥取県,1527,BON,鳥取県,2494,31KING,鳥取県,0,,-
copula,Central Station,0,,-,907,GIGLIO,鳥取県,1346,SANTAK,鳥取県,2360,#MA3#,鳥取県,0,,-
copula,Blue Spring Express,0,,-,1131,RAY$,鳥取県,2042,UMEKOO,鳥取県,3220,#MA3#,鳥取県,0,,-
copula,Battle Train -IIDX Edition-,0,,-,97,DABIDD,鳥取県,2471,UMEKOO,鳥取県,3150,#MA3#,鳥取県,0,,-
copula,Aublia,0,,-,0,,-,1348,TIARA,鳥取県,2512,59SO2,鳥取県,0,,-
copula,Arcana,0,,-,796,A,鳥取県,1422,SUMI,鳥取県,2245,VIOLA.,鳥取県,0,,-
copula,AO-1,0,,-,1184,34PONY,鳥取県,1937,31KING,鳥取県,2673,#MA3#,鳥取県,0,,-
copula,Angelic Jelly,0,,-,905,PEPPER,鳥取県,1917,NKO,鳥取県,2668,31KING,鳥取県,0,,-
copula,Acid Pumper,0,,-,676,RAY$,鳥取県,1441,BON,鳥取県,2421,VIOLA.,鳥取県,0,,-
copula,199024club -Re:BounceKiller-,0,,-,537,GIGLIO,鳥取県,1648,#MA3#,鳥取県,2260,#MA3#,鳥取県,0,,-
SINOBUZ,鴉,0,,-,1331,HIKARI,鳥取県,2237,31KING,鳥取県,2665,VIOLA.,鳥取県,0,,-
SINOBUZ,童話回廊,0,,-,0,,-,1472,EGO315,鳥取県,2987,#MA3#,鳥取県,0,,-
SINOBUZ,禍根,0,,-,450,MOOTY,鳥取県,1309,Y.Y,鳥取県,2536,#MA3#,鳥取県,0,,-
SINOBUZ,獅子霞麗ノ舞,0,,-,305,NAMECO,鳥取県,1065,Y.Y,鳥取県,1707,#MA3#,鳥取県,0,,-
SINOBUZ,焔極OVERKILL,0,,-,891,HIKARI,鳥取県,2104,31KING,鳥取県,3499,#MA3#,鳥取県,0,,-
SINOBUZ,火影,0,,-,333,MOP,鳥取県,1278,RAY$,鳥取県,2619,#MA3#,鳥取県,0,,-
SINOBUZ,津軽雪,0,,-,1285,HIKARI,鳥取県,2206,31KING,鳥取県,3801,VIOLA.,鳥取県,0,,-
SINOBUZ,次葉 -turn the page-,0,,-,0,,-,1369,RAY$,鳥取県,1977,#MA3#,鳥取県,0,,-
SINOBUZ,月雪に舞う華のように,0,,-,560,PEPE,鳥取県,958,ECOCID,鳥取県,2088,59SO2,鳥取県,0,,-
SINOBUZ,恋はどう？モロ◎波動OK☆方程式!!,0,,-,458,SAKI,鳥取県,1551,931,鳥取県,2449,DEBU**,鳥取県,0,,-
SINOBUZ,忍恋花,0,,-,0,,-,1574,Y.Y,鳥取県,2219,#MA3#,鳥取県,0,,-
SINOBUZ,刃図羅,0,,-,1090,RANK00,鳥取県,2066,31KING,鳥取県,3359,VIOLA.,鳥取県,0,,-
SINOBUZ,冬椿 ft. Kanae Asaba,184,SUZUKI,鳥取県,542,YAMI,鳥取県,1091,HIKARI,鳥取県,2259,#MA3#,鳥取県,3009,VIOLA.,鳥取県
SINOBUZ,九尾狐夜行,0,,-,0,,-,1689,ARU,鳥取県,2893,#MA3#,鳥取県,0,,-
SINOBUZ,ディッシュウォッシャー◎彡おいわちゃん,0,,-,0,,-,1273,RAY$,鳥取県,2288,02,鳥取県,0,,-
SINOBUZ,イザナミノナゲキ,0,,-,803,PEPPER,鳥取県,1841,SHUAIS,鳥取県,3193,#MA3#,鳥取県,0,,-
SINOBUZ,ちらちら・はらはら,0,,-,0,,-,948,SALOON,鳥取県,1416,#MA3#,鳥取県,0,,-
SINOBUZ,〆,0,,-,1095,HIKARI,鳥取県,2287,UMEKOO,鳥取県,3592,#MA3#,鳥取県,0,,-
SINOBUZ,Yellow Sketch(RX-Ver.S.P.L.),0,,-,0,,-,0,,-,2817,#MA3#,鳥取県,0,,-
SINOBUZ,yamabiko (SINOBUZ Edition),0,,-,0,,-,1606,931,鳥取県,2579,#MA3#,鳥取県,0,,-
SINOBUZ,XINOBIKILL,0,,-,818,ARU,鳥取県,1639,Y.Y,鳥取県,2843,VIOLA.,鳥取県,0,,-
SINOBUZ,Warrior,0,,-,835,HIKARI,鳥取県,1760,931,鳥取県,2457,#MA3#,鳥取県,0,,-
SINOBUZ,Vermilion,0,,-,754,NWA,鳥取県,1036,NWA,鳥取県,1971,#MA3#,鳥取県,0,,-
SINOBUZ,Venom,0,,-,1106,HIKARI,鳥取県,2126,31KING,鳥取県,3104,#MA3#,鳥取県,0,,-
SINOBUZ,Umbral,0,,-,286,TIETS,鳥取県,0,,-,1905,#MA3#,鳥取県,0,,-
SINOBUZ,TOGAKUSHI,0,,-,0,,-,1846,31KING,鳥取県,2549,VIOLA.,鳥取県,0,,-
SINOBUZ,The Commanders,0,,-,891,SHUAIS,鳥取県,1473,931,鳥取県,2438,#MA3#,鳥取県,0,,-
SINOBUZ,Sweet Clapper,0,,-,377,MOOTY,鳥取県,1050,HIKARI,鳥取県,1905,UMEKOO,鳥取県,0,,-
SINOBUZ,Surf on the Light,0,,-,683,EX.,鳥取県,1421,SOYJOY,鳥取県,2239,#MA3#,鳥取県,0,,-
SINOBUZ,Super Rush,0,,-,933,HIKARI,鳥取県,1785,NKO,鳥取県,3525,#MA3#,鳥取県,0,,-
SINOBUZ,Summerlights(IIDX Edition),0,,-,923,GIGLIO,鳥取県,1829,31KING,鳥取県,3076,VIOLA.,鳥取県,0,,-
SINOBUZ,Steel Edge,0,,-,354,JACK,鳥取県,1440,RAY$,鳥取県,3096,#MA3#,鳥取県,0,,-
SINOBUZ,Snakey Kung-fu,0,,-,1005,HIKARI,鳥取県,2141,31KING,鳥取県,3387,VIOLA.,鳥取県,0,,-
SINOBUZ,Sky High,413,FOOTBT,鳥取県,767,N-BEAN,鳥取県,2299,31KING,鳥取県,3692,#MA3#,鳥取県,0,,-
SINOBUZ,SINOBUZ Fantasy,0,,-,849,GIGLIO,鳥取県,1323,RANK00,鳥取県,2418,#MA3#,鳥取県,0,,-
SINOBUZ,shuriken,0,,-,412,YAMI,鳥取県,980,HIKARI,鳥取県,2499,#MA3#,鳥取県,0,,-
SINOBUZ,Shoot'Em All,0,,-,0,,-,1101,HPF,鳥取県,2439,#MA3#,鳥取県,0,,-
SINOBUZ,SEQUENCE CAT,0,,-,0,,-,2177,31KING,鳥取県,2815,#MA3#,鳥取県,0,,-
SINOBUZ,Selfish Sweet,0,,-,308,EVOL,鳥取県,0,,-,1687,59SO2,鳥取県,0,,-
SINOBUZ,Seize the Day,0,,-,424,MOOTY,鳥取県,1152,RANK00,鳥取県,2083,VIOLA.,鳥取県,0,,-
SINOBUZ,Seaside Labyrinth,0,,-,0,,-,911,HIKARI,鳥取県,1819,#MA3#,鳥取県,0,,-
SINOBUZ,SAY BAY,0,,-,771,HIKARI,鳥取県,1469,SOYJOY,鳥取県,2756,#MA3#,鳥取県,0,,-
SINOBUZ,Sarutobi Champion is 拙者,0,,-,722,JAEIL,鳥取県,1365,34PONY,鳥取県,2155,#MA3#,鳥取県,0,,-
SINOBUZ,SAMURAI-Scramble,0,,-,647,N-BEAN,鳥取県,1679,#MA3#,鳥取県,2356,VIOLA.,鳥取県,0,,-
SINOBUZ,ROTTERDAM SHOGUN,126,BIGBOI,鳥取県,955,GIGLIO,鳥取県,1825,31KING,鳥取県,2549,#MA3#,鳥取県,0,,-
SINOBUZ,RISING FIRE HAWK,0,,-,788,34PONY,鳥取県,1184,HIKARI,鳥取県,2629,#MA3#,鳥取県,0,,-
SINOBUZ,Remedy feat. Kanae Asaba,0,,-,0,,-,1598,931,鳥取県,2206,VIOLA.,鳥取県,0,,-
SINOBUZ,Rave Cannon,0,,-,521,GORO56,鳥取県,1796,SOYJOY,鳥取県,3246,#MA3#,鳥取県,0,,-
SINOBUZ,RAIN,0,,-,0,,-,1812,31KING,鳥取県,3219,#MA3#,鳥取県,0,,-
SINOBUZ,Quakes,0,,-,839,8I,鳥取県,2066,31KING,鳥取県,3110,VIOLA.,鳥取県,0,,-
SINOBUZ,Piano Samurai,0,,-,0,,-,1558,RAY$,鳥取県,2476,#MA3#,鳥取県,0,,-
SINOBUZ,PAPAYAPA BASS,0,,-,495,HIRO,鳥取県,1497,RAY$,鳥取県,2693,#MA3#,鳥取県,0,,-
SINOBUZ,OTENAMI Hurricane,0,,-,0,,-,2154,31KING,鳥取県,3019,#MA3#,鳥取県,0,,-
SINOBUZ,OOO,0,,-,0,,-,1196,POOH,鳥取県,2052,#MA3#,鳥取県,0,,-
SINOBUZ,nostos,0,,-,475,UTX.,鳥取県,968,HIKARI,鳥取県,2467,VIOLA.,鳥取県,0,,-
SINOBUZ,Music is The Answer,0,,-,314,AAA,鳥取県,1194,EGO315,鳥取県,1853,#MA3#,鳥取県,0,,-
SINOBUZ,Modular Technology,0,,-,665,YAMI,鳥取県,1906,31KING,鳥取県,2633,#MA3#,鳥取県,0,,-
SINOBUZ,Mare Nectaris,0,,-,1154,MOCHI,鳥取県,2033,#MA3#,鳥取県,3551,#MA3#,鳥取県,0,,-
SINOBUZ,Magical,0,,-,529,PANTA,鳥取県,1067,KI9TU2,鳥取県,1976,VIOLA.,鳥取県,0,,-
SINOBUZ,Macuilxochitl,251,EVOL,鳥取県,1185,HIKARI,鳥取県,2203,31KING,鳥取県,3294,VIOLA.,鳥取県,0,,-
SINOBUZ,Lost wing at.0,0,,-,486,AI.Z,鳥取県,1089,KI9TU2,鳥取県,2412,VIOLA.,鳥取県,0,,-
SINOBUZ,INVISIBLE STRIX,0,,-,730,N-BEAN,鳥取県,2061,UMEKOO,鳥取県,2589,#MA3#,鳥取県,0,,-
SINOBUZ,Honey Trap,0,,-,0,,-,1247,HIKARI,鳥取県,2499,#MA3#,鳥取県,0,,-
SINOBUZ,HAPPY★RUSH,0,,-,0,,-,1484,344328,鳥取県,2811,#MA3#,鳥取県,0,,-
SINOBUZ,HADES,170,EVOL,鳥取県,926,HIKARI,鳥取県,1799,SOYJOY,鳥取県,2999,#MA3#,鳥取県,0,,-
SINOBUZ,GuNGNiR,0,,-,1149,GIGLIO,鳥取県,2562,*PIEN*,鳥取県,3902,VIOLA.,鳥取県,0,,-
SINOBUZ,Go Ahead!!,0,,-,880,HIKARI,鳥取県,1516,31KING,鳥取県,2638,VIOLA.,鳥取県,0,,-
SINOBUZ,FUZIN RIZIN,0,,-,1173,SALOON,鳥取県,1983,31KING,鳥取県,3756,#MA3#,鳥取県,0,,-
SINOBUZ,elemental bender feat. Kanae Asaba,0,,-,265,TIETS,鳥取県,0,,-,1612,#MA3#,鳥取県,0,,-
SINOBUZ,Egret and Willow,0,,-,0,,-,1465,SUMI,鳥取県,2686,VIOLA.,鳥取県,0,,-
SINOBUZ,ECHIDNA,0,,-,1126,EGO315,鳥取県,2067,31KING,鳥取県,3284,VIOLA.,鳥取県,0,,-
SINOBUZ,DORNWALD ～Junge～,0,,-,1108,HIKARI,鳥取県,2218,31KING,鳥取県,3548,VIOLA.,鳥取県,0,,-
SINOBUZ,Cyber True Color,0,,-,795,POOH,鳥取県,1544,RAY$,鳥取県,2293,#MA3#,鳥取県,0,,-
SINOBUZ,crew,0,,-,608,RAY$,鳥取県,1640,NKO,鳥取県,2903,#MA3#,鳥取県,0,,-
SINOBUZ,Caterpillar,0,,-,973,HIKARI,鳥取県,2157,31KING,鳥取県,2934,VIOLA.,鳥取県,0,,-
SINOBUZ,BroGamer,0,,-,1247,SHUAIS,鳥取県,2115,31KING,鳥取県,3030,#MA3#,鳥取県,0,,-
SINOBUZ,Breakin' Chain,0,,-,497,QG2,鳥取県,1270,NKO,鳥取県,2292,#MA3#,鳥取県,0,,-
SINOBUZ,BREAK OVER,0,,-,0,,-,1350,MEI,鳥取県,2348,VIOLA.,鳥取県,0,,-
SINOBUZ,Beyond The Seven,0,,-,569,DANI,鳥取県,1012,FFFF,鳥取県,2687,#MA3#,鳥取県,0,,-
SINOBUZ,Believe in you,0,,-,375,AAA,鳥取県,1811,RAY$,鳥取県,2385,#MA3#,鳥取県,0,,-
SINOBUZ,Beat Juggling Mix,0,,-,864,RAY$,鳥取県,1315,RAY$,鳥取県,2137,#MA3#,鳥取県,0,,-
SINOBUZ,Be A Star,0,,-,0,,-,1717,RAY$,鳥取県,2790,#MA3#,鳥取県,0,,-
SINOBUZ,BabeL ～Grand Story～,0,,-,532,LAPI2*,鳥取県,2066,31KING,鳥取県,2701,#MA3#,鳥取県,0,,-
SINOBUZ,AsiaN distractive,0,,-,0,,-,1637,34PONY,鳥取県,2575,#MA3#,鳥取県,0,,-
SINOBUZ,Around The Galaxy,0,,-,906,GIGLIO,鳥取県,1900,RAY$,鳥取県,3358,VIOLA.,鳥取県,0,,-
SINOBUZ,Apocalypse,0,,-,1101,RAY$,鳥取県,2133,31KING,鳥取県,3511,#MA3#,鳥取県,0,,-
SINOBUZ,AO-∞,0,,-,0,,-,1272,POOH,鳥取県,2649,#MA3#,鳥取県,0,,-
SINOBUZ,Amazing Mirage,287,MOCHI,鳥取県,654,N-BEAN,鳥取県,1555,SHUAIS,鳥取県,2593,#MA3#,鳥取県,3155,#MA3#,鳥取県
SINOBUZ,(This Is Not) The Angels,0,,-,314,YAMI,鳥取県,1352,RAY$,鳥取県,2661,VIOLA.,鳥取県,0,,-
SINOBUZ,#MAGiCVLGiRL_TRVP_B3VTZ,0,,-,0,,-,1967,31KING,鳥取県,3316,#MA3#,鳥取県,0,,-
SINOBUZ,!Viva!,0,,-,0,,-,1603,931,鳥取県,1972,#MA3#,鳥取県,0,,-
CANNON BALLERS,草原の王女-軌跡を辿って-,0,,-,511,H.T,鳥取県,1129,KOITSU,鳥取県,2291,VIOLA.,鳥取県,0,,-
CANNON BALLERS,純真可憐デザイア,131,TIETS,鳥取県,473,YAMI,鳥取県,1580,Y.Y,鳥取県,2317,#MA3#,鳥取県,0,,-
CANNON BALLERS,神謳 -RESONANCE-,0,,-,1227,HIKARI,鳥取県,2545,#MA3#,鳥取県,3988,VIOLA.,鳥取県,0,,-
CANNON BALLERS,東京神話,0,,-,937,HIKARI,鳥取県,1603,ALTE,鳥取県,2761,VIOLA.,鳥取県,0,,-
CANNON BALLERS,命の標本,0,,-,427,AAA,鳥取県,1319,HPF,鳥取県,2652,#MA3#,鳥取県,0,,-
CANNON BALLERS,共犯へヴンズコード,0,,-,455,*YUKI*,鳥取県,1101,SANTAK,鳥取県,2245,59SO2,鳥取県,0,,-
CANNON BALLERS,ラストセンチュリーメランコリック,0,,-,0,,-,1445,TIARA,鳥取県,2147,VIOLA.,鳥取県,0,,-
CANNON BALLERS,パラドキシカル・タイムリープトライアル(Short Ver.),0,,-,612,SIBA,鳥取県,1677,RAY$,鳥取県,2596,KOKECY,鳥取県,0,,-
CANNON BALLERS,バスルーム ロマンス,0,,-,753,UTO,鳥取県,1340,RAY$,鳥取県,2321,X*,鳥取県,0,,-
CANNON BALLERS,バ→ビ→ブ→Bomb!,0,,-,700,2-MAS*,鳥取県,1462,NWA,鳥取県,2498,#MA3#,鳥取県,0,,-
CANNON BALLERS,ハイ*ビスカス ft. Kanae Asaba,0,,-,852,RAY$,鳥取県,1472,RAY$,鳥取県,2411,VIOLA.,鳥取県,0,,-
CANNON BALLERS,ナイトシティー・アヴァンチュール,0,,-,686,N-BEAN,鳥取県,1382,2-MAS*,鳥取県,2079,#MA3#,鳥取県,0,,-
CANNON BALLERS,シムルグの目醒め,0,,-,1245,HPF,鳥取県,2280,31KING,鳥取県,3398,VIOLA.,鳥取県,0,,-
CANNON BALLERS,エディブルフラワーの独白,0,,-,0,,-,1272,HPF,鳥取県,2172,59SO2,鳥取県,0,,-
CANNON BALLERS,うさ☆かめ 大戦争！,0,,-,570,PEPPER,鳥取県,1463,Y.Y,鳥取県,2445,DEBU**,鳥取県,0,,-
CANNON BALLERS,Xperanza,481,Y.,鳥取県,1247,HIKARI,鳥取県,2409,31KING,鳥取県,3079,#MA3#,鳥取県,0,,-
CANNON BALLERS,VOX RUSH,0,,-,1115,HIKARI,鳥取県,2237,31KING,鳥取県,3270,#MA3#,鳥取県,0,,-
CANNON BALLERS,Usual Days-remix,0,,-,1045,SALOON,鳥取県,1392,KARIN.,鳥取県,2557,#MA3#,鳥取県,0,,-
CANNON BALLERS,UMMU,0,,-,714,PEPPER,鳥取県,2092,31KING,鳥取県,2988,#MA3#,鳥取県,0,,-
CANNON BALLERS,The Revolution (VIP Mix),0,,-,288,AAA,鳥取県,1267,HIKARI,鳥取県,1792,31KING,鳥取県,0,,-
CANNON BALLERS,The Chase,0,,-,546,HIKARI,鳥取県,1346,#MA3#,鳥取県,2049,#MA3#,鳥取県,0,,-
CANNON BALLERS,THE CANNONBALLER,350,GORO56,鳥取県,842,SIBA,鳥取県,2393,31KING,鳥取県,3426,VIOLA.,鳥取県,0,,-
CANNON BALLERS,Temple of Anubis,0,,-,0,,-,1194,POOH,鳥取県,2577,#MA3#,鳥取県,0,,-
CANNON BALLERS,SUNLiGHT (IIDX Mix),0,,-,1087,DONNMA,鳥取県,1584,DONNMA,鳥取県,2621,VIOLA.,鳥取県,0,,-
CANNON BALLERS,Static State,0,,-,636,YAMI,鳥取県,1029,TOTORO,鳥取県,2131,DEBU**,鳥取県,0,,-
CANNON BALLERS,STARLIGHT JUNCTION,0,,-,883,SALOON,鳥取県,1499,RAY$,鳥取県,2282,#MA3#,鳥取県,0,,-
CANNON BALLERS,SPEED DEMON,0,,-,571,DANI,鳥取県,1405,931,鳥取県,2221,31KING,鳥取県,0,,-
CANNON BALLERS,SPEED,0,,-,511,JOEEEE,鳥取県,0,,-,2373,RYO.,鳥取県,0,,-
CANNON BALLERS,"Son, not gabba now",0,,-,394,AAA,鳥取県,1228,POOH,鳥取県,1921,MORS,鳥取県,0,,-
CANNON BALLERS,Slipstream,0,,-,523,MOOTY,鳥取県,2040,931,鳥取県,3464,#MA3#,鳥取県,0,,-
CANNON BALLERS,Sleepless days,0,,-,449,EX.,鳥取県,826,EX.,鳥取県,1571,#MA3#,鳥取県,0,,-
CANNON BALLERS,SHOX,0,,-,464,YAMI,鳥取県,1074,Y.Y,鳥取県,1670,53KING,鳥取県,0,,-
CANNON BALLERS,Rise Circuit,0,,-,802,2-MAS*,鳥取県,1499,Y.Y,鳥取県,2217,31KING,鳥取県,0,,-
CANNON BALLERS,Raspberry Railgun,0,,-,1104,HIKARI,鳥取県,2210,31KING,鳥取県,3095,VIOLA.,鳥取県,0,,-
CANNON BALLERS,Rampage,0,,-,1077,HIKARI,鳥取県,2457,UMEKOO,鳥取県,3613,#MA3#,鳥取県,0,,-
CANNON BALLERS,Persephone,0,,-,0,,-,1952,931,鳥取県,2961,#MA3#,鳥取県,0,,-
CANNON BALLERS,Papilio ulysses,0,,-,1078,HIKARI,鳥取県,2070,31KING,鳥取県,2808,VIOLA.,鳥取県,0,,-
CANNON BALLERS,Only for now,0,,-,0,,-,1349,POOH,鳥取県,2261,VIOLA.,鳥取県,0,,-
CANNON BALLERS,O/D*20,0,,-,779,YAMI,鳥取県,1662,931,鳥取県,2113,#MA3#,鳥取県,0,,-
CANNON BALLERS,Nothing but Theory,0,,-,0,,-,1242,HPF,鳥取県,2811,#MA3#,鳥取県,0,,-
CANNON BALLERS,No Limit 2 dAnce feat. 大山愛未,0,,-,0,,-,1520,SOYJOY,鳥取県,2309,#MA3#,鳥取県,0,,-
CANNON BALLERS,NITROUS CANNON,0,,-,1119,HIKARI,鳥取県,2035,31KING,鳥取県,3483,VIOLA.,鳥取県,0,,-
CANNON BALLERS,n'pa pa BBQ,0,,-,598,YAMI,鳥取県,1736,931,鳥取県,2705,#MA3#,鳥取県,0,,-
CANNON BALLERS,Mira,0,,-,451,YAMI,鳥取県,1874,31KING,鳥取県,2905,31KING,鳥取県,0,,-
CANNON BALLERS,Midnight Lady,0,,-,375,PEPE,鳥取県,781,JAEIL,鳥取県,1931,59SO2,鳥取県,0,,-
CANNON BALLERS,MAXIVCORD,0,,-,303,AAA,鳥取県,1252,RAY$,鳥取県,2419,#MA3#,鳥取県,0,,-
CANNON BALLERS,LUV DRIVE,0,,-,0,,-,1068,*YUKI*,鳥取県,2083,59SO2,鳥取県,0,,-
CANNON BALLERS,LIGHTS ft. EVO+,0,,-,689,DONNMA,鳥取県,1292,DONNMA,鳥取県,2338,#MA3#,鳥取県,0,,-
CANNON BALLERS,"Life Is A Game ft.DD""ナカタ""Metal",0,,-,1197,34PONY,鳥取県,1931,31KING,鳥取県,3359,VIOLA.,鳥取県,0,,-
CANNON BALLERS,Let's Bounce !!,0,,-,380,AAA,鳥取県,960,HIKARI,鳥取県,2206,#MA3#,鳥取県,0,,-
CANNON BALLERS,Initiation,0,,-,1386,RAY$,鳥取県,2460,31KING,鳥取県,3894,VIOLA.,鳥取県,0,,-
CANNON BALLERS,Illusionary Waterlily,0,,-,705,N-BEAN,鳥取県,2237,31KING,鳥取県,3392,#MA3#,鳥取県,0,,-
CANNON BALLERS,I'm Coming (2017 Version),0,,-,341,ZERO,鳥取県,1047,HIKARI,鳥取県,2022,DEBU**,鳥取県,0,,-
CANNON BALLERS,I Love You,0,,-,761,SIBA,鳥取県,1695,KOITSU,鳥取県,2720,#MA3#,鳥取県,0,,-
CANNON BALLERS,HYPE THE CORE,0,,-,749,JAEIL,鳥取県,1978,31KING,鳥取県,2948,#MA3#,鳥取県,0,,-
CANNON BALLERS,Hella Deep,0,,-,0,,-,922,HIKARI,鳥取県,1784,59SO2,鳥取県,0,,-
CANNON BALLERS,HAT TRICK,0,,-,417,AAA,鳥取県,1430,SOYJOY,鳥取県,2190,#MA3#,鳥取県,0,,-
CANNON BALLERS,Get Up! feat. Kanae Asaba,0,,-,284,TIETS,鳥取県,931,HPF,鳥取県,1863,31KING,鳥取県,0,,-
CANNON BALLERS,FUTURE is Dead,0,,-,764,2-MAS*,鳥取県,1080,RANK00,鳥取県,2118,59SO2,鳥取県,0,,-
CANNON BALLERS,From Time To Time,0,,-,660,EX.,鳥取県,1808,Y.Y,鳥取県,2477,VIOLA.,鳥取県,0,,-
CANNON BALLERS,FREEDOM,0,,-,454,SIBA,鳥取県,1688,931,鳥取県,2898,#MA3#,鳥取県,0,,-
CANNON BALLERS,FIRE BALL,0,,-,371,AAA,鳥取県,1419,SANTAK,鳥取県,2393,#MA3#,鳥取県,0,,-
CANNON BALLERS,Fervidex,0,,-,761,GIGLIO,鳥取県,1748,Y.Y,鳥取県,2703,#MA3#,鳥取県,0,,-
CANNON BALLERS,Expanded !!,0,,-,388,AAA,鳥取県,1460,NKO,鳥取県,2577,59SO2,鳥取県,0,,-
CANNON BALLERS,Exhaust Hype,0,,-,500,AAA,鳥取県,1686,TIARA,鳥取県,2718,#MA3#,鳥取県,0,,-
CANNON BALLERS,encounter,0,,-,639,PEPE,鳥取県,1614,SHUAIS,鳥取県,3120,#MA3#,鳥取県,0,,-
CANNON BALLERS,EMERALDAS,0,,-,1290,ARU,鳥取県,2287,31KING,鳥取県,3497,VIOLA.,鳥取県,0,,-
CANNON BALLERS,Eine Haube ～聖地の果てにあるもの～,0,,-,829,EX.,鳥取県,1305,NKO,鳥取県,2522,#MA3#,鳥取県,0,,-
CANNON BALLERS,DEATH†ZIGOQ ～怒りの高速爆走野郎～,0,,-,1211,GIGLIO,鳥取県,2446,31KING,鳥取県,3941,#MA3#,鳥取県,0,,-
CANNON BALLERS,DEADHEAT,0,,-,861,PEPPER,鳥取県,2033,31KING,鳥取県,3199,#MA3#,鳥取県,0,,-
CANNON BALLERS,COSMIC☆WONDER☆REVOLUTION,0,,-,433,GORO56,鳥取県,1293,SIGRIN,鳥取県,2060,X*,鳥取県,0,,-
CANNON BALLERS,City Never Sleeps (IIDX Edition),0,,-,994,GIGLIO,鳥取県,1709,DONNMA,鳥取県,2622,#MA3#,鳥取県,0,,-
CANNON BALLERS,Chemical Cookie,0,,-,359,AAA,鳥取県,1391,MOO,鳥取県,2131,#MA3#,鳥取県,0,,-
CANNON BALLERS,ChaserXX,0,,-,687,N-BEAN,鳥取県,1596,BON,鳥取県,2715,#MA3#,鳥取県,0,,-
CANNON BALLERS,Break Stasis,0,,-,0,,-,1895,31KING,鳥取県,2522,#MA3#,鳥取県,0,,-
CANNON BALLERS,Boomy and The Boost,0,,-,935,HIKARI,鳥取県,2043,VIOLA.,鳥取県,3508,VIOLA.,鳥取県,0,,-
CANNON BALLERS,Best of Me,0,,-,0,,-,1406,SUMI,鳥取県,2209,#MA3#,鳥取県,0,,-
CANNON BALLERS,Beast mode,0,,-,0,,-,1136,RANK00,鳥取県,2712,#MA3#,鳥取県,0,,-
CANNON BALLERS,Be a Hero!,0,,-,0,,-,1686,INAMEM,鳥取県,2691,RYO.,鳥取県,0,,-
CANNON BALLERS,Battleground,0,,-,0,,-,1518,NAGI.,鳥取県,2658,VIOLA.,鳥取県,0,,-
CANNON BALLERS,Back Spin Sweeper,0,,-,717,HIKARI,鳥取県,1281,Y.Y,鳥取県,2203,#MA3#,鳥取県,0,,-
CANNON BALLERS,Around the Future,0,,-,0,,-,1551,34PONY,鳥取県,2494,VIOLA.,鳥取県,0,,-
CANNON BALLERS,Arca,0,,-,815,GIGLIO,鳥取県,1880,31KING,鳥取県,3096,VIOLA.,鳥取県,0,,-
CANNON BALLERS,Antigravity,0,,-,840,GIGLIO,鳥取県,1995,31KING,鳥取県,3000,VIOLA.,鳥取県,0,,-
CANNON BALLERS,ANCHOR,0,,-,1279,DONNMA,鳥取県,2475,31KING,鳥取県,3524,VIOLA.,鳥取県,0,,-
CANNON BALLERS,ANAGMA,0,,-,380,AAA,鳥取県,1644,Y.Y,鳥取県,2582,#MA3#,鳥取県,0,,-
CANNON BALLERS,Amor De Verao,0,,-,463,PANTA,鳥取県,1170,SUMI,鳥取県,2274,#MA3#,鳥取県,0,,-
CANNON BALLERS,Alpheratz,0,,-,0,,-,746,SIBA,鳥取県,2077,VIOLA.,鳥取県,0,,-
CANNON BALLERS,Acidiva 303,0,,-,747,34PONY,鳥取県,1130,GIGLIO,鳥取県,2261,#MA3#,鳥取県,0,,-
CANNON BALLERS,ACCELERATE,0,,-,771,PEPPER,鳥取県,1506,TIARA,鳥取県,2470,VIOLA.,鳥取県,0,,-
CANNON BALLERS,Abraxas,0,,-,409,SYU,鳥取県,1523,RAY$,鳥取県,2394,VIOLA.,鳥取県,0,,-
CANNON BALLERS,AA -rebuild-,0,,-,1032,HIKARI,鳥取県,2406,UMEKOO,鳥取県,3570,VIOLA.,鳥取県,0,,-
CANNON BALLERS,255,0,,-,722,GIGLIO,鳥取県,1567,31KING,鳥取県,3190,VIOLA.,鳥取県,0,,-
CANNON BALLERS,2 Player,0,,-,699,SIBA,鳥取県,1482,KOITSU,鳥取県,2528,#MA3#,鳥取県,0,,-
CANNON BALLERS,1001 -ESCAPE-,0,,-,0,,-,1662,931,鳥取県,2612,59SO2,鳥取県,0,,-
Rootage,龍王の霊廟(Mausoleum Of The Primal Dragon),0,,-,839,UTO,鳥取県,2179,Y.Y,鳥取県,3181,VIOLA.,鳥取県,0,,-
Rootage,金野火織の金色提言,0,,-,1077,HIKARI,鳥取県,2219,31KING,鳥取県,3016,VIOLA.,鳥取県,0,,-
Rootage,花冠 feat.Aikapin,0,,-,592,MAYO,鳥取県,1510,RAY$,鳥取県,2509,#MA3#,鳥取県,0,,-
Rootage,爆ゼニ☆がってんワーカー,0,,-,1162,RAY$,鳥取県,1708,RAY$,鳥取県,2684,VIOLA.,鳥取県,0,,-
Rootage,抱きしめてモナムール,0,,-,1071,HPF,鳥取県,2288,31KING,鳥取県,4094,VIOLA.,鳥取県,0,,-
Rootage,夏の匂い。キミの残像。 ft. Kanae Asaba,0,,-,554,ARU,鳥取県,1472,RAY$,鳥取県,2545,#MA3#,鳥取県,0,,-
Rootage,ミストレス・アンに花束を,0,,-,205,NIKU,鳥取県,895,GIGLIO,鳥取県,1414,59SO2,鳥取県,0,,-
Rootage,ハードベース・フェスタ,0,,-,812,PEPPER,鳥取県,1595,FISH,鳥取県,2826,VIOLA.,鳥取県,0,,-
Rootage,セカンドピアス,0,,-,489,ARU,鳥取県,990,HIKARI,鳥取県,1940,MOO,鳥取県,0,,-
Rootage,サクラあっぱれーしょん,181,GORO56,鳥取県,0,,-,1324,POOH,鳥取県,2256,X*,鳥取県,0,,-
Rootage,グラナダの風,0,,-,625,EX.,鳥取県,1045,HPF,鳥取県,1777,UMEKOO,鳥取県,0,,-
Rootage,お菓子の王国,0,,-,1269,HIKARI,鳥取県,2267,31KING,鳥取県,4000,#MA3#,鳥取県,0,,-
Rootage,Yum Yum Jelly,0,,-,649,SIBA,鳥取県,1457,RAY$,鳥取県,2345,#MA3#,鳥取県,0,,-
Rootage,Xlo,0,,-,1162,HIKARI,鳥取県,2396,31KING,鳥取県,3643,#MA3#,鳥取県,0,,-
Rootage,X-DEN,0,,-,1404,NWA,鳥取県,2588,31KING,鳥取県,3876,#MA3#,鳥取県,0,,-
Rootage,Wonderland,0,,-,735,SIBA,鳥取県,1868,31KING,鳥取県,2683,31KING,鳥取県,0,,-
Rootage,Won(*3*)Chu KissMe!,226,MOCHI,鳥取県,535,UTX.,鳥取県,1342,SALOON,鳥取県,2466,#MA3#,鳥取県,0,,-
Rootage,Wolf 1061,0,,-,0,,-,1468,NWA,鳥取県,3066,VIOLA.,鳥取県,0,,-
Rootage,Wing of Hearts,0,,-,908,SIBA,鳥取県,1699,NKO,鳥取県,2918,#MA3#,鳥取県,0,,-
Rootage,Visterhv,0,,-,1068,HIKARI,鳥取県,2255,31KING,鳥取県,3679,VIOLA.,鳥取県,0,,-
Rootage,Urban Constellations,0,,-,359,RAINY,鳥取県,1467,931,鳥取県,2189,31KING,鳥取県,0,,-
Rootage,UNDERWORLD HOLOGRAPHY,0,,-,0,,-,2098,31KING,鳥取県,3233,VIOLA.,鳥取県,0,,-
Rootage,Unbelief,0,,-,0,,-,2067,31KING,鳥取県,3068,VIOLA.,鳥取県,0,,-
Rootage,U.S.A.,462,MOCHI,鳥取県,1033,HIKARI,鳥取県,1904,31KING,鳥取県,2862,#MA3#,鳥取県,0,,-
Rootage,Twilight Warp,0,,-,0,,-,1073,HPF,鳥取県,2082,DEBU**,鳥取県,0,,-
Rootage,Trill auf G,0,,-,992,HIKARI,鳥取県,2110,UMEKOO,鳥取県,3191,VIOLA.,鳥取県,0,,-
Rootage,ToyCube Pf.(RX-Ver.S.P.L.),0,,-,0,,-,1301,HIKARI,鳥取県,2243,59SO2,鳥取県,0,,-
Rootage,The Rebellion of Sequencer,0,,-,1005,HIKARI,鳥取県,1986,31KING,鳥取県,3073,VIOLA.,鳥取県,0,,-
Rootage,THE DAY OF JUBILATIONS,0,,-,1162,HIKARI,鳥取県,2382,31KING,鳥取県,3357,VIOLA.,鳥取県,0,,-
Rootage,The Best of Both Worlds,0,,-,395,MOOTY,鳥取県,1396,SOYJOY,鳥取県,2166,59SO2,鳥取県,0,,-
Rootage,Technicolour Dreams,0,,-,790,EX.,鳥取県,1392,Y.Y,鳥取県,2355,MOLI,鳥取県,0,,-
Rootage,Starry Night,0,,-,595,ANKO*,鳥取県,1616,Y.Y,鳥取県,2401,SOYJOY,鳥取県,0,,-
Rootage,SPEED ROCKER,0,,-,0,,-,1501,POCOPI,鳥取県,2144,RANKOU,鳥取県,0,,-
Rootage,SIGMA,0,,-,0,,-,1229,GIGLIO,鳥取県,2496,31KING,鳥取県,0,,-
Rootage,Sidechained Threats,0,,-,515,SIBA,鳥取県,1650,RAY$,鳥取県,2359,59SO2,鳥取県,0,,-
Rootage,Serious?,0,,-,0,,-,1046,HIKARI,鳥取県,2189,VIOLA.,鳥取県,0,,-
Rootage,R∞tAge,0,,-,713,PEPPER,鳥取県,1545,RAY$,鳥取県,2927,#MA3#,鳥取県,0,,-
Rootage,ruin of opals,0,,-,0,,-,1833,31KING,鳥取県,3016,#MA3#,鳥取県,0,,-
Rootage,ROZA DE ANDALUCIA,0,,-,796,ZERO,鳥取県,1472,344328,鳥取県,3002,VIOLA.,鳥取県,0,,-
Rootage,"ROCK女 feat. 大山愛未, Ken",0,,-,869,HIKARI,鳥取県,1749,UMEKOO,鳥取県,2591,VIOLA.,鳥取県,0,,-
Rootage,REPLAY,0,,-,0,,-,1596,931,鳥取県,2198,UMEKOO,鳥取県,0,,-
Rootage,Red. by Jack Trance,0,,-,1379,RAY$,鳥取県,2149,#MA3#,鳥取県,3441,#MA3#,鳥取県,0,,-
Rootage,Re:Story,0,,-,0,,-,1080,NKO,鳥取県,1922,#MA3#,鳥取県,0,,-
Rootage,Psycho Sheep Riddim,0,,-,475,PEPE,鳥取県,986,931,鳥取県,1639,DEBU**,鳥取県,0,,-
Rootage,Playing With Fire,0,,-,844,HIKARI,鳥取県,1665,31KING,鳥取県,2314,#MA3#,鳥取県,0,,-
Rootage,Particle Arts,0,,-,569,RAINY*,鳥取県,1148,UTO,鳥取県,2465,VIOLA.,鳥取県,0,,-
Rootage,Painful Fate,0,,-,1136,HIKARI,鳥取県,2249,31KING,鳥取県,3249,VIOLA.,鳥取県,0,,-
Rootage,OVER TIME,0,,-,0,,-,716,YAMI,鳥取県,1546,VIOLA.,鳥取県,0,,-
Rootage,ONIGOROSHI,0,,-,1100,GIGLIO,鳥取県,2100,31KING,鳥取県,2823,#MA3#,鳥取県,0,,-
Rootage,Night! Night! Night!,0,,-,770,RAINY*,鳥取県,1800,SOYJOY,鳥取県,3016,VIOLA.,鳥取県,0,,-
Rootage,Necroxis Girl,0,,-,976,HIKARI,鳥取県,1765,ALTE,鳥取県,2737,VIOLA.,鳥取県,0,,-
Rootage,Macho Monky,0,,-,1155,HPF,鳥取県,2069,31KING,鳥取県,2965,#MA3#,鳥取県,0,,-
Rootage,LOST TECHNOLOGIE,0,,-,0,,-,1530,TIARA,鳥取県,3330,#MA3#,鳥取県,0,,-
Rootage,Level One,0,,-,1032,HIKARI,鳥取県,2261,31KING,鳥取県,3357,#MA3#,鳥取県,0,,-
Rootage,Lethal Weapon,0,,-,1059,DONNMA,鳥取県,1864,31KING,鳥取県,3150,VIOLA.,鳥取県,0,,-
Rootage,Let me be your cure,0,,-,886,SIBA,鳥取県,1311,RANK00,鳥取県,2663,#MA3#,鳥取県,0,,-
Rootage,LADYBIRD,0,,-,919,HIKARI,鳥取県,1536,Y.Y,鳥取県,2393,#MA3#,鳥取県,0,,-
Rootage,L.F.O,0,,-,0,,-,1508,GRAN,鳥取県,3279,#MA3#,鳥取県,0,,-
Rootage,KILL EACH OTHER,0,,-,1220,DONNMA,鳥取県,2390,31KING,鳥取県,3723,VIOLA.,鳥取県,0,,-
Rootage,IDOL syndrome.,0,,-,487,MOOTY,鳥取県,1266,HIKARI,鳥取県,2175,VIOLA.,鳥取県,0,,-
Rootage,IDC feat.REVERBEE (Mo'Cuts Ver),0,,-,887,HIKARI,鳥取県,1432,KI9TU2,鳥取県,2091,#MA3#,鳥取県,0,,-
Rootage,Hurry Hurry,0,,-,0,,-,635,YAMI,鳥取県,2070,#MA3#,鳥取県,0,,-
Rootage,HOT LIMIT,338,MOCHI,鳥取県,974,34PONY,鳥取県,1661,RAY$,鳥取県,2510,#MA3#,鳥取県,0,,-
Rootage,HEISEI,0,,-,1145,53KING,鳥取県,1874,31KING,鳥取県,2538,VIOLA.,鳥取県,0,,-
Rootage,HARD BRAIN,0,,-,705,SIBA,鳥取県,2021,31KING,鳥取県,3684,VIOLA.,鳥取県,0,,-
Rootage,Glory,0,,-,404,MOOTY,鳥取県,1195,HIKARI,鳥取県,2283,#MA3#,鳥取県,0,,-
Rootage,GIGA THRASH,0,,-,1024,HPF,鳥取県,1889,VIOLA.,鳥取県,2641,VIOLA.,鳥取県,0,,-
Rootage,GENE,0,,-,989,HIKARI,鳥取県,1935,31KING,鳥取県,4259,VIOLA.,鳥取県,0,,-
Rootage,Geirskogul,0,,-,0,,-,1534,Y.Y,鳥取県,2198,59SO2,鳥取県,0,,-
Rootage,Garuda,0,,-,841,HIKARI,鳥取県,1612,31KING,鳥取県,2539,VIOLA.,鳥取県,0,,-
Rootage,EVANESCENT,0,,-,0,,-,2337,31KING,鳥取県,3460,#MA3#,鳥取県,0,,-
Rootage,Ember Lights,0,,-,0,,-,1611,SOYJOY,鳥取県,2680,VIOLA.,鳥取県,0,,-
Rootage,DRUNK MONKY,0,,-,777,HIKARI,鳥取県,1566,31KING,鳥取県,2268,VIOLA.,鳥取県,0,,-
Rootage,Drastic Dramatic,0,,-,1159,HIKARI,鳥取県,2397,31KING,鳥取県,3455,VIOLA.,鳥取県,0,,-
Rootage,Dr. Chemical & Killing Machine,0,,-,691,YAMI,鳥取県,1568,GRAN,鳥取県,3330,#MA3#,鳥取県,0,,-
Rootage,Digital Skipper,0,,-,677,PEPPER,鳥取県,1245,NWA,鳥取県,2201,#MA3#,鳥取県,0,,-
Rootage,dAuntl3ss,0,,-,724,ARU,鳥取県,1989,31KING,鳥取県,3441,VIOLA.,鳥取県,0,,-
Rootage,Cranberry City ft. Luschel,0,,-,395,AAA,鳥取県,1457,RAY$,鳥取県,2392,VIOLA.,鳥取県,0,,-
Rootage,CoMAAAAAAA,0,,-,796,MONG-,鳥取県,1807,MEI,鳥取県,2382,#MA3#,鳥取県,0,,-
Rootage,CODE:0,0,,-,1242,HIKARI,鳥取県,1873,BON,鳥取県,2743,DEBU**,鳥取県,0,,-
Rootage,Catch Our Fire!,0,,-,1196,DONNMA,鳥取県,2287,31KING,鳥取県,3589,#MA3#,鳥取県,0,,-
Rootage,Carmina,0,,-,1085,HIKARI,鳥取県,2400,31KING,鳥取県,3678,VIOLA.,鳥取県,0,,-
Rootage,BLOSSOM,0,,-,1038,RAY$,鳥取県,1278,KROG.,鳥取県,2458,*PIEN*,鳥取県,0,,-
Rootage,Angels & Demons,0,,-,692,SIBA,鳥取県,1586,RAY$,鳥取県,2343,59SO2,鳥取県,0,,-
Rootage,AGAiN,0,,-,0,,-,1501,RAY$,鳥取県,2226,31KING,鳥取県,0,,-
Rootage,A Tale Hidden In The Abyss,0,,-,917,RAY$,鳥取県,1719,31KING,鳥取県,2595,VIOLA.,鳥取県,0,,-
Rootage,50th Memorial Songs -二人の時 ～under the cherry blossoms～-,0,,-,364,JACK,鳥取県,1590,UMEKOO,鳥取県,2589,VIOLA.,鳥取県,0,,-
Rootage,50th Memorial Songs -The BEMANI History-,0,,-,574,96NEKO,鳥取県,1513,Y.Y,鳥取県,2541,DEBU**,鳥取県,0,,-
Rootage,50th Memorial Songs -Flagship medley-,0,,-,689,GIGLIO,鳥取県,1162,*YUKI*,鳥取県,2127,UMEKOO,鳥取県,0,,-
Rootage,50th Memorial Songs -Beginning Story-,0,,-,799,34PONY,鳥取県,1566,RAY$,鳥取県,2573,X*,鳥取県,0,,-
Rootage,& Intelligence,0,,-,1075,INAMEM,鳥取県,2173,#MA3#,鳥取県,3090,#MA3#,鳥取県,0,,-
HEROIC VERSE,錬成人間トリコロイダー,0,,-,1044,RAY$,鳥取県,1800,31KING,鳥取県,3187,#MA3#,鳥取県,0,,-
HEROIC VERSE,華麗なる大犬円舞曲,0,,-,1298,RAY$,鳥取県,2076,UMEKOO,鳥取県,3333,VIOLA.,鳥取県,0,,-
HEROIC VERSE,深淵に捧ぐレクイエム,0,,-,825,RAY$,鳥取県,1628,UMEKOO,鳥取県,2945,VIOLA.,鳥取県,0,,-
HEROIC VERSE,曼荼羅恋々,0,,-,1057,RAY$,鳥取県,1746,31KING,鳥取県,2741,VIOLA.,鳥取県,0,,-
HEROIC VERSE,俺ら東京さ行ぐだ,250,RAY$,鳥取県,629,RAY$,鳥取県,1225,Y.Y,鳥取県,1960,#MA3#,鳥取県,0,,-
HEROIC VERSE,令和(1991RAVE REMIX),345,RAY$,鳥取県,566,SALOON,鳥取県,1342,SALOON,鳥取県,2144,#MA3#,鳥取県,0,,-
HEROIC VERSE,ランカーキラーガール,0,,-,1120,VRUMI7,鳥取県,1884,VIOLA.,鳥取県,2920,VIOLA.,鳥取県,0,,-
HEROIC VERSE,セピアの軌跡 ft. 天宮みや(少女フラクタル),0,,-,775,RAY$,鳥取県,1402,Y.Y,鳥取県,2377,#MA3#,鳥取県,0,,-
HEROIC VERSE,ガヴリールドロップキック,402,RAY$,鳥取県,757,RAY$,鳥取県,1606,Y.Y,鳥取県,2596,VIOLA.,鳥取県,0,,-
HEROIC VERSE,Voo Doo Bamboleo,0,,-,893,RAY$,鳥取県,1472,RAY$,鳥取県,2466,VIOLA.,鳥取県,0,,-
HEROIC VERSE,Volcanic Dragon,0,,-,1053,SALOON,鳥取県,1791,31KING,鳥取県,2965,#MA3#,鳥取県,0,,-
HEROIC VERSE,Virus Funk,0,,-,731,RAY$,鳥取県,1453,RAY$,鳥取県,2181,VIOLA.,鳥取県,0,,-
HEROIC VERSE,VALKYRIAS -英雄誕生-,430,RAY$,鳥取県,1030,KI9TU2,鳥取県,1737,31KING,鳥取県,2734,#MA3#,鳥取県,0,,-
HEROIC VERSE,UNITE THE HEART,0,,-,1448,ARU,鳥取県,2544,31KING,鳥取県,3285,#MA3#,鳥取県,0,,-
HEROIC VERSE,TRIUMPH,0,,-,924,RAY$,鳥取県,1976,31KING,鳥取県,3250,VIOLA.,鳥取県,0,,-
HEROIC VERSE,Theory,0,,-,799,RAY$,鳥取県,1412,59SO2,鳥取県,2443,#MA3#,鳥取県,0,,-
HEROIC VERSE,THE F∀UST,0,,-,1240,QVM*,鳥取県,2248,UMEKOO,鳥取県,3508,VIOLA.,鳥取県,0,,-
HEROIC VERSE,THE BRAVE MUST DIE,0,,-,1360,RAY$,鳥取県,2505,VIOLA.,鳥取県,3985,VIOLA.,鳥取県,0,,-
HEROIC VERSE,TECHNO Style Essentials,0,,-,980,RAY$,鳥取県,1627,UMEKOO,鳥取県,2807,VIOLA.,鳥取県,0,,-
HEROIC VERSE,T-REX vs Velociraptor (In the Far east euphoria),0,,-,1361,SALOON,鳥取県,1838,31KING,鳥取県,3174,#MA3#,鳥取県,0,,-
HEROIC VERSE,Sugar Drippin',0,,-,748,RAY$,鳥取県,1302,RAY$,鳥取県,2039,VIOLA.,鳥取県,0,,-
HEROIC VERSE,Ska-sh All Neurons!!,0,,-,966,SALOON,鳥取県,1459,31KING,鳥取県,2316,VIOLA.,鳥取県,0,,-
HEROIC VERSE,Silly Love,0,,-,784,RAY$,鳥取県,1340,SOYJOY,鳥取県,2044,VIOLA.,鳥取県,0,,-
HEROIC VERSE,Shiva,0,,-,710,RAY$,鳥取県,1479,31KING,鳥取県,2101,59SO2,鳥取県,0,,-
HEROIC VERSE,SCREW // owo // SCREW,0,,-,1091,VIOLA.,鳥取県,2143,DEBU**,鳥取県,2908,#MA3#,鳥取県,0,,-
HEROIC VERSE,Rave Patroller,0,,-,1308,RAY$,鳥取県,2321,31KING,鳥取県,3343,VIOLA.,鳥取県,0,,-
HEROIC VERSE,Rave lithosphere,0,,-,1046,SALOON,鳥取県,1751,31KING,鳥取県,2632,VIOLA.,鳥取県,0,,-
HEROIC VERSE,Rainstorm,0,,-,965,SALOON,鳥取県,1490,931,鳥取県,2251,VIOLA.,鳥取県,0,,-
HEROIC VERSE,Queen Kaguya,0,,-,940,RAY$,鳥取県,1861,31KING,鳥取県,2578,VIOLA.,鳥取県,0,,-
HEROIC VERSE,Primitive Vibes,0,,-,1122,RAY$,鳥取県,1984,VIOLA.,鳥取県,3067,VIOLA.,鳥取県,0,,-
HEROIC VERSE,POP TEAM EPIC(kors k Remix),310,RAY$,鳥取県,534,SALOON,鳥取県,1264,SALOON,鳥取県,2135,VIOLA.,鳥取県,0,,-
HEROIC VERSE,PHASE SHIFT MANEUVER,0,,-,1208,RAY$,鳥取県,1722,UMEKOO,鳥取県,2824,VIOLA.,鳥取県,0,,-
HEROIC VERSE,Override,0,,-,916,RAY$,鳥取県,1600,UMEKOO,鳥取県,2869,VIOLA.,鳥取県,0,,-
HEROIC VERSE,OUTER PLANETS,0,,-,669,SALOON,鳥取県,1355,YSGRQP,鳥取県,2129,VIOLA.,鳥取県,0,,-
HEROIC VERSE,Ohayo!,0,,-,942,RAY$,鳥取県,1565,31KING,鳥取県,2407,VIOLA.,鳥取県,0,,-
HEROIC VERSE,NRG STAR '86 feat. 大山愛未,0,,-,977,RAY$,鳥取県,1491,SOYJOY,鳥取県,2629,VIOLA.,鳥取県,0,,-
HEROIC VERSE,NEWALONE,0,,-,596,SALOON,鳥取県,1258,SALOON,鳥取県,1991,59SO2,鳥取県,0,,-
HEROIC VERSE,Nasty Techniques,0,,-,954,RAY$,鳥取県,1615,KI9TU2,鳥取県,2603,VIOLA.,鳥取県,0,,-
HEROIC VERSE,Moving on,0,,-,1008,RAY$,鳥取県,1934,31KING,鳥取県,2964,VIOLA.,鳥取県,0,,-
HEROIC VERSE,Mel,0,,-,784,SALOON,鳥取県,1501,SALOON,鳥取県,2164,VIOLA.,鳥取県,0,,-
HEROIC VERSE,Matt Silver,0,,-,1106,RAY$,鳥取県,2087,31KING,鳥取県,3278,#MA3#,鳥取県,0,,-
HEROIC VERSE,Lords Of The Roundtable,0,,-,1029,RAY$,鳥取県,1835,#MA3#,鳥取県,2902,#MA3#,鳥取県,0,,-
HEROIC VERSE,Like+it!,0,,-,1022,RAY$,鳥取県,1728,UMEKOO,鳥取県,2334,#MA3#,鳥取県,0,,-
HEROIC VERSE,LIGHTNING STRIKES,0,,-,905,RAY$,鳥取県,1671,VIOLA.,鳥取県,3205,VIOLA.,鳥取県,0,,-
HEROIC VERSE,LASER CRUSTER (IGNITE REMIX),0,,-,708,GIGLIO,鳥取県,1744,UMEKOO,鳥取県,3447,VIOLA.,鳥取県,0,,-
HEROIC VERSE,Infinity Mirror,0,,-,833,RAY$,鳥取県,1373,VIOLA.,鳥取県,2303,VIOLA.,鳥取県,0,,-
HEROIC VERSE,Inferno of Fomalhaut,0,,-,1011,SALOON,鳥取県,1860,31KING,鳥取県,2939,VIOLA.,鳥取県,0,,-
HEROIC VERSE,Hyper Drive feat. ぷにぷに電機,0,,-,666,SALOON,鳥取県,1480,Y.Y,鳥取県,1964,UMEKOO,鳥取県,0,,-
HEROIC VERSE,Horizons of Promise,0,,-,935,RAY$,鳥取県,1472,NAMI,鳥取県,2590,59SO2,鳥取県,0,,-
HEROIC VERSE,Hold My Hand,0,,-,924,SALOON,鳥取県,1696,31KING,鳥取県,2457,VIOLA.,鳥取県,0,,-
HEROIC VERSE,GIGA VIOLATE,0,,-,1061,RAY$,鳥取県,1551,SALOON,鳥取県,2727,VIOLA.,鳥取県,0,,-
HEROIC VERSE,Fly Above (Vicissitude Remix),0,,-,810,GIGLIO,鳥取県,1362,DONNMA,鳥取県,2363,#MA3#,鳥取県,0,,-
HEROIC VERSE,fairy cocktail,0,,-,454,SALOON,鳥取県,1089,SALOON,鳥取県,1622,VIOLA.,鳥取県,0,,-
HEROIC VERSE,EXCITE,235,MOOTY,鳥取県,820,SALOON,鳥取県,1323,Y.Y,鳥取県,2218,VIOLA.,鳥取県,0,,-
HEROIC VERSE,Duration,0,,-,534,SALOON,鳥取県,1008,Y.Y,鳥取県,1937,VIOLA.,鳥取県,0,,-
HEROIC VERSE,Drop It,0,,-,1332,SALOON,鳥取県,1939,31KING,鳥取県,2700,VIOLA.,鳥取県,0,,-
HEROIC VERSE,Do What You Want,0,,-,693,SALOON,鳥取県,1271,31KING,鳥取県,2000,VIOLA.,鳥取県,0,,-
HEROIC VERSE,Crank It,0,,-,746,RAY$,鳥取県,1423,KI9TU2,鳥取県,2436,VIOLA.,鳥取県,0,,-
HEROIC VERSE,Change Yourself,0,,-,921,RAY$,鳥取県,1724,UMEKOO,鳥取県,2501,VIOLA.,鳥取県,0,,-
HEROIC VERSE,Calvados Queen,0,,-,935,RAY$,鳥取県,1458,RAY$,鳥取県,2434,#MA3#,鳥取県,0,,-
HEROIC VERSE,Bow shock!!,0,,-,802,RAY$,鳥取県,1955,UMEKOO,鳥取県,3063,#MA3#,鳥取県,0,,-
HEROIC VERSE,Beautiful Harmony (IIDX Mix),0,,-,855,RAY$,鳥取県,1636,SHADE,鳥取県,2455,VIOLA.,鳥取県,0,,-
HEROIC VERSE,beatAffection,0,,-,1015,SALOON,鳥取県,1521,KI9TU2,鳥取県,2637,VIOLA.,鳥取県,0,,-
HEROIC VERSE,Backyard Stars,0,,-,999,RAY$,鳥取県,1522,KI9TU2,鳥取県,2198,VIOLA.,鳥取県,0,,-
HEROIC VERSE,And-RoiD,0,,-,708,RAY$,鳥取県,1287,KI9TU2,鳥取県,1999,VIOLA.,鳥取県,0,,-
HEROIC VERSE,AKASHIC BREAK,0,,-,1222,RAY$,鳥取県,2419,VIOLA.,鳥取県,3531,VIOLA.,鳥取県,0,,-
HEROIC VERSE,27th style,0,,-,1138,DEBU**,鳥取県,1773,31KING,鳥取県,2489,#MA3#,鳥取県,0,,-