"version","title","normalScore","normalDJName","normalPrefecture","hyperScore","hyperDJName","hyperPrefecture","anotherScore","anotherDJName","anotherPrefecture"
"1st&substream","22DUNK","530","STA",,"644","UNYO",,"656","DOLCF",
"1st&substream","5.1.1.","198","BECK69",,"1019","HI-G",,"1559","HORI",
"1st&substream","Dr.LOVE","408","UNYO",,"522","STA",,"580","STA",
"1st&substream","GAMBOL","274","CIRNO9",,"268","CIRN09",,,,
"1st&substream","GRADIUSIC CYBER","877","HI-G",,"1011","CARP*S",,"1210","DOLCF",
"1st&substream","R3","660","STA",,"734","ARAD",,"906","DOLCF",
"1st&substream","BRILLIANT 2U","540","STA",,"660","BEATIT",,"723","CARP*S",
"1st&substream","deep in you","500","STA",,"507","*M&T*",,"665","POLO",
"1st&substream","GENOM SCREAMS","422","STA",,"830","ARAD",,"1070","POLO",
"1st&substream","KEEP ON MOVIN'","196","LARK!M",,"244","FOL*C",,,,
"1st&substream","Macho Gang","382","STA",,"1080","GES8RO",,"1656","*HUYU*",
"1st&substream","PARANOiA MAX～DIRTY MIX～","560","STA",,"752","YMG-C",,"1113","DOLCF",
"1st&substream","RUGGED ASH","370","STA",,"402","STA",,"1094","TANMEN",
"1st&substream","THE EARTH LIGHT","792","LARK!M",,"1052","ARAD",,"1157","DOLCF",
"2nd style",".59","719","GES8RO",,"1024","CARP*S",,"1159","YUJIUS",
"2nd style","Dancin' Into The Night","432","STA",,"470","STA",,,,
"2nd style","Digital MinD(A/T Libra mix)","747","STA",,"1068","ARAD",,"1132","RIE.",
"2nd style","Electro Tuned(the SubS mix)","777","UNYO",,"963","ARAD",,"1069","POLO",
"2nd style","I Was The One","544","STA",,"652","STA",,"696","NEFF",
"2nd style","Indigo Vision(full flavour hide around mix)","881","STA",,"1130","CARP*S",,"1227","IMPALA",
"2nd style","PUT YOUR FAITH IN ME( for beatmania II )","582","STA",,"865","TANMEN",,,,
"2nd style","SP-TRIP MACHINE(for beatmania II)","508","STA",,"626","STA",,"648","TANMEN",
"3rd style","CAN'T STOP FALLIN'IN LOVE","620","STA",,"1258","DOLCF",,,,
"3rd style","Don't Stop!","778","UNYO",,"856","JAI&CO",,"906","JAI&CO",
"3rd style","era(nostal mix)","862","STA",,"1094","DONUTS",,"1541","DOLCF",
"3rd style","Holic","785","LARK!M",,"1231","ARAD",,"1727","DOLCF",
"3rd style","LEADING CYBER","863","ATIA",,"1213","ARAD",,"1279","DOLCF",
"3rd style","Presto","546","STA",,"994","CARP*S",,"1013","TANMEN",
"3rd style","R5","774","STA",,"1174","CARP*S",,"1766","IMPALA",
"3rd style","REINCARNATION","847","LARK!M",,"1045","ARAD",,"1279","TANMEN",
"3rd style","Schlagwerk","827","STA",,"1310","4CHO-",,"1688","TANMEN",
"3rd style","Skyscraper","743","LARK!M",,"1214","CARP*S",,"1254","DOLCF",
"3rd style","Tangerine Stream","282","NAO10",,"396","TAKAVO",,,,
"3rd style","The SAFARI","1229","AYANE.",,"1778","TANMEN",,,,
"4th style","250bpm","700","STA",,"1033","873ZKI",,"1421","TANMEN",
"4th style","ABSOLUTE","1342","MASAKI",,"1840","TANMEN",,,,
"4th style","B4U","1065","LARK!M",,"1574","CARP*S",,"2015","DOLCF",
"4th style","Broken My Heart","943","AYANE.",,"1493","CARP*S",,"1820","DOLCF",
"4th style","Burnin' The Floor","586","STA",,"955","873ZKI",,"1439","POLO",
"4th style","CHECKING YOU OUT","661","*M&T*",,"902","SAGAI",,"1342","DO",
"4th style","Clione","528","STA",,"958","CARP*S",,,,
"4th style","DXY!","1286","ATIA",,"1898","IMPACT",,"2253","DOLCF",
"4th style","empathy","832","STA",,"1377","N!?",,"1467","DOLCF",
"4th style","era(step mix)","1120","STA",,"1443","HO4-KT",,"1713","DOLCF",
"4th style","FLOWERS for ALBION","244","AYANE.",,"444","AYANE.",,,,
"4th style","HIGHER","540","STA",,"934","JAI&CO",,"1280","CARP*S",
"4th style","Hitch Hiker2","836","STA",,"1212","ARAD",,"1320","POLO",
"4th style","Jam&Marmalade","776","AYANE.",,"910","CARP*S",,"1020","POLO",
"4th style","KAMIKAZE","1027","HI-G",,"1482","CARP*S",,"2302","DOLCF",
"4th style","LOVE WILL...","558","STA",,"758","INOP",,"1460","GARALY",
"4th style","minimalian","542","STA",,"1108","JAI&CO",,"1405","TANMEN",
"4th style","MR.T.(take me higher)","855","STA",,"1019","AYANE.",,"1770","DO",
"4th style","Nasty!","589","STA",,"961","JAI&CO",,"1568","WAI-L",
"4th style","starmine","907","STA",,"1426","CARP*S",,"1588","SONE*",
"4th style","ULTRA HIGH-HEELS","759","IMOTO*",,"916","LARK!M",,"992","XAN.L",
"4th style","Under Construction","832","*M&T*",,"1011","CARP*S",,"1157","MOKA.A",
"4th style","Voltage(feat.Hidemaru)","946","STA",,"1236","CARP*S",,"1331","*YAI3*",
"5th style","Abyss","1272","TAKA-P",,"1632","CARP*S",,"1881","DOLCF",
"5th style","in my eyes","967","IMOTO*",,"1473","CARP*S",,"1586","TANMEN",
"5th style","INSERTiON","888","STA",,"1291","TOTORI",,"1652","DOLCF",
"5th style","Kiss me all night long","933","STA",,"1247","CARP*S",,"1481","CARP*S",
"5th style","LOVE AGAIN TONIGHT-for Mellisa mix-","770","STA",,"999","ARAD",,"1121","NOIK.G",
"5th style","outer wall","941","STA",,"1360","TOMOE",,"1772","TANMEN",
"5th style","QQQ","1236","ATIA",,"1904","CARP*S",,"2159","-LARK-",
"5th style","Radical Faith","1198","STA",,"1512","ARAD",,"1311","DOLCF",
"5th style","Real","1136","IIDX17",,"1690","MAJIN!",,"1822","DOLCF",
"5th style","Regulus","1083","STA",,"1544","G-!",,"1731","DOLCF",
"5th style","RIDE ON THE LIGHT (HI GREAT MIX)","901","STA",,"1086","NAO.",,"1716","EMT2",
"5th style","RISLIM","924","ZARBON",,"1237","HORI",,,,
"5th style","sometime","783","STA",,"1067","ARAD",,"1336","DOLCF",
"5th style","Spin the disc","811","STA",,"1305","JAI&CO",,"1339","CINK",
"5th style","STILL IN MY HEART","1032","IMOTO*",,"1384","GIRAGS",,"1928","TANMEN",
"5th style","still my words","926","AYANE.",,"1235","CARP*S",,,,
"5th style","sync","1090","HI-G",,"1942","CARP*S",,"2381","DOLCF",
"5th style","THE CUBE","746","IIDX17",,"1273","G-!",,"1359","TANMEN",
"5th style","THE SHINING POLARIS","969","AYANE.",,"1328","CARP*S",,"1589","G-!",
"5th style","V","1287","UNYO",,"2521","JDR-OK",,"3010","DOLCF",
"6th style","19,November","1117","STA",,"1460","JAI&CO",,"1804","DOLCF",
"6th style","BALLAD FOR YOU～想いの雨～","589","STA",,"771","LARK!M",,"1066","PNP",
"6th style","Blueberry Stream","851","STA",,"1503","G-!",,"1656","-LARK-",
"6th style","Buffalo","1012","HI-G",,"1465","FULPOP",,"1814","DOLCF",
"6th style","Colors(radio edit)","1465","IMPACT",,"1972","XAN.L",,"2441","DOLCF",
"6th style","DIVE -INTO YOUR HEART-","1303","STA",,"1872","CARP*S",,"2108","DOLCF",
"6th style","fly through the night","901","LARK!M",,"1370","CARP*S",,"1715","TANMEN",
"6th style","Free Style","938","UNYO",,"1119","UNYO",,"1316","NYANTA",
"6th style","Frozen Ray(original mix)","1320","HI-G",,"1771","CARP*S",,"1806","DOLCF",
"6th style","G2","1474","N!?",,"1831","N!?",,"2323","EMT2",
"6th style","Linus","971","STA",,"1558","CARP*S",,"2194","DOLCF",
"6th style","NEMESIS","1029","STA",,"1644","NAPPA*",,"1906","DOLCF",
"6th style","rottel-da-sun","828","STA",,"1373","TOTORI",,"1856","HORI",
"6th style","route 80s","904","STA",,"1208","TOTORI",,"1510","DOLCF",
"6th style","Summer Vacation(CU mix)","1312","FULPOP",,"1856","POLO",,,,
"6th style","Take It Easy","1501","IIDX17",,"2387","JAI&CO",,"2515","DOLCF",
"6th style","VJ ARMY","1306","STA",,"1740","G-!",,"1914","DOLCF",
"6th style","こっちを向いてよ","868","MASAKI",,"1320","MASAKI",,"1385","*HUYU*",
"6th style","電人イェーガーのテーマ (Theme of DENJIN J)","1120","IIDX17",,"1582","TANMEN",,,,
"7th style","A","1308","STA",,"2176","873ZKI",,"2477","DOLCF",
"7th style","AVE DE RAPINA","1395","LARK!M",,"1718","873ZKI",,"1835","DOLCF",
"7th style","Bad Routine","1037","HI-G",,"1422","GARALY",,,,
"7th style","BRING HER DOWN","1062","STA",,"1473","UNYO",,"1778","TANMEN",
"7th style","Burning Heat! (Full Option Mix)","720","STA",,"968","N!?",,"1495","TANMEN",
"7th style","Cheer Train","934","LARK!M",,"1232","ARAD",,"1732","TANMEN",
"7th style","CLOUDY MUSIC","827","STA",,"1220","TANMEN",,,,
"7th style","D2R","979","CARP*S",,"1335","CARP*S",,"1635","-LARK-",
"7th style","DESTINY","1084","ATIA",,"1390","ARAD",,"1840","POLO",
"7th style","foreplay","708","STA",,"1229","G-!",,"1338","DOLCF",
"7th style","Glorious Days","522","UNYO",,"813","*JENA*",,"913","WAI-L",
"7th style","Happy Wedding","1223","GES8RO",,"1700","ARAD",,"1857","DOLCF",
"7th style","i feel...","906","LARK!M",,"1108","JAI&CO",,"1249","TANMEN",
"7th style","Last Message","1020","STA",,"1349","CARP*S",,"1613","DOLCF",
"7th style","Let the Snow Paint Me","862","STA",,"1070","UNYO",,"1246","TANMEN",
"7th style","Love Me Do","1136","TOTORI",,"1707","TOTORI",,"2109","TANMEN",
"7th style","Marmalade Reverie","869","STA",,"1006","IMOTO*",,"1272","STREAM",
"7th style","MAX 300","1133","AMI5",,"1938","HORI",,,,
"7th style","Spica","656","STA",,"1508","G-!",,"2265","DOLCF",
"7th style","Spooky","1116","LARK!M",,"1409","ARAD",,"1649","XAN.L",
"7th style","stoic","1717","ATIA",,"2442","CARP*S",,"2576","DOLCF",
"7th style","Tomorrow Perfume","1336","A*KEYS",,"1963","873ZKI",,"2132","DOLCF",
"7th style","traces","1539","IMOTO*",,"1950","CARP*S",,"2149","DOLCF",
"7th style","ZERO-ONE","1102","HI-G",,"1715","CARP*S",,"2247","TANMEN",
"7th style","革命","778","LARK!M",,"1982","EMT2",,"2343","DOLCF",
"8th style","abstract","1309","AMI5",,"1642","AX",,"1904","TANMEN",
"8th style","airflow","588","STA",,"795","ARAD",,"1435","*YAI3*",
"8th style","ALIEN WORLD","944","*TAM*",,"1162","MASAKI",,"1441","DOLCF",
"8th style","ALL RIGHT","891","LARK!M",,"1311","873ZKI",,"1624","DOLCF",
"8th style","Attitude","1053","LARK!M",,"1434","CARP*S",,"1755","POLO",
"8th style","bit mania","916","STA",,"1283","ARAD",,"1866","-LARK-",
"8th style","Blame","1215","LARK!M",,"1577","CARP*S",,"1930","DOLCF",
"8th style","Blown My Heart Away","844","STA",,"1141","IMOTO*",,"1638","TANMEN",
"8th style","CELEBRATE NITE","936","STA",,"1180","CARP*S",,"1423","XAN.L",
"8th style","Colors -Y&Co. EUROBEAT Remix-","1167","LARK!M",,"2045","CARP*S",,"2186","JDR-OK",
"8th style","DANCER","886","*TAM*",,"1041","UNYO",,"1415","XAN.L",
"8th style","dissolve","982","STA",,"1305","IMOTO*",,"1563","TANMEN",
"8th style","dual control","800","STA",,"1493","JAI&CO",,"1905","*HUYU*",
"8th style","FLUTE MAN","596","LARK!M",,"915","STREAM",,"1097","WAI-L",
"8th style","Giudecca","934","LARK!M",,"1996","JAI&CO",,"2688","DOLCF",
"8th style","Halfway of promise","959","LARK!M",,"1528","TOTORI",,"1837","DOLCF",
"8th style","LAB","1061","STA",,"2024","G-!",,"2134","EMT2",
"8th style","LOVE IS ORANGE","798","STA",,"1034","*M&T*",,"1803","DOLCF",
"8th style","memories","1145","LARK!M",,"2074","873ZKI",,"2276","DOLCF",
"8th style","Monkey Dance","825","ATIA",,"1373","CARP*S",,"1986","TANMEN",
"8th style","murmur twins","1130","STA",,"1693","CARP*S",,"2386","POLO",
"8th style","MUSIC TO YOUR HEAD","827","ATIA",,"1465","CARP*S",,"1683","DOLCF",
"8th style","OUTER LIMITS","667","STA",,"1325","EMT2",,,,
"8th style","PLEASE DON'T GO","1004","LARK!M",,"1416","ARAD",,"2446","DOLCF",
"8th style","rainbow flyer","839","STA",,"1690","G-!",,"2130","DOLCF",
"8th style","symbolic","1457","IMOTO*",,"1885","JAI&CO",,"2244","XAN.L",
"8th style","thunder","1200","INOP",,"1609","JAI&CO",,"1896","TANMEN",
"8th style","WAR GAME","976","STA",,"1557","RIN.T",,"2126","DOLCF",
"8th style","World Wide Love","706","STA",,"1052","STA",,"1118","NOIK.G",
"8th style","xenon","1129","LARK!M",,"1717","CARP*S",,"2736","TANMEN",
"8th style","合体せよ！ストロングイェーガー！！","1603","LARK!M",,"1742","CARP*S",,,,
"8th style","夜のサングラス","1080","LARK!M",,"1317","JAI&CO",,"1923","TANMEN",
"8th style","桜","1034","*M&T*",,"1557","F.A",,"2172","DOLCF",
"8th style","蒼い衝動","934","STA",,"1377","CARP*S",,"1605","TANMEN",
"9th style","Abyss -The Heavens Remix-","1510","ATIA",,"1867","CARP*S",,"2362","POLO",
"9th style","ACT","1060","LARK!M",,"1718","CARP*S",,"1857","OP*PO*",
"9th style","ADVANCE","482","STA",,"886","*YAI3*",,"1332","DOLCF",
"9th style","BAD BOY BASS!!(dj Remo-con MIX)","933","LARK!M",,"1406","ARAD",,"1797","KYOU.F",
"9th style","Be Rock U(1998 burst style)","881","UNYO",,"1365","CARP*S",,"1861","DOLCF",
"9th style","BREEDING","874","ATIA",,"1455","AYANE.",,"1551","POLO",
"9th style","BRIGHTNESS DARKNESS","726","LARK!M",,"1490","JAI&CO",,"1769","DOLCF",
"9th style","Cradle","926","STA",,"1488","*M&T*",,"1598","DOLCF",
"9th style","Distress","1357","STA",,"1848","TANMEN",,,,
"9th style","Dreamin' Sun","1148","GES8RO",,"1872","IMOTO*",,"2125","DOLCF",
"9th style","e-motion 2003 -romantic extra-","1331","LARK!M",,"1635","TOTORI",,"1989","DOLCF",
"9th style","ECHOES","943","LARK!M",,"1174","IMOTO*",,"2044","TANMEN",
"9th style","Golden Horn","718","UNYO",,"1273","CARP*S",,"1511","XAN.L",
"9th style","HYPER EUROBEAT(2DX STYLE)","1109","LARK!M",,"1676","CARP*S",,"1964","DOLCF",
"9th style","I Was The One(80's EUROBEAT STYLE)","794","STA",,"1368","CARP*S",,"1451","-LARK-",
"9th style","Karma","1330","BLAZE*",,"1669","GO*",,"1824","*HUYU*",
"9th style","Let the Snow Paint Me -Y&Co. Remix-","846","LARK!M",,"1284","JAI&CO",,"1814","-",
"9th style","lights","712","MASAKI",,"1484","MINORI",,"1807","TANMEN",
"9th style","lower world","1388","LARK!M",,"1923","YOZUCA",,"2260","TANMEN",
"9th style","Make A Difference","884","STA",,"1650","873ZKI",,"2254","DO",
"9th style","MARIA(I believe...)","748","UNYO",,"1594","CARP*S",,"1958","DOLCF",
"9th style","moon_child","1061","STA",,"1999","XAN.L",,"2559","DOLCF",
"9th style","one or eight","1358","ATIA",,"1921","G-!",,"2276","DOLCF",
"9th style","POWER DREAM","786","STA",,"1616","IMOTO*",,"1864","DOLCF",
"9th style","Prelude","879","STA",,"1403","CARP*S",,"2047","XAN.L",
"9th style","quasar","1177","GES8RO",,"1790","CARP*S",,"2307","DOLCF",
"9th style","Quickening","952","STA",,"1730","ZOO",,"2108","DOLCF",
"9th style","Really Love","659","STA",,"966","*SELL*",,"1745","DO",
"9th style","RISLIM -Remix-","806","STA",,"995","IIDX17",,"1877","XAN.L",
"9th style","rottel-the-Mercury","1005","AYANE.",,"1917","JAI&CO",,"2270","DO",
"9th style","Silvia Drive","856","LARK!M",,"1564","JAI&CO",,"2072","*HUYU*",
"9th style","SNOW","1066","STA",,"1393","CARP*S",,"2061","DOLCF",
"9th style","STAR FIELD","702","STA",,"1605","CARP*S",,"1887","TANMEN",
"9th style","Sweet Sweet Magic","1018","RIN.T",,"1552","873ZKI",,"2049","TANMEN",
"9th style","ライオン好き","658","LARK!M",,"1197","*JENA*",,"1507","IMPALA",
"9th style","昭和企業戦士荒山課長","795","LARK!M",,"1497","CARP*S",,"1629","TANMEN",
"10th style","1st Samurai","1087","HI-G",,"1997","JAI&CO",,"2698","DOLCF",
"10th style","ALIEN TEMPLE","1009","LARK!M",,"1655","JAI&CO",,"2027","DOLCF",
"10th style","ASTRAL VOYAGE","1015","STA",,"1439","JAI&CO",,"1929","GARALY",
"10th style","BABY LOVE","1190","HI-G",,"1705","CARP*S",,"2149","OP*PO*",
"10th style","Back Into The Light","1198","GES8RO",,"1665","CARP*S",,"2163","CARP*S",
"10th style","Boundary","876","ATIA",,"1842","MASAKI",,"2056","TANMEN",
"10th style","CARRY ON NIGHT(English version)","1018","ATIA",,"1389","CARP*S",,"2060","HORI",
"10th style","Changes","1349","ATIA",,"1958","HORI",,,,
"10th style","Daisuke","1223","ATIA",,"1692","CARP*S",,"2395","MOKA.A",
"10th style","Debtty Daddy","1061","HI-G",,"1994","CARP*S",,"2708","DOLCF",
"10th style","desolation","489","STA",,"661","4CHO-",,"764","-LARK-",
"10th style","DoLL","956","HI-G",,"1249","RIN.T",,"1617","XAN.L",
"10th style","Don't forget","844","STA",,"1171","*YAI3*",,"1652","DOLCF",
"10th style","Drop on the floor","851","STA",,"1701","TOTORI",,"1871","YUJIUS",
"10th style","EXE","887","LARK!M",,"1648","CARP*S",,"2248","DOLCF",
"10th style","Feedback","1075","LARK!M",,"1611","FULPOP",,"1966","DOLCF",
"10th style","FEEL IT","946","LARK!M",,"1743","SK.HO4",,"2010","EMT2",
"10th style","Freezing atmosphere","825","STA",,"1143","RIE.",,"1528","DO",
"10th style","GHOST REVIVAL","928","LARK!M",,"2060","TOTORI",,"2589","DOLCF",
"10th style","GRADIUS -FULL SPEED-","759","STA",,"1245","873ZKI",,"2119","DOLCF",
"10th style","HI SCHOOL DREAM","942","STA",,"1443","HINS",,"1822","DOLCF",
"10th style","HIGH","933","LARK!M",,"1927","TOTORI",,"2171","TANMEN",
"10th style","Innocent Walls","1646","ZOO",,"2495","G-!",,"2820","DOLCF",
"10th style","LIMITED","666","LARK!M",,"1351","TOTORI",,"1503","PCX",
"10th style","Love Is Eternity","1233","ATIA",,"2006","CARP*S",,"2408","TANMEN",
"10th style","LOW","692","STA",,"1509","TOTORI",,"1737","DOLCF",
"10th style","Lucy","970","HI-G",,"1794","G-!",,"2317","TANMEN",
"10th style","Narcissus At Oasis","784","STA",,"1589","CARP*S",,"1663","DOLCF",
"10th style","No.13","1685","RIN.T",,"2688","EMT2",,"3172","DOLCF",
"10th style","One More Lovely","877","4CHO-",,"1642","MYG-C",,"2839","DOLCF",
"10th style","pandora","909","LARK!M",,"1694","CARP*S",,"1851","DOLCF",
"10th style","rainbow rainbow","1584","RIN.T",,"2277","ZANO",,"2704","DOLCF",
"10th style","Ready To Rockit Blues","596","STA",,"1060","AYANE.",,"1221","GARALY",
"10th style","Rise'n Beauty","1297","LARK!M",,"1673","CARP*S",,"2177","DOLCF",
"10th style","SHOOTING STAR","1291","ATIA",,"1692","ARAD",,"2282","DOLCF",
"10th style","Smell Like This","1047","ATIA",,"1358","ARAD",,"1699","DOLCF",
"10th style","SPACE FIGHT","656","STA",,"1517","ARAD",,"2243","DOLCF",
"10th style","システムロマンス","913","LARK!M",,"1784","GES8RO",,"2036","DOLCF",
"10th style","雪月花","1263","ATIA",,"1923","ZENO",,"2529","DOLCF",
"IIDX RED","AA","1281","IMOTO*",,"2745","873ZKI",,"3616","DOLCF",
"IIDX RED","AGEHA","1071","ATIA",,"1761","CARP*S",,"1891","ALI-NA",
"IIDX RED","ANDROMEDA","1033","AYANE.",,"1940","CARP*S",,"2881","TANMEN",
"IIDX RED","awakening","1102","LARK!M",,"1484","CARP*S",,"1720","DOLCF",
"IIDX RED","Be quiet","1113","ATIA",,"1775","CARP*S",,"2216","DOLCF",
"IIDX RED","BLOCKS","829","UNYO",,"1341","CARP*S",,"1980","DOLCF",
"IIDX RED","BREATH","931","ATIA",,"1313","CARP*S",,"1734","XAN.L",
"IIDX RED","Click Again","921","STA",,"1455","ARAD",,"2156","DOLCF",
"IIDX RED","Close my Eyes for Me","1050","STA",,"1478","TOTORI",,"1845","DOLCF",
"IIDX RED","D.A.N.C.E.!","592","STA",,"851","4CHO-",,"1620","DO",
"IIDX RED","Don't be afraid myself","1126","LARK!M",,"1900","CARP*S",,"2283","DOLCF",
"IIDX RED","earth scape","456","BECK69",,"1054","4CHO-",,"1279","YMG-C",
"IIDX RED","FAKE TIME","1053","IIDX17",,"1761","YOZUCA",,"2375","DOLCF",
"IIDX RED","Fly Away To India","688","STA",,"1115","ARAD",,"1408","DOLCF",
"IIDX RED","GENOCIDE","1164","RIN.T",,"2134","EMT2",,"2404","TANMEN",
"IIDX RED","gigadelic","1520","TANMEN",,"2177","POLO",,"2551","DOLCF",
"IIDX RED","HORIZON","1088","LARK!M",,"1564","RIN.T",,"1972","TANMEN",
"IIDX RED","INJECTION OF LOVE","686","STA",,"1058","ARAD",,"1531","POLO",
"IIDX RED","KEY","1143","STA",,"1883","RIN.T",,"2858","TANMEN",
"IIDX RED","Les filles balancent","939","STA",,"1253","STREAM",,"1643","TANMEN",
"IIDX RED","NEBULA GRASPER","1378","IMOTO*",,"2048","CARP*S",,"2464","XAN.L",
"IIDX RED","Raspberry Heart(English version)","1058","ATIA",,"1582","PAPY",,"1860","HORI",
"IIDX RED","RED ZONE","1128","AYANE.",,"1932","CARP*S",,"2336","DOLCF",
"IIDX RED","RESONATE 1794","936","LARK!M",,"1477","ZENO",,"1885","DOLCF",
"IIDX RED","Secret of Love","1101","HI-G",,"1477","GES8RO",,"2024","DOLCF",
"IIDX RED","SPEEDY CAT","1137","ATIA",,"1712","CARP*S",,"2040","DOLCF",
"IIDX RED","Sphere","1078","STA",,"1967","CARP*S",,"2207","-LARK-",
"IIDX RED","spiral galaxy","1088","LARK!M",,"2095","*KNST*",,"2586","DOLCF",
"IIDX RED","TEXTURE","584","STA",,"980","JAI&CO",,"1178","DOLCF",
"IIDX RED","The Hope of Tomorrow","1069","UNYO",,"1731","CARP*S",,"1958","DOLCF",
"IIDX RED","ULTiMΛTE","957","*BACA*",,"1480","JAI&CO",,"2003","-LARK-",
"IIDX RED","Wonder Bullfighter","972","HI-G",,"1470","TOTORI",,"2045","DO",
"IIDX RED","ピアノ協奏曲第1番”蠍火”","841","AYANE.",,"2156","DOLCF",,"2707","DOLCF",
"IIDX RED","大桟橋","493","STA",,"1136","ARAD",,"1854","DOLCF",
"IIDX RED","太陽 ～T･A･I･Y･O～","837","AYANE.",,"1438","CARP*S",,"1744","NEFF",
"HAPPY SKY","100% minimoo-G","944","HI-G",,"1712","A-YA*",,"1742","DOLCF",
"HAPPY SKY","Agnus Dei","924","LARK!M",,"1691","CARP*S",,"2081","XAN.L",
"HAPPY SKY","alla turca con passione","815","LARK!M",,"1650","CARP*S",,"2193","DOLCF",
"HAPPY SKY","Aurora","1420","RIN.T",,"2164","JAI&CO",,"2546","DOLCF",
"HAPPY SKY","CaptivAte～浄化～","1070","LARK!M",,"1871","CARP*S",,"2474","DOLCF",
"HAPPY SKY","Catch Me","804","STA",,"1324","ARAD",,"1829","DO",
"HAPPY SKY","double thrash","1048","STA",,"2089","CARP*S",,"2366","DOLCF",
"HAPPY SKY","EDEN","1319","RIN.T",,"1933","ZENO",,"2719","MOKA.A",
"HAPPY SKY","EMPTY OF THE SKY","668","STA",,"1049","LARK!M",,"1682","EMT2",
"HAPPY SKY","First Resolution","841","ATIA",,"1613","CARP*S",,"2150","DOLCF",
"HAPPY SKY","garden","879","UNYO",,"1532","MASAKI",,"2177","-LARK-",
"HAPPY SKY","Get'em up to R.A.V.E","1193","LARK!M",,"1769","CARP*S",,"2292","DOLCF",
"HAPPY SKY","GREEN EYES","1013","STA",,"1647","CARP*S",,"2223","TANMEN",
"HAPPY SKY","HAPPY☆ANGEL","1107","*ALU*",,"1557","CARP*S",,"2095","DOLCF",
"HAPPY SKY","I am","1105","STA",,"1755","CARP*S",,"2175","DOLCF",
"HAPPY SKY","in motion","860","LARK!M",,"1081","HALPOP",,"1314","DDN",
"HAPPY SKY","INAZUMA","1118","LARK!M",,"1840","CARP*S",,"2712","DOLCF",
"HAPPY SKY","LESSON 5","1301","HI-G",,"1871","CARP*S",,"2503","DOLCF",
"HAPPY SKY","Little Little Princess","1111","LARK!M",,"2211","ALI-NA",,"2785","DOLCF",
"HAPPY SKY","Love Magic","1026","STA",,"1772","873ZKI",,"1957","DOLCF",
"HAPPY SKY","MOON RACE","868","ATIA",,"1185","CARP*S",,"1895","K.F",
"HAPPY SKY","PLASMA","958","STA",,"1692","CARP*S",,"2278","CARP*S",
"HAPPY SKY","Pollinosis","807","LARK!M",,"1170","IMOTO*",,"2530","DOLCF",
"HAPPY SKY","POODLE","982","UNYO",,"1902","RIN.T",,"2300","-LARK-",
"HAPPY SKY","rage against usual","1385","IJLLMM",,"2072","ZENO",,"2982","DOLCF",
"HAPPY SKY","SCREAM SQUAD","1200","IIDX17",,"1681","CINK",,"2083","DOLCF",
"HAPPY SKY","Scripted Connection⇒ A mix","1703","N!?",,"2281","XAN.L",,"3122","DOLCF",
"HAPPY SKY","Scripted Connection⇒ H mix","1726","N!?",,"2082","MYG-C",,"2522","DOLCF",
"HAPPY SKY","Scripted Connection⇒ N mix","1341","N!?",,"1692","JAI&CO",,"2118","TANMEN",
"HAPPY SKY","SigSig","1093","LARK!M",,"1711","CARP*S",,"2605","TANMEN",
"HAPPY SKY","SPARK!","707","STA",,"1336","AYANE.",,"1605","DO",
"HAPPY SKY","Tizona d'El Cid","987","UNYO",,"1959","BBC",,"2329","TANMEN",
"HAPPY SKY","Twelfth Style","1247","HI-G",,"1538","CARP*S",,"2043","DOLCF",
"HAPPY SKY","vault of heaven","802","UNYO",,"1451","CARP*S",,"2007","DOLCF",
"HAPPY SKY","Votum stellarum","823","AYANE.",,"1692","CARP*S",,"1994","DOLCF",
"HAPPY SKY","We are disっ娘よっつ打ち命","672","STA",,"978","UNYO",,"1668","TOMOE",
"HAPPY SKY","Xepher","1137","RIN.T",,"2226","CARP*S",,"3000","DOLCF",
"HAPPY SKY","オレはビートマニア！お前は何マニア？","822","AYANE.",,"1491","FULPOP",,"1703","DOLCF",
"HAPPY SKY","キャッシュレスは愛情消すティッシュ","817","STA",,"1361","873ZKI",,"2136","EMT2",
"HAPPY SKY","ラクエン","732","STA",,"961","TOTORI",,"1982","DOLCF",
"HAPPY SKY","冥","1084","N!?",,"2158","ZENO",,"3771","DOLCF",
"HAPPY SKY","合体せよ!!ストロングイェーガー!!(Ryu☆ remix)","1122","LARK!M",,"1583","ARAD",,"1927","DOLCF",
"HAPPY SKY","月光","906","LARK!M",,"1784","CARP*S",,"2475","DOLCF",
"DistorteD","ALFARSHEAR 双神威に廻る夢","1094","RIN.T",,"1672","873ZKI",,"2089","POLO",
"DistorteD","Apocalypse～dirge of swans～","1010","AYANE.",,"1817","CARP*S",,"2396","DOLCF",
"DistorteD","ay carumba!!!!","1032","STA",,"1574","CARP*S",,"1923","DOLCF",
"DistorteD","BALLAD THE FEATHERS","734","STA",,"1104","UNYO",,"1518","TOMOE",
"DistorteD","Bloody Tears(IIDX EDITION)","1145","IMOTO*",,"2008","CARP*S",,"2172","DO",
"DistorteD","bluemoon","584","STA",,"1714","JAI&CO",,"2302","*HUYU*",
"DistorteD","BOOM BOOM DISCO NIGHT","1034","STA",,"1855","CARP*S",,"2285","HORI",
"DistorteD","Broadbanded","908","G-!",,"1441","G-!",,"2022","TANMEN",
"DistorteD","Concertino in Blue","905","STA",,"1761","G-!",,"2523","DOLCF",
"DistorteD","CONTRACT","1274","TTTTTT",,"1698","AZURE*",,"2091","DOLCF",
"DistorteD","Crazy K.I.N.O.","867","ATIA",,"1186","TOTORI",,"1666","TANMEN",
"DistorteD","D.C. fish","1022","STA",,"1983","RIN.T",,"2338","DOLCF",
"DistorteD","DEEP ROAR","1003","STA",,"1437","ARAD",,"1935","1048",
"DistorteD","Double vv Loving Heart","584","LARK!M",,"1339","JAI&CO",,"1815","DO",
"DistorteD","DUE TOMORROW","923","STA",,"1448","WADL.G",,"2032","DOLCF",
"DistorteD","Enjoy your life","696","LARK!M",,"1104","873ZKI",,"1465","EMT2",
"DistorteD","EURO-ROMANCE","985","LARK!M",,"1851","CARP*S",,"2100","TANMEN",
"DistorteD","Ganymede","1135","RABBIT",,"1732","G-!",,"2337","*HUYU*",
"DistorteD","Harmony and Lovely","914","STA",,"1794","NAPPA*",,"2241","TANMEN",
"DistorteD","Heavenly Sun(IIDX VERSION)","841","AYANE.",,"1608","CARP*S",,"2114","TANMEN",
"DistorteD","iFUTURELIST","701","*TAM*",,"1159","SMCLUB",,"1702","TANMEN",
"DistorteD","INFERNO","1192","STA",,"1630","ARAD",,"1999","DOLCF",
"DistorteD","Leaving・・・","792","ATIA",,"1411","TOTORI",,"2122","POLO",
"DistorteD","Melody Life","793","LARK!M",,"1344","RIN.T",,"1858","XAN.L",
"DistorteD","MINT","1042","AYANE.",,"1826","CARP*S",,"2309","DOLCF",
"DistorteD","MOON","868","LARK!M",,"2124","CARP*S",,"2218","DOLCF",
"DistorteD","Parasite World","1359","LARK!M",,"1903","SYO-YU",,"2378","TANMEN",
"DistorteD","Power of Love","1023","LARK!M",,"1692","JAI&CO",,"2138","POLO",
"DistorteD","Pretty Punisher","995","LARK!M",,"1476","JAI&CO",,"1937","DOLCF",
"DistorteD","So Fabulous!!","1109","4CHO-",,"1566","CARP*S",,"2361","TAKA.S",
"DistorteD","Sun Field","574","STA",,"1548","CARP*S",,"2448","DOLCF",
"DistorteD","The Dirty of Loudness","1457","N!?",,"2253","CARP*S",,"2622","HORI",
"DistorteD","This is Love","943","LARK!M",,"1808","RIN.T",,"2483","HORI",
"DistorteD","tripping contact","1354","STA",,"1923","XX",,"2660","DOLCF",
"DistorteD","tripping contact(teranoid&MC Natsack Remix)","1276","STA",,"1977","*HUYU*",,"2476","DOLCF",
"DistorteD","Type Mars (G-Style Mix)","1133","MASAKI",,"1895","JAI&CO",,"2433","DOLCF",
"DistorteD","Ubiquitous Fantastic Ride","650","STA",,"1240","JAI&CO",,"1662","*HUYU*",
"DistorteD","waxing and wanding","1314","RIN.T",,"1985","ZENO",,"2887","DOLCF",
"DistorteD","Why did you go away","1117","ATIA",,"1797","CARP*S",,"2318","DOLCF",
"DistorteD","Winning Eleven9 Theme(IIDX EDITION)","839","LARK!M",,"1441","ARAD",,"1714","DDN",
"DistorteD","wish","800","STA",,"1194","AYANE.",,"1505","-LARK-",
"DistorteD","WISH(EUROBEAT MIX)","1059","GES8RO",,"1641","CARP*S",,"1971","ZENO",
"DistorteD","with you…","796","STA",,"1160","AO3DO6",,"1777","CARP*S",
"DistorteD","Zenius -I- vanisher","985","HI-G",,"1569","CARP*S",,"2399","DOLCF",
"DistorteD","カゴノトリ～弐式～","1158","ATIA",,"1872","CARP*S",,"2635","TANMEN",
"DistorteD","タシカナモノ","944","STA",,"1444","AO3DO6",,"2044","K.F",
"DistorteD","嘆きの樹","1793","AYANE.",,"2513","KAI",,"3880","DOLCF",
"DistorteD","罠","566","STA",,"1552","873ZKI",,"2453","POLO",
"DistorteD","華蝶風雪","1275","DONUTS",,"2111","ZENO",,"2975","POLO",
"DistorteD","虹色","975","LARK!M",,"1570","CARP*S",,"1859","DOLCF",
"GOLD","Air Bell","997","ATIA",,"1365","MAR-.-",,"1731","-LARK-",
"GOLD","ANDROMEDA II","998","STA",,"1942","G-!",,"2488","DOLCF",
"GOLD","Blind Justice ～Torn souls, Hurt Faiths～","1350","MAK",,"1989","CARP*S",,"2480","TANMEN",
"GOLD","Candy Galy","1587","16GO!?",,"2589","TANMEN",,"3548","DOLCF",
"GOLD","CaptivAte ～裁き～","869","STA",,"1313","B-RABI",,"1784","POLO",
"GOLD","CaptivAte ～誓い～","1341","UNYO",,"2018","CARP*S",,"2246","ZENO",
"GOLD","Come On","975","LARK!M",,"1244","873ZKI",,"1839","DOLCF",
"GOLD","CROSSROAD","1143","LARK!M",,"1761","JAI&CO",,"2190","JAI&CO",
"GOLD","Cyber Force","1273","ATIA",,"1949","CARP*S",,"2393","TANMEN",
"GOLD","Dreaming Sweetness","1219","*BACA*",,"1606","PANE-!",,"2140","XAN.L",
"GOLD","earth-like planet","788","LARK!M",,"1347","*9N2*",,"2092","DOLCF",
"GOLD","Fascination MAXX","973","T",,"1714","ZENO",,"2532","DOLCF",
"GOLD","FIRE FIRE","1219","STA",,"1827","T.S.M",,"2772","TANMEN",
"GOLD","four-leaf","770","STA",,"1270","CARP*S",,"1728","TANMEN",
"GOLD","GOLD RUSH","1210","AYANE.",,"1510","CARP*S",,"2370","DOLCF",
"GOLD","GRID KNIGHT","839","LARK!M",,"1997","N!?",,"2493","TANMEN",
"GOLD","HALF MOON","773","LARK!M",,"1462","ARAD",,"1880","DOLCF",
"GOLD","heaven above","834","LARK!M",,"1417","CARP*S",,"1849","XAN.L",
"GOLD","High School Love","876","STA",,"1573","JAI&CO",,"2207","ZENO",
"GOLD","INORI","1401","RIN.T",,"2621","CARP*S",,"3193","DOLCF",
"GOLD","KAMAITACHI","1281","ATIA",,"2062","G-!",,"2712","DOLCF",
"GOLD","LASER CRUSTER","1454","LARK!M",,"2449","YOZUCA",,"3232","DOLCF",
"GOLD","Love Again...","586","LARK!M",,"800","JAI&CO",,"1073","WAI-L",
"GOLD","Make Me Your Own","894","STA",,"1625","XX",,"2138","DOLCF",
"GOLD","METALLIC MIND","896","LARK!M",,"1450","TOTORI",,"1639","DOLCF",
"GOLD","My Only Shining Star","1177","HI-G",,"1420","XAN.L",,"1907","CARP*S",
"GOLD","never...","828","STA",,"1372","LARK!M",,"1822","WAI-L",
"GOLD","op.31 叙情","608","CCL-K",,"1315","PSYCHE",,"1607","DOLCF",
"GOLD","PHOTONGENIC","1379","ATIA",,"1979","A-BLUE",,"2317","DOLCF",
"GOLD","Play back hate you","813","STA",,"1748","CARP*S",,"2222","XAN.L",
"GOLD","Roulette","915","ATIA",,"1467","CARP*S",,"2129","HORI",
"GOLD","Second Heaven","999","AYANE.",,"1563","ASDMAO",,"2125","DOLCF",
"GOLD","Sense 2007","1549","TOTORI",,"2300","YOZUCA",,"2948","DOLCF",
"GOLD","smile","1478","*JENA*",,"2190","CARP*S",,"2892","DOLCF",
"GOLD","snow storm","806","STA",,"2320","G-!",,"2796","DOLCF",
"GOLD","STARS☆☆☆(Re-tuned by H∧L) -IIDX EDITION-","1104","LARK!M",,"1736","CARP*S",,"2147","KYOU.F",
"GOLD","the shadow","1231","LARK!M",,"2138","CARP*S",,"2920","DOLCF",
"GOLD","The Smile of You","944","STA",,"1315","IMOTO*",,"1630","XAN.L",
"GOLD","TRANOID","826","4CHO-",,"1812","G-!",,"2232","DOLCF",
"GOLD","VANESSA","1170","AYANE.",,"1842","G-!",,"2436","TANMEN",
"GOLD","Watch out!!","744","FULPOP",,"1051","TOTORI",,"1576","DOLCF",
"GOLD","With your Smile","732","LARK!M",,"1192","JAI&CO",,"1574","IMPALA",
"GOLD","X-rated","896","LARK!M",,"1616","CARP*S",,"2109","XAN.L",
"GOLD","カミロ・ウナ・メンデス","642","STA",,"1233","EDONA",,"1933","WAI-L",
"GOLD","クルクル☆ラブ ～Opioid Peptide MIX～","997","STA",,"1515","JAI&CO",,"2265","DOLCF",
"GOLD","シティ・エンジェル","1036","STA",,"1345","CARP*S",,"2002","DOLCF",
"GOLD","ヨシダさん","940","STA",,"1451","LARK!M",,"1974","WAI-L",
"GOLD","リグレット","1328","HI-G",,"1766","ARAD",,"2434","XAN.L",
"GOLD","星をこの手に","1219","LARK!M",,"1848","CARP*S",,"2174","DOLCF",
"GOLD","花吹雪 ～IIDX LIMITED～","734","STA",,"1142","ABDURU",,"1433","ZENO",
"GOLD","零 ‐ZERO‐","1189","GES8RO",,"1812","CARP*S",,"2313","OP*PO*",
"GOLD","電人、暁に斃れる。","1552","IIDX17",,"2453","873ZKI",,"3410","DOLCF",
"GOLD","鬼言集","1188","IIDX17",,"1565","FHLPOP",,"2045","*HUYU*",
"DJ TROOPERS","2 tribe 4 K","814","STA",,"1482","ENDO",,"1823","DOLCF",
"DJ TROOPERS","Anisakis -somatic mutation type ""Forza""-","1258","MASAKI",,"2153","CARP*S",,"2864","HORI",
"DJ TROOPERS","avant-guerre","776","STA",,"1375","CARP*S",,"1942","DOLCF",
"DJ TROOPERS","Be OK","956","STA",,"1799","CARP*S",,"2412","DOLCF",
"DJ TROOPERS","beatonic nation","1279","HI-G",,"1894","CARP*S",,"2176","DOLCF",
"DJ TROOPERS","Blue Rain","1028","UNYO",,"1620","CARP*S",,"2279","DOLCF",
"DJ TROOPERS","Darling my LUV","707","4CHO-",,"1018","*BACA*",,"1384","$777$",
"DJ TROOPERS","Dazzlin' Darlin","910","LARK!M",,"1407","IMOTO*",,"2229","G-!",
"DJ TROOPERS","Digitank System","955","CARP*S",,"1584","CARP*S",,"2131","DOLCF",
"DJ TROOPERS","Do it!!Do it!!","1064","AYANE.",,"1602","G-!",,"1930","DOLCF",
"DJ TROOPERS","end of world","1043","ATIA",,"1813","G-!",,"2500","DOLCF",
"DJ TROOPERS","evergreen","1008","STA",,"1419","MAO",,"1965","DOLCF",
"DJ TROOPERS","four pieces of heaven","951","STA",,"1908","873ZKI",,"2342","DOLCF",
"DJ TROOPERS","Freeway Shuffle","822","HI-G",,"1286","JAI&CO",,"1880","DOLCF",
"DJ TROOPERS","ICARUS","1367","AYANE.",,"2095","MONCHA",,"2525","DOLCF",
"DJ TROOPERS","in the Sky","1387","AYANE.",,"2140","TOTORI",,"2546","DOLCF",
"DJ TROOPERS","JOURNEY TO ""FANTASICA"" (IIDX LIMITED)","873","C&POOL",,"1293","G-!",,"1883","*HUYU*",
"DJ TROOPERS","Ｋｉｃｋ ｏｕｔ 仮面","1191","ATIA",,"1595","CARP*S",,"2040","-LARK-",
"DJ TROOPERS","LOVELY STORM","1352","TAKAVO",,"2190","JAI&CO",,"2844","DOLCF",
"DJ TROOPERS","madrugada","726","STA",,"1250","NAPPA*",,"1788","DOLCF",
"DJ TROOPERS","MAX LOVE","1453","STA",,"2191","JAI&CO",,"2683","DOLCF",
"DJ TROOPERS","MENDES","1141","RIN.T",,"2645","YOPOPO",,"3550","DOLCF",
"DJ TROOPERS","MENTAL MELTDOWN","1211","N!?",,"2279","EMT2",,"2826","DOLCF",
"DJ TROOPERS","NEW GENERATION -もう、お前しか見えない-","1075","HI-G",,"1983","G-!",,"2642","DOLCF",
"DJ TROOPERS","Now and Forever","958","LARK!M",,"1696","CARP*S",,"2284","POLO",
"DJ TROOPERS","oratio","1483","LARK!M",,"2100","CARP*S",,"2950","DOLCF",
"DJ TROOPERS","PARANOiA ～HADES～","1101","STA",,"1863","EMT2",,"2748","DOLCF",
"DJ TROOPERS","PROMISE FOR LIFE","607","LARK!M",,"1501","FULPOP",,"1747","WIN-7",
"DJ TROOPERS","radius","848","LARK!M",,"1469","CARP*S",,"1979","DOLCF",
"DJ TROOPERS","REMINISCENCE","1284","RIN.T",,"1851","CARP*S",,"2355","DOLCF",
"DJ TROOPERS","Rising in the Sun (original mix)","924","UNYO",,"1698","CARP*S",,"1984","DOLCF",
"DJ TROOPERS","Ristaccia","1206","IMOTO*",,"2026","CARP*S",,"2749","DOLCF",
"DJ TROOPERS","ROCK ME NOW","1038","STA",,"1661","PULTOP",,"2504","TANMEN",
"DJ TROOPERS","satellite020712 from ""CODED ARMS""","1353","RIN.T",,"1934","MARIO$",,"2540","DOLCF",
"DJ TROOPERS","satfinal","1095","GES8RO",,"1437","T.S.M",,"1921","TAKA.S",
"DJ TROOPERS","scar in the earth","670","STA",,"1123","UNYO",,"1524","DDN",
"DJ TROOPERS","Shades of Grey","747","MASAKI",,"1151","CARP*S",,"1645","DDN",
"DJ TROOPERS","SHIFT","1007","STA",,"1440","CARP*S",,"1992","TANMEN",
"DJ TROOPERS","SOUND OF GIALLARHORN","1402","ATIA",,"2758","MASAKI",,"3302","DOLCF",
"DJ TROOPERS","State Of The Art","1103","HI-G",,"1571","873ZKI",,"2101","CARP*S",
"DJ TROOPERS","STEEL NEEDLE","1111","AYANE.",,"2162","9MAP",,"2487","DOLCF",
"DJ TROOPERS","switch","813","STA",,"1564","CARP*S",,"2109","DOLCF",
"DJ TROOPERS","THE DEEP STRIKER","1104","LARK!M",,"2263","-",,"3041","TANMEN",
"DJ TROOPERS","the trigger of innocence","902","LARK!M",,"1184","TOTORI",,"1848","POLO",
"DJ TROOPERS","Time to Air","1278","4CHO-",,"2105","XAN.L",,"2891","DOLCF",
"DJ TROOPERS","TRIP MACHINE PhoeniX","692","LARK!M",,"1559","TOTORI",,"1836","DOLCF",
"DJ TROOPERS","TROOPERS","1245","STA",,"2387","ZENO",,"2945","DOLCF",
"DJ TROOPERS","Übertreffen","1109","IMOTO*",,"2006","CARP*S",,"2533","DOLCF",
"DJ TROOPERS","Wanna Party?","772","LARK!M",,"1194","CARP*S",,"1523","POLO",
"DJ TROOPERS","エコ爺","847","STA",,"1354","JAI&CO",,"1840","XAN.L",
"DJ TROOPERS","マチ子の唄","836","STA",,"1323","CARP*S",,"1797","DOLCF",
"DJ TROOPERS","ミラージュ･レジデンス","1148","STA",,"2152","*YAI3*",,"2659","TANMEN",
"DJ TROOPERS","叶うまでは","772","LARK!M",,"1440","ARAD",,"1961","DOLCF",
"DJ TROOPERS","少年A","1274","4CHO-",,"2221","ZENO",,"2821","DOLCF",
"DJ TROOPERS","華爛漫 -Flowers-","1017","GES8RO",,"1603","CARP*S",,"2050","DOLCF",
"DJ TROOPERS","走馬灯 -The Last Song-","516","AYANE.",,"928","BECK69",,"1339","*LGK*",
"DJ TROOPERS","高高度降下低高度開傘","930","HI-G",,"1542","CARP*S",,"2003","DOLCF",
"EMPRESS","3y3s","1526","AYANE.",,"2546","YOZUCA",,"3559","DOLCF",
"EMPRESS","ALL I NEED YOUR LOVE","1114","LARK!M",,"1719","IIDX17",,"2138","DOLCF",
"EMPRESS","ALL MY TURN -このターンに、オレの全てを賭ける-","1061","LARK!M",,"1896","G-!",,"2589","DOLCF",
"EMPRESS","Arabian Rave Night","1304","AYANE.",,"2294","G-!",,"2969","DOLCF",
"EMPRESS","B4U(BEMANI FOR YOU MIX)","1230","RIN.T",,"2360","JAI&CO",,"3565","TANMEN",
"EMPRESS","Bahram Attack -猫叉Master Remix-","1069","LARK!M",,"1987","CARP*S",,"2618","EMT2",
"EMPRESS","BITTER CHOCOLATE STRIKER","1121","LARK!M",,"2246","YURA",,"3933","TANMEN",
"EMPRESS","BRIDAL FESTIVAL!!!","998","STA",,"1515","G-!",,"2133","TANMEN",
"EMPRESS","CaptivAte2～覚醒～","1117","STA",,"1767","XAN.L",,"2413","POLO",
"EMPRESS","Colorful Cookie","1140","ATIA",,"2277","873ZKI",,"3515","DOLCF",
"EMPRESS","Cyber Force-DJ Yoshitaka Remix-","1100","GES8RO",,"1877","CARP*S",,"2539","DOLCF",
"EMPRESS","Flash back 90's","934","LARK!M",,"1909","CARP*S",,"2340","DOLCF",
"EMPRESS","Fly Above","964","LARK!M",,"1629","AYANE.",,"2032","IMPALA",
"EMPRESS","Go Beyond!!","1089","LARK!M",,"1754","YOPOPO",,"2218","DOLCF",
"EMPRESS","HOUSE NATION","880","STA",,"1597","JAI&CO",,"1987","HORI",
"EMPRESS","HYPERION","1141","LARK!M",,"2128","T.S.M",,"2758","DOLCF",
"EMPRESS","I'm Screaming Love","616","LARK!M",,"1330","*9N2*",,"1701","CARP*S",
"EMPRESS","Jack","929","HI-G",,"1415","IIDX17",,"2160","TANMEN",
"EMPRESS","JEWELLERY STORM","1035","RIN.T",,"1908","JAI&CO",,"2550","-LARK-",
"EMPRESS","Just a Little Smile","828","STA",,"1352","AYANE.",,"2468","DOLCF",
"EMPRESS","Kung-fu Empire","1511","LARK!M",,"2614","G-!",,"3278","DOLCF",
"EMPRESS","Marie Antoinette","1107","STA",,"1993","STREAM",,"2585","*HUYU*",
"EMPRESS","Mind Mapping","886","STA",,"1253","GES8RO",,"1836","DOLCF",
"EMPRESS","Monkey Dance '09","874","AYANE.",,"1774","G-!",,"2268","DOLCF",
"EMPRESS","MY FUTURE","977","LARK!M",,"1689","CARP*S",,"2211","DOLCF",
"EMPRESS","naughty girl@Queen's Palace","864","OZ",,"1704","493SUN",,"2135","DOLCF",
"EMPRESS","neogenesis","1007","ATIA",,"1362","IMOTO*",,"1723","DOLCF",
"EMPRESS","NΦ CRIME","828","STA",,"1467","CARP*S",,"1897","DOLCF",
"EMPRESS","Our Song","926","STA",,"1563","N!?",,"1891","CARP*S",
"EMPRESS","Programmed World","949","STA",,"1813","CARP*S",,"2307","DOLCF",
"EMPRESS","PSYCHE PLANET-GT","1439","LARK!M",,"2320","T.S.M",,"2703","DOLCF",
"EMPRESS","Punch Love♡仮面","1130","LARK!M",,"1751","JAI&CO",,"2522","-LARK-",
"EMPRESS","Queens Tragedy","856","STA",,"1718","JAI&CO",,"2253","DOLCF",
"EMPRESS","Secrets","1273","IMOTO*",,"2482","873ZKI",,"3169","DOLCF",
"EMPRESS","smooooch･∀･","836","LARK!M",,"1649","KYABE2",,"2158","DOLCF",
"EMPRESS","SOLITON BEAM","1468","STA",,"2127","CARP*S",,"2366","DOLCF",
"EMPRESS","THANK YOU FOR PLAYING","820","HI-G",,"1684","YOZUCA",,"2148","DOLCF",
"EMPRESS","THE SHINING POLARIS(kors k mix)","984","UNYO",,"1536","G-!",,"2100","DOLCF",
"EMPRESS","thunder HOUSE NATION Remix","1087","STA",,"1658","N!?",,"2475","XAN.L",
"EMPRESS","Turii～Panta rhei～","898","STA",,"2085","CARP*S",,"2674","DOLCF",
"EMPRESS","V2","1495","ATIA",,"3179","G-!",,"3589","DOLCF",
"EMPRESS","Y&Co.is dead or alive","1126","STA",,"1798","G-!",,"2387","DOLCF",
"EMPRESS","You'll say ""Now!""","1246","ATIA",,"1882","G-!",,"2508","DOLCF",
"EMPRESS","まほろば","796","STA",,"1468","NAPPA*",,"2056","HORI",
"EMPRESS","アタック NO.3","901","STA",,"1353","CARP*S",,"2134","CARP*S",
"EMPRESS","ハリツヤランデヴー","962","LARK!M",,"2137","TOTORI",,"2485","DOLCF",
"EMPRESS","ミッドナイト堕天使","998","ATIA",,"1651","CARP*S",,"2070","DOLCF",
"EMPRESS","不沈艦CANDY","1199","4CHO-",,"1999","JAI&CO",,"3313","DOLCF",
"EMPRESS","凛として咲く花の如く","1340","STA",,"2164","CARP*S",,"2784","HORI",
"EMPRESS","卑弥呼","1269","HI-G",,"2738","F.A",,"3996","DOLCF",
"EMPRESS","天空脳番長危機十六連打","1044","LARK!M",,"2203","TANMEN",,"2605","DOLCF",
"EMPRESS","山岡晃の「クイズ！家事都合！」","678","STA",,"1393","CARP*S",,"2060","G-!",
"EMPRESS","翼","908","LARK!M",,"1525","SE2NA*",,"1971","NEFF",
"EMPRESS","鉄甲乙女 -under the steel-","948","LARK!M",,"1645","CARP*S",,"2190","DOLCF",
"SIRIUS","AIR RAID FROM THA UNDAGROUND","1182","TAKA-P",,"1881","G-!",,"2348","DOLCF",
"SIRIUS","Almagest","1047","LARK!M",,"2237","YOZUCA",,"3111","DOLCF",
"SIRIUS","Bad Maniacs","1325","G-!",,"1943","G-!",,"3230","DOLCF",
"SIRIUS","bass 2 bass","732","STA",,"1275","SK.HO4",,"1890","K.F",
"SIRIUS","beatchic☆仮面～好き、でいさせて～","1014","RIN.T",,"1664","873ZKI",,"2028","DOLCF",
"SIRIUS","BEAUTIFUL ANGEL","642","ATIA",,"1834","CARP*S",,"2497","DOLCF",
"SIRIUS","Being torn the sky","662","STA",,"1225","G-!",,"1988","G-!",
"SIRIUS","bloomin' feeling","1285","RIN.T",,"1958","RIN.T",,"2610","DOLCF",
"SIRIUS","Brazilian Fire","823","N!?",,"1348","UNYO",,"1782","YUJIUS",
"SIRIUS","CaptivAte～裁き～(SUBLIME TECHNO MIX)","1046","IIDX17",,"1664","XAN.L",,"2450","POLO",
"SIRIUS","Chocolate Dancing","466","STA",,"1007","XAN.L",,"1437","EMT2",
"SIRIUS","D","1510","MASAKI",,"1956","ZENO",,"2566","DOLCF",
"SIRIUS","DAWN -THE NEXT ENDEAVOUR-","1656","RIN.T",,"2722","873ZKI",,"3140","DOLCF",
"SIRIUS","Dazzlin' Darlin -秋葉工房mix-","806","UNYO",,"1532","JAI&CO",,"2100","DOLCF",
"SIRIUS","DENJIN AKATSUKINI TAORERU -SF PureAnalogSynth Mix-","1062","ATIA",,"1643","MOKA.A",,"2655","TANMEN",
"SIRIUS","DESIRE","954","MASAKI",,"1995","873ZKI",,"2872","DOLCF",
"SIRIUS","Do Back Burn","684","STA",,"1419","CARP*S",,"1996","493SUN",
"SIRIUS","DOMINION","1268","RIN.T",,"2365","873ZKI",,"3220","DOLCF",
"SIRIUS","DROP","870","RIN.T",,"2212","873ZKI",,"2649","DOLCF",
"SIRIUS","Elisha","924","LARK!M",,"1491","YOZUCA",,"2268","YOZUCA",
"SIRIUS","Empire State Glory","1126","TAKAVO",,"1851","873ZKI",,"2643","DOLCF",
"SIRIUS","eRAseRmOToRpHAntOM","1555","N!?",,"2645","K.F",,"3312","DOLCF",
"SIRIUS","Evans","1255","AYANE.",,"2207","G-!",,"2805","POLO",
"SIRIUS","EXUSIA","1251","OTOME",,"2787","873ZKI",,"3848","DOLCF",
"SIRIUS","G59","1808","G-!",,"2399","G-!",,"3915","DOLCF",
"SIRIUS","GALGALIM","1462","RIN.T",,"2040","G-!",,"2382","POLO",
"SIRIUS","GOLDEN CROSS","1116","UNYO",,"2138","TANMEN",,"3495","DOLCF",
"SIRIUS","Hydrogen Blueback","1040","LARK!M",,"1720","G-!",,"2327","KA-SDF",
"SIRIUS","Last Burning","886","FULPOP",,"1671","TANMEN",,"2384","DOLCF",
"SIRIUS","IN THE NAME OF LOVE","762","LARK!M",,"1427","CARP*S",,"1932","POLO",
"SIRIUS","Keep it-秋葉工房mix-","1042","AYANE.",,"1723","873ZKI",,"1874","DOLCF",
"SIRIUS","Light Shine","829","AYANE.",,"1155","493SUN",,"1966","DOLCF",
"SIRIUS","London Affairs Beckoned With Money Loved By Yellow...","814","ATIA",,"1486","CARP*S",,"1843","TANMEN",
"SIRIUS","MIRACLE MEETS","971","*M&T*",,"1599","-HIDE*",,"2234","DOLCF",
"SIRIUS","MIRU key way","828","RIN.T",,"1330","RIN.T",,"1782","NIXON*",
"SIRIUS","mosaic","1507","G-!",,"2067","G-!",,"3009","DOLCF",
"SIRIUS","Mysterious Time","828","ATIA",,"1506","G-!",,"2046","DOLCF",
"SIRIUS","NEW SENSATION -もう、あなたしか見えない-","1282","LARK!M",,"2068","YUJIUS",,"2700","DOLCF",
"SIRIUS","NoN-Fiction Story!","720","RIN.T",,"1404","RIN.T",,"2216","DOLCF",
"SIRIUS","One of A Kind","840","N!?",,"1421","CARP*S",,"1887","TANMEN",
"SIRIUS","Programmed Sun","1121","UNYO",,"1900","EMT2",,"2593","DOLCF",
"SIRIUS","quell～the seventh slave～","979","HI-G",,"1831","CARP*S",,"3162","DOLCF",
"SIRIUS","Raison d'ête～交差する宿命～","1228","RIN.T",,"2350","873ZKI",,"2754","DOLCF",
"SIRIUS","Red. by Full Metal Jacket","1032","RIN.T",,"2072","DOLCF",,"3127","DOLCF",
"SIRIUS","Roots of my way!","894","LARK!M",,"1363","CARP*S",,"2043","EMT2",
"SIRIUS","Session 1 - Genesis -","941","UNYO",,"1665","DR!",,"2456","DOLCF",
"SIRIUS","She is my wife","716","CUPID*",,"1579","G-!",,"1985","DOLCF",
"SIRIUS","SOLID STATE SQUAD","1074","LARK!M",,"2336","873ZKI",,"3564","DOLCF",
"SIRIUS","Sorrows","819","N!?",,"1692","CARP*S",,"2473","POLO",
"SIRIUS","SPARK ! -essential RMX-","916","*SOU3!",,"1709","10JOIN",,"2105","DOLCF",
"SIRIUS","Special One","870","LARK!M",,"1230","G-!",,"1777","DOLCF",
"SIRIUS","spiral garaxy -L.E.D. STYLE SPREADING PARTICLE BEA...","1082","AYANE.",,"2152","JAI&CO",,"2528","DOLCF",
"SIRIUS","Sunrise","1076","LARK!M",,"1986","CARP*S",,"2792","POLO",
"SIRIUS","THE LAST STRIKER","1437","N!?",,"1981","873ZKI",,"2631","DOLCF",
"SIRIUS","The Story Begins","856","HI-G",,"1837","CARP*S",,"2455","DOLCF",
"SIRIUS","To The Future","590","MASAKI",,"1034","TOMOE",,"1894","G-!",
"SIRIUS","with me…","930","AYANE.",,"1826","G-!",,"2538","DOLCF",
"SIRIUS","かずあそび","530","MASAKI",,"1197","CARP*S",,"1696","YOZUCA",
"SIRIUS","たからもの","1292","AYANE.",,"1884","RIN.T",,"2243","-LARK-",
"SIRIUS","コスモス","916","MAD0KA",,"1523","TOTORI",,"2096","DOLCF",
"SIRIUS","サヨナラ・ヘヴン","950","AYANE.",,"1397","RIN.T",,"1681","DO",
"SIRIUS","バビロニア","844","LARK!M",,"1408","CARP*S",,"1874","DOLCF",
"SIRIUS","フェティッシュペイパー ～脇の汗回転ガール～","792","STA",,"1206","RIN.T",,"1824","TANMEN",
"SIRIUS","ワルツ第17番 ト短調 大犬のワルツ","1328","G-!",,"2345","G-!",,"3247","DOLCF",
"SIRIUS","水上の提督(Short mix from","714","LARK!M",,"1707","873ZKI",,"2116","DOLCF",
"SIRIUS","未来のプリズム","702","*ALU*",,"1395","XAN.L",,"1780","DOLCF",