バージョン,タイトル,NORMAL EXスコア,NORMAL DJName,NORMAL 都道府県,HYPER EXスコア,HYPER DJName,HYPER 都道府県,ANOTHER EXスコア,ANOTHER DJName,ANOTHER 都道府県
1st&substream,THE EARTH LIGHT,718,KNNRIM,大分県,1031,K-JET.,大分県,1152,CHINO,大分県
1st&substream,RUGGED ASH†,0,,未設定,0,,未設定,2003,CHINO,大分県
1st&substream,RUGGED ASH,355,KNNRIM,大分県,375,K,大分県,1098,CHINO,大分県
1st&substream,R3,619,KNNRIM,大分県,594,VP2,大分県,898,CHINO,大分県
1st&substream,PARANOIA MAX～DIRTY MIX～,508,KNNRIM,大分県,451,F,大分県,1113,CHINO,大分県
1st&substream,Macho Gang,353,KNNRIM,大分県,861,ISM,大分県,1641,CHINO,大分県
1st&substream,KEEP ON MOVIN',184,KNNRIM,大分県,244,CHINO,大分県,0,,未設定
1st&substream,GRADIUSIC CYBER,807,KNNRIM,大分県,893,VP2,大分県,1205,CHINO,大分県
1st&substream,GENOM SCREAMS,401,KNNRIM,大分県,732,VP2,大分県,1064,CHINO,大分県
1st&substream,GAMBOL,254,KNNRIM,大分県,274,CHINO,大分県,0,,未設定
1st&substream,Dr.LOVE,380,KNNRIM,大分県,444,RIRCHU,大分県,576,4J1NB0,大分県
1st&substream,deep in you,470,KNNRIM,大分県,0,,未設定,660,CHINO,大分県
1st&substream,5.1.1.,195,KNNRIM,大分県,1021,WAROTA,大分県,1566,CHINO,大分県
1st&substream,22DUNK,496,KNNRIM,大分県,588,KILA**,大分県,657,CHINO,大分県
2nd style,SP-TRIP MACHINE(for beatmania II),474,Y-CHAN,大分県,569,NO.11,大分県,642,K-JET.,大分県
2nd style,PUT YOUR FAITH IN ME(for beatmania II),0,,未設定,846,46NEKO,大分県,0,,未設定
2nd style,Indigo Vision(full flavour hide around mix),853,4J1NB0,大分県,1111,N-JET.,大分県,1220,CHINO,大分県
2nd style,I Was The One,539,4J1NB0,大分県,0,,未設定,690,N-JET.,大分県
2nd style,Electro Tuned(the SubS mix),706,TIKUWA,大分県,857,LIAR,大分県,1058,K-JET.,大分県
2nd style,Digital MinD(A/T Libra mix),720,4J1NB0,大分県,873,PLAN.B,大分県,1106,N-JET.,大分県
2nd style,.59,624,5MAKA4,大分県,798,K416,大分県,1156,CHINO,大分県
3rd style,THE SAFARI,1115,LIAR,大分県,1758,CHINO,大分県,0,,未設定
3rd style,Tangerine Stream,275,4J1NB0,大分県,389,4J1NB0,大分県,0,,未設定
3rd style,Skyscraper,0,,未設定,1019,J,大分県,1249,46NEKO,大分県
3rd style,Schlagwerk,648,5MAKA4,大分県,1137,J,大分県,1682,46NEKO,大分県
3rd style,REINCARNATION,503,MAVIC?,大分県,951,0K1T43,大分県,1269,46NEKO,大分県
3rd style,R5,580,T.M,大分県,1140,LILITH,大分県,1757,N-JET.,大分県
3rd style,Presto,437,5MAKA4,大分県,926,NOOB,大分県,998,46NEKO,大分県
3rd style,LEADING CYBER,694,5MAKA4,大分県,977,NGKAWA,大分県,1256,46NEKO,大分県
3rd style,Holic,602,HATM-R,大分県,1131,LIAR,大分県,1711,CHINO,大分県
3rd style,era (nostalmix),754,MURA,大分県,1059,N-JET.,大分県,1528,CHINO,大分県
3rd style,Don't Stop!,674,5MAKA4,大分県,742,KDOA,大分県,898,K-JET.,大分県
3rd style,CAN'T STOP FALLIN'IN LOVE,262,ZEKU,大分県,1256,CHINO,大分県,0,,未設定
4th style,Voltage (feat. Hidemaru),807,IZM238,大分県,1029,J,大分県,1323,CHINO,大分県
4th style,ULTRA HIGH-HEELS,0,,未設定,860,CELES,大分県,990,CHINO,大分県
4th style,SWEET LAB,461,5MAKA4,大分県,867,VP2,大分県,1359,CHINO,大分県
4th style,starmine,506,G.M,大分県,1313,KEMI*,大分県,1550,WAROTA,大分県
4th style,Mr.T.(take me higher),833,4J1NB0,大分県,1003,4J1NB0,大分県,1748,N-JET.,大分県
4th style,minimalian,199,KIRIKO,大分県,567,DICE,大分県,1379,46NEKO,大分県
4th style,LOVE WILL・・・,537,LIAR,大分県,685,5MAKA4,大分県,1447,46NEKO,大分県
4th style,KAMIKAZE,0,,未設定,1458,4J1NB0,大分県,2309,CHINO,大分県
4th style,Jam&Marmalade,754,K-JET.,大分県,830,PE6RI7,大分県,1009,CHINO,大分県
4th style,Hitch Hiker2,806,LIAR,大分県,1018,FE,大分県,1300,46NEKO,大分県
4th style,HIGHER,524,NOOB,大分県,923,4J1NB0,大分県,1276,CHINO,大分県
4th style,FLOWERS for ALBION,124,TANIX,大分県,438,CHINO,大分県,0,,未設定
4th style,era (step mix),1011,N-JET.,大分県,1173,IZM238,大分県,1721,CHINO,大分県
4th style,empathy,546,MATR,大分県,1182,SIRINO,大分県,1451,CHINO,大分県
4th style,DXY!,1178,LIAR,大分県,1613,VP2,大分県,2249,46NEKO,大分県
4th style,Clione†,0,,未設定,0,,未設定,2157,CHINO,大分県
4th style,Clione,494,LIAR,大分県,857,RIRCHU,大分県,1602,46NEKO,大分県
4th style,CHECKING YOU OUT,636,NTAK-L,大分県,867,K-JET.,大分県,1325,CHINO,大分県
4th style,Burnin' The Floor,485,5MAKA4,大分県,944,4J1NB0,大分県,1427,46NEKO,大分県
4th style,Broken My Heart,0,,未設定,1252,ISM,大分県,1792,46NEKO,大分県
4th style,B4U,598,KINOKO,大分県,1402,NO.11,大分県,1991,46NEKO,大分県
4th style,ABSOLUTE†,0,,未設定,0,,未設定,2731,CHINO,大分県
4th style,ABSOLUTE,1045,5MAKA4,大分県,1398,KCHAMA,大分県,2341,46NEKO,大分県
4th style,250bpm,534,5MAKA4,大分県,678,KTRST,大分県,1420,CHINO,大分県
5th style,V,1282,46NEKO,大分県,2330,WAROTA,大分県,2960,46NEKO,大分県
5th style,THE SHINING POLARIS,832,MURA,大分県,1156,E.M.C,大分県,1577,46NEKO,大分県
5th style,THE CUBE,613,5MAKA4,大分県,1152,NGKAWA,大分県,1345,4J1NB0,大分県
5th style,sync,1003,0K1T43,大分県,1890,4J1NB0,大分県,2363,46NEKO,大分県
5th style,still my words,916,4J1NB0,大分県,1222,4J1NB0,大分県,0,,未設定
5th style,STILL IN MY HEART,777,T.M,大分県,1303,WAROTA,大分県,1901,46NEKO,大分県
5th style,Spin the disc,298,ALICE,大分県,714,DICE,大分県,1317,K-JET.,大分県
5th style,RISLIM,916,4J1NB0,大分県,1218,N-JET.,大分県,0,,未設定
5th style,RIDE ON THE LIGHT (HI GREAT MIX) †,0,,未設定,0,,未設定,1830,CHINO,大分県
5th style,RIDE ON THE LIGHT (HI GREAT MIX),858,LIAR,大分県,959,RIRCHU,大分県,1714,CHINO,大分県
5th style,Regulus,809,MURA,大分県,1310,VP2,大分県,1693,N-JET.,大分県
5th style,Real,549,KMNUKO,大分県,1299,ISM,大分県,1810,46NEKO,大分県
5th style,Radical Faith,1188,4J1NB0,大分県,1497,4J1NB0,大分県,1290,4J1NB0,大分県
5th style,QQQ,1221,4J1NB0,大分県,1848,4J1NB0,大分県,2139,46NEKO,大分県
5th style,outer wall,758,MURA,大分県,1094,ISM,大分県,1762,46NEKO,大分県
5th style,LOVE AGAIN TONIGHT～for Mellisa mix～,0,,未設定,872,ISLAND,大分県,1113,CHINO,大分県
5th style,in my eyes,635,T.M,大分県,1448,4J1NB0,大分県,1556,KOKURI,大分県
5th style,Abyss,1256,4J1NB0,大分県,1600,4J1NB0,大分県,1865,N-JET.,大分県
6th style,電人イェーガーのテーマ(Theme of DENJIN J),0,,未設定,1552,K-JET.,大分県,0,,未設定
6th style,こっちを向いてよ,0,,未設定,1106,LIESE,大分県,1372,CHINO,大分県
6th style,Take It Easy,865,SHION,大分県,2313,966.I,大分県,2478,N-JET.,大分県
6th style,Summer Vacation(CU mix),0,,未設定,1804,4J1NB0,大分県,0,,未設定
6th style,SOMETHING WONDERFUL,861,LIAR,大分県,1125,MIKE,大分県,1959,N-JET.,大分県
6th style,route 80s,720,5MAKA4,大分県,1026,VP2,大分県,1515,CHINO,大分県
6th style,rottel-da-sun,778,KNNRIM,大分県,1182,RIRCHU,大分県,1837,K-JET.,大分県
6th style,NEMESIS,737,5MAKA4,大分県,1370,VP2,大分県,1865,N-JET.,大分県
6th style,Linus,773,5MAKA4,大分県,1394,RIRCHU,大分県,2145,4J1NB0,大分県
6th style,G2,1334,KEMI*,大分県,1600,RIRCHU,大分県,2322,CHINO,大分県
6th style,Frozen Ray (original mix),408,HIGH-B,大分県,1555,LIAR,大分県,1772,KOKURI,大分県
6th style,Free Style,0,,未設定,0,,未設定,1279,CHOCOA,大分県
6th style,fly through the night,333,REMI,大分県,981,SIRN,大分県,1667,4J1NB0,大分県
6th style,DIVE ～INTO YOUR HEART～,1285,4J1NB0,大分県,1827,4J1NB0,大分県,2074,46NEKO,大分県
6th style,Colors (radio edit),1468,4J1NB0,大分県,1731,BLYTHE,大分県,2446,CHINO,大分県
6th style,Buffalo,963,LIAR,大分県,1354,LIAR,大分県,1780,N-JET.,大分県
6th style,Blueberry Stream,366,MATR,大分県,1301,DDR,大分県,1581,K-JET.,大分県
6th style,BALLAD FOR YOU～想いの雨～,557,LIAR,大分県,742,LIAR,大分県,1062,KOKURI,大分県
6th style,"19,November",962,5MAKA4,大分県,1448,4J1NB0,大分県,1803,CHINO,大分県
7th style,革命,504,ATRIUM,大分県,1720,VP2,大分県,2323,CHINO,大分県
7th style,ZERO-ONE,364,MAVIC?,大分県,1514,LIAR,大分県,2208,46NEKO,大分県
7th style,traces,1519,4J1NB0,大分県,1728,BLYTHE,大分県,2117,N-JET.,大分県
7th style,Tomorrow Perfume,1148,MA,大分県,1732,WANDA3,大分県,2072,4J1NB0,大分県
7th style,stoic,1336,J,大分県,2116,VP2,大分県,2520,46NEKO,大分県
7th style,Spica,627,MINA,大分県,1277,VP2,大分県,2180,4J1NB0,大分県
7th style,MAX 300,946,TAKE*M,大分県,1925,CHINO,大分県,0,,未設定
7th style,Love Me Do,1097,LIAR,大分県,1681,4J1NB0,大分県,2095,N-JET.,大分県
7th style,Let the Snow Paint Me,797,LIAR,大分県,956,5MAKA4,大分県,1244,CHINO,大分県
7th style,Last Message,967,NOOB,大分県,1311,WAROTA,大分県,1582,4J1NB0,大分県
7th style,Happy Wedding,957,5MAKA4,大分県,1669,4J1NB0,大分県,1844,CHINO,大分県
7th style,Glorious Days,465,RIRCHU,大分県,786,K-JET.,大分県,889,46NEKO,大分県
7th style,foreplay,623,LIAR,大分県,769,LOTUS,大分県,1315,4J1NB0,大分県
7th style,DESTINY,972,RIRCHU,大分県,1166,ISM,大分県,1821,K-JET.,大分県
7th style,D2R,847,KEN,大分県,1160,S.K..,大分県,1612,46NEKO,大分県
7th style,Cheer Train,868,LIAR,大分県,988,PLAN.B,大分県,1700,N-JET.,大分県
7th style,Burning Heat! (Full Option Mix),707,4J1NB0,大分県,0,,未設定,1456,4J1NB0,大分県
7th style,Bad Routine,0,,未設定,1305,LIAR,大分県,1900,N-JET.,大分県
7th style,AVE DE RAPINA,1385,4J1NB0,大分県,1131,T.M,大分県,1794,4J1NB0,大分県
7th style,A,855,ATRIUM,大分県,1928,0K1T43,大分県,2447,CHINO,大分県
8th style,蒼い衝動,803,MURA,大分県,1269,LIAR,大分県,1583,46NEKO,大分県
8th style,桜,888,ISLAND,大分県,1387,NATAKU,大分県,2101,CHINO,大分県
8th style,xenon,963,AKSW,大分県,1518,LIAR,大分県,2725,CHINO,大分県
8th style,World Wide Love,698,4J1NB0,大分県,991,LIAR,大分県,1111,46NEKO,大分県
8th style,WAR GAME,971,4J1NB0,大分県,1416,RIRCHU,大分県,2144,CHINO,大分県
8th style,thunder,1207,CHINO,大分県,1459,-555-,大分県,1862,N-JET.,大分県
8th style,symbolic,1436,4J1NB0,大分県,1665,BLYTHE,大分県,2215,N-JET.,大分県
8th style,STAR DREAM,654,KOMO,大分県,1063,KBC,大分県,1406,N-JET.,大分県
8th style,rainbow flyer,771,LIAR,大分県,1510,LIAR,大分県,2103,CHINO,大分県
8th style,PLEASE DON'T GO,423,ATRIUM,大分県,1305,KNNRIM,大分県,2421,CHINO,大分県
8th style,MUSIC TO YOUR HEAD,702,LIAR,大分県,1350,NAWONE,大分県,1687,CHINO,大分県
8th style,murmur twins,996,MURA,大分県,1485,BLYTHE,大分県,2385,CHINO,大分県
8th style,Monkey Dance,738,5MAKA4,大分県,1284,NOOB,大分県,1959,46NEKO,大分県
8th style,memories,991,MURA,大分県,1826,VP2,大分県,2258,CHINO,大分県
8th style,Luv 2 Feel Your Body,787,KNNRIM,大分県,921,LIESE,大分県,1653,CHINO,大分県
8th style,LOVE IS ORANGE,731,5MAKA4,大分県,996,LIAR,大分県,1797,CHINO,大分県
8th style,LAB,947,MURA,大分県,1766,BLYTHE,大分県,2118,CHINO,大分県
8th style,HYPER BOUNDARY GATE,1250,AGE,大分県,1843,10FU86,大分県,2205,46NEKO,大分県
8th style,Halfway of promise,951,4J1NB0,大分県,1373,LIAR,大分県,1816,CHINO,大分県
8th style,Giudecca,923,4J1NB0,大分県,1634,MA,大分県,2639,N-JET.,大分県
8th style,dual control,660,MURA,大分県,1249,NAWONE,大分県,1870,CHINO,大分県
8th style,Colors -Y&Co. Eurobeat Remix-,1029,MURA,大分県,1886,LIAR,大分県,2176,CHINO,大分県
8th style,CELEBRATE NITE,819,MURA,大分県,1010,ISM,大分県,1407,46NEKO,大分県
8th style,Blame,1047,AKSW,大分県,1149,NIBOSI,大分県,1925,CHINO,大分県
8th style,bit mania,902,4J1NB0,大分県,1272,4J1NB0,大分県,1859,CHINO,大分県
8th style,Attitude,869,MURA,大分県,1181,MURA,大分県,1733,N-JET.,大分県
8th style,ALL RIGHT,832,LIAR,大分県,1100,ISM,大分県,1599,K-JET.,大分県
8th style,airflow,514,LIMIA,大分県,637,LAMBDA,大分県,1399,K-JET.,大分県
8th style,abstract,1082,KDOA,大分県,1435,MA,大分県,1879,N-JET.,大分県
9th style,真夏の花・真夏の夢,736,5MAKA4,大分県,1003,BUNTU7,大分県,1450,CHOCOA,大分県
9th style,ライオン好き,634,4J1NB0,大分県,1188,4J1NB0,大分県,1502,46NEKO,大分県
9th style,SWEETEST SAVAGE,627,LIAR,大分県,984,A35,大分県,1819,CHINO,大分県
9th style,Sweet Sweet Magic,0,,未設定,1245,ISLAND,大分県,2011,K-JET.,大分県
9th style,STAR FIELD,685,4J1NB0,大分県,1392,LIAR,大分県,1853,4J1NB0,大分県
9th style,SNOW,914,5MAKA4,大分県,1152,NO.11,大分県,2001,4J1NB0,大分県
9th style,Silvia Drive,737,5MAKA4,大分県,1291,OKI,大分県,2029,4J1NB0,大分県
9th style,rottel-the-Mercury,782,YA-BOI,大分県,1850,WANDA3,大分県,2259,CHINO,大分県
9th style,RISLIM -Remix-,409,LOCKER,大分県,889,PIYO*,大分県,1883,CHINO,大分県
9th style,Really Love,470,T.M,大分県,945,46NEKO,大分県,1725,4J1NB0,大分県
9th style,Quickening,873,KEMI*,大分県,1548,BLYTHE,大分県,2093,N-JET.,大分県
9th style,quasar,694,N-ARU,大分県,1664,NOOB,大分県,2293,N-JET.,大分県
9th style,one or eight,1139,RIRCHU,大分県,1646,TAKA.4,大分県,2209,N-JET.,大分県
9th style,moon_child,559,RENTA-,大分県,1757,TAKA.4,大分県,2519,CHINO,大分県
9th style,MARIA (I believe... ),710,LIAR,大分県,1304,ISLAND,大分県,1915,WAROTA,大分県
9th style,Make A Difference,0,,未設定,1386,BLYTHE,大分県,2178,4J1NB0,大分県
9th style,lower world,1302,LIAR,大分県,1701,VP2,大分県,2230,N-JET.,大分県
9th style,LOVE SHINE,762,MURA,大分県,1716,NOZOMU,大分県,2070,K-JET.,大分県
9th style,lights,701,4J1NB0,大分県,1474,4J1NB0,大分県,1754,4J1NB0,大分県
9th style,Let The Snow Paint Me -Y&Co. Remix-,770,MURA,大分県,1075,SAMMYK,大分県,1799,46NEKO,大分県
9th style,Karma,837,LR177L,大分県,1567,BLYTHE,大分県,1783,4J1NB0,大分県
9th style,I Was The One (80's EUROBEAT STYLE),205,AS..A,大分県,1265,KEMI*,大分県,1438,KOKURI,大分県
9th style,HYPER EUROBEAT (2DX style),520,IIDX26,大分県,1227,TINKS,大分県,1942,46NEKO,大分県
9th style,Golden Horn,707,4J1NB0,大分県,923,PS4,大分県,1476,46NEKO,大分県
9th style,e-motion 2003 -romantic extra-,745,HATM-R,大分県,1085,ZU-MIN,大分県,1958,46NEKO,大分県
9th style,Distress,1113,KBC,大分県,1807,K-JET.,大分県,0,,未設定
9th style,Cradle,733,MURA,大分県,1306,LIAR,大分県,1582,CHINO,大分県
9th style,BRIGHTNESS DARKNESS,717,4J1NB0,大分県,1073,LOTUS,大分県,1757,46NEKO,大分県
9th style,bag,0,,未設定,1038,ISLAND,大分県,1878,4J1NB0,大分県
9th style,BAD BOY BASS!! (dj Remo-con MIX),782,MURA,大分県,1177,LIESE,大分県,1785,CHINO,大分県
9th style,ATOMIC AGE,354,NOOB,大分県,636,PEEP,大分県,1317,CHINO,大分県
9th style,ACT,1004,NAWONE,大分県,1523,TAKA.4,大分県,1823,K-JET.,大分県
9th style,Abyss -The Heavens Remix-,1163,5MAKA4,大分県,1692,LIAR,大分県,2345,46NEKO,大分県
10th style,雪月花,753,HI,大分県,1735,PUNICO,大分県,2505,CHINO,大分県
10th style,システムロマンス,901,4J1NB0,大分県,1760,4J1NB0,大分県,2037,CHINO,大分県
10th style,SPACE FIGHT,638,4J1NB0,大分県,1314,LIAR,大分県,2242,CHINO,大分県
10th style,SHOOTING STAR,1054,ELIO,大分県,1495,RIRCHU,大分県,2258,46NEKO,大分県
10th style,Rise'n Beauty,1009,PLAN.B,大分県,1488,KNNRIM,大分県,2149,N-JET.,大分県
10th style,rainbow rainbow,1476,LIAR,大分県,2066,LIAR,大分県,2664,46NEKO,大分県
10th style,pandora,871,LIAR,大分県,1432,K,大分県,1828,46NEKO,大分県
10th style,One More Lovely,571,DICE,大分県,1595,WANDA3,大分県,2804,CHINO,大分県
10th style,No.13,1400,NO.11,大分県,2328,VP2,大分県,3133,N-JET.,大分県
10th style,Narcissus At Oasis,386,MATR,大分県,1350,MINA,大分県,1652,CHINO,大分県
10th style,Lucy,966,4J1NB0,大分県,1657,FE,大分県,2298,CHINO,大分県
10th style,LOW,647,LIAR,大分県,1275,VP2,大分県,1719,N-JET.,大分県
10th style,Love Is Eternity,1041,MURA,大分県,1785,VP2,大分県,2369,46NEKO,大分県
10th style,Innocent Walls,1463,LIAR,大分県,2440,N-JET.,大分県,2740,46NEKO,大分県
10th style,HIGH,553,DIALIS,大分県,1855,KENBAN,大分県,2168,CHINO,大分県
10th style,GRADIUS -FULL SPEED-,715,K-JET.,大分県,930,K,大分県,2038,N-JET.,大分県
10th style,GHOST REVIVAL,513,MATR,大分県,1731,BLYTHE,大分県,2541,46NEKO,大分県
10th style,Freezing atmosphere,768,LIAR,大分県,789,HSU,大分県,1471,4J1NB0,大分県
10th style,FEEL IT,0,,未設定,1548,ROBIN,大分県,1961,CHINO,大分県
10th style,Feedback,0,,未設定,921,MRT,大分県,1919,K-JET.,大分県
10th style,EXE,730,5MAKA4,大分県,1558,FIES,大分県,2220,N-JET.,大分県
10th style,DoLL,920,LIAR,大分県,1175,PE6RI7,大分県,1607,CHINO,大分県
10th style,desolation,486,4J1NB0,大分県,372,ALICE,大分県,762,K-JET.,大分県
10th style,Debtty Daddy,627,N-ARU,大分県,1800,DRONYA,大分県,2672,46NEKO,大分県
10th style,Daisuke,940,KCHAMA,大分県,1618,NATAKU,大分県,2378,N-JET.,大分県
10th style,CARRY ON NIGHT (English version),760,NIBOSI,大分県,1124,S.TORA,大分県,2012,46NEKO,大分県
10th style,Boundary,813,LIAR,大分県,1692,BLYTHE,大分県,2030,4J1NB0,大分県
10th style,Back Into The Light,1107,LIAR,大分県,1629,4J1NB0,大分県,2153,CHINO,大分県
10th style,BABY LOVE,696,SPOON*,大分県,1675,4J1NB0,大分県,2143,CHINO,大分県
10th style,ASTRAL VOYAGE,0,,未設定,1404,4J1NB0,大分県,1890,N-JET.,大分県
10th style,ALIEN TEMPLE,769,YA-BOI,大分県,1642,4J1NB0,大分県,1991,N-JET.,大分県
10th style,1st Samurai,767,T.M,大分県,1673,TAKA.4,大分県,2631,CHINO,大分県
IIDX RED,ＵＬＴｉＭΛＴＥ,0,,未設定,1289,IR1S,大分県,1974,46NEKO,大分県
IIDX RED,太陽～T・A・I・Y・O～,690,5MAKA4,大分県,1235,RIRCHU,大分県,1723,K-JET.,大分県
IIDX RED,大桟橋,378,5MAKA4,大分県,973,MOCHI,大分県,1818,K-JET.,大分県
IIDX RED,ピアノ協奏曲第１番”蠍火”,668,HATM-R,大分県,2038,N-JET.,大分県,2617,CHINO,大分県
IIDX RED,Wonder Bullfighter,878,KEN,大分県,932,HSU,大分県,2020,CHINO,大分県
IIDX RED,The Hope of Tomorrow,916,IZM238,大分県,1559,BLYTHE,大分県,1925,CHOCOA,大分県
IIDX RED,spiral galaxy†,0,,未設定,0,,未設定,3713,N-JET.,大分県
IIDX RED,spiral galaxy,1028,LIAR,大分県,1769,MA,大分県,2560,N-JET.,大分県
IIDX RED,Sphere,920,C-FOOD,大分県,1704,LIAR,大分県,2176,CHINO,大分県
IIDX RED,SPEEDY CAT,692,SPOON*,大分県,1542,LIAR,大分県,2028,46NEKO,大分県
IIDX RED,Secret of Love,0,,未設定,1349,LIAR,大分県,1999,46NEKO,大分県
IIDX RED,RESONATE 1794,0,,未設定,1313,VP2,大分県,1859,46NEKO,大分県
IIDX RED,RED ZONE†,0,,未設定,0,,未設定,3021,N-JET.,大分県
IIDX RED,RED ZONE,1086,LIAR,大分県,1744,VP2,大分県,2322,46NEKO,大分県
IIDX RED,Raspberry Heart(English version),478,SPOON*,大分県,1294,KCHAMA,大分県,1830,46NEKO,大分県
IIDX RED,NEBULA GRASPER,446,MATR,大分県,1726,BLYTHE,大分県,2434,N-JET.,大分県
IIDX RED,KEY,706,N-ARU,大分県,1866,4J1NB0,大分県,2845,CHINO,大分県
IIDX RED,HORIZON,0,,未設定,1375,ISLAND,大分県,1969,CHINO,大分県
IIDX RED,gigadelic,1230,MA,大分県,2106,N-JET.,大分県,2525,CHINO,大分県
IIDX RED,GENOCIDE,938,SIKI,大分県,1740,ASK,大分県,2353,K-JET.,大分県
IIDX RED,Fly Away To India,666,4J1NB0,大分県,1039,ROBIN,大分県,1382,4J1NB0,大分県
IIDX RED,FAKE TIME,0,,未設定,1757,46NEKO,大分県,2320,TIKUWA,大分県
IIDX RED,earth scape,427,4J1NB0,大分県,629,T.M,大分県,1264,CHINO,大分県
IIDX RED,Don't be afraid myself,923,5MAKA4,大分県,1703,NOOB,大分県,2258,WAROTA,大分県
IIDX RED,D.A.N.C.E.!,522,MURA,大分県,749,RIRCHU,大分県,1591,4J1NB0,大分県
IIDX RED,Close my Eyes for Me,0,,未設定,1217,BLYTHE,大分県,1787,YOLO,大分県
IIDX RED,Click Again,245,MRYUT,大分県,1439,4J1NB0,大分県,2116,4J1NB0,大分県
IIDX RED,BREATH,858,0K1T43,大分県,1129,VP2,大分県,1708,N-JET.,大分県
IIDX RED,BLOCKS,438,MATR,大分県,1215,KNNRIM,大分県,1980,CHINO,大分県
IIDX RED,Be quiet,550,N-ARU,大分県,1561,BLYTHE,大分県,2210,CHINO,大分県
IIDX RED,awakening,0,,未設定,1260,ISLAND,大分県,1701,N-JET.,大分県
IIDX RED,ANDROMEDA,639,KINOKO,大分県,1908,4J1NB0,大分県,2856,CHINO,大分県
IIDX RED,AGEHA,660,N-ARU,大分県,1529,LIAR,大分県,1873,46NEKO,大分県
IIDX RED,AA,1265,4J1NB0,大分県,2676,N-JET.,大分県,3585,CHINO,大分県
HAPPY SKY,月光,715,5MAKA4,大分県,1583,*TOK*,大分県,2421,46NEKO,大分県
HAPPY SKY,合体せよ！ストロングイェーガー！！ (Ryu☆ remix),425,AZC,大分県,1400,RIRCHU,大分県,1904,46NEKO,大分県
HAPPY SKY,冥,1051,K-JET.,大分県,2046,N-JET.,大分県,3748,CHINO,大分県
HAPPY SKY,ラクエン,563,5MAKA4,大分県,639,ISM,大分県,1964,K-JET.,大分県
HAPPY SKY,ヒマワリ,531,LIAR,大分県,1762,HOWLS,大分県,2042,N-JET.,大分県
HAPPY SKY,オレはビートマニア！お前は何マニア？,395,SPOON*,大分県,1322,LILITH,大分県,1658,CHOCOA,大分県
HAPPY SKY,Xepher,974,5MAKA4,大分県,1911,KEMI*,大分県,2950,46NEKO,大分県
HAPPY SKY,We are Disっ娘よっつ打ち命,655,4J1NB0,大分県,877,RIRCHU,大分県,1648,46NEKO,大分県
HAPPY SKY,Votum stellarum,300,AS..A,大分県,1566,LILITH,大分県,1965,46NEKO,大分県
HAPPY SKY,vault of heaven,698,MURA,大分県,1290,LIAR,大分県,1980,K-JET.,大分県
HAPPY SKY,Under the Sky,774,5MAKA4,大分県,1332,LIAR,大分県,1731,CHINO,大分県
HAPPY SKY,Twelfth Style,949,KCHAMA,大分県,1343,RIRCHU,大分県,2006,N-JET.,大分県
HAPPY SKY,Tizona d'El Cid,913,LIAR,大分県,1605,BLYTHE,大分県,2275,4J1NB0,大分県
HAPPY SKY,SigSig,1032,LIAR,大分県,1691,4J1NB0,大分県,2580,N-JET.,大分県
HAPPY SKY,Scripted Connection⇒ N mix,788,MRT,大分県,1543,MINA,大分県,2081,46NEKO,大分県
HAPPY SKY,Scripted Connection⇒ H mix,1688,4J1NB0,大分県,1852,VP2,大分県,2503,46NEKO,大分県
HAPPY SKY,Scripted Connection⇒ A mix,1673,4J1NB0,大分県,1925,VP2,大分県,3040,N-JET.,大分県
HAPPY SKY,SCREAM SQUAD,1142,PUNICO,大分県,1486,TAKA.4,大分県,2069,CHINO,大分県
HAPPY SKY,rage against usual,927,5MAKA4,大分県,1815,BLYTHE,大分県,2848,N-JET.,大分県
HAPPY SKY,POODLE,565,SUSHI,大分県,1869,4J1NB0,大分県,2292,46NEKO,大分県
HAPPY SKY,Pollinosis,673,KEN,大分県,515,F,大分県,2466,46NEKO,大分県
HAPPY SKY,PLASMA,953,4J1NB0,大分県,1293,T.M,大分県,2257,N-JET.,大分県
HAPPY SKY,Pink Rose,533,5MAKA4,大分県,904,LILITH,大分県,1405,CHINO,大分県
HAPPY SKY,MOON RACE,695,C-FOOD,大分県,718,IIDX26,大分県,1871,KOKURI,大分県
HAPPY SKY,Love Magic,447,SPOON*,大分県,1468,TAKE*M,大分県,1947,N-JET.,大分県
HAPPY SKY,Little Little Princess†,0,,未設定,0,,未設定,3731,TIKUWA,大分県
HAPPY SKY,Little Little Princess,591,ALICE,大分県,2211,CHINO,大分県,2734,K-JET.,大分県
HAPPY SKY,LESSON 5,1279,4J1NB0,大分県,1858,4J1NB0,大分県,2466,N-JET.,大分県
HAPPY SKY,INAZUMA,1049,LIAR,大分県,1672,KILA**,大分県,2680,46NEKO,大分県
HAPPY SKY,in motion,775,3ZUI,大分県,991,NGKAWA,大分県,1301,N-JET.,大分県
HAPPY SKY,I am,842,SEI,大分県,1632,LIAR,大分県,2138,N-JET.,大分県
HAPPY SKY,HAPPY☆ANGEL,1096,K-JET.,大分県,1412,ISLAND,大分県,2069,K-JET.,大分県
HAPPY SKY,Get'em up to R.A.V.E,1183,4J1NB0,大分県,1677,ABE8,大分県,2249,46NEKO,大分県
HAPPY SKY,garden,727,5MAKA4,大分県,1288,J,大分県,2136,N-JET.,大分県
HAPPY SKY,First Resolution,610,T.M,大分県,1583,4J1NB0,大分県,2146,CHINO,大分県
HAPPY SKY,EMPTY OF THE SKY,650,4J1NB0,大分県,966,SIKI,大分県,1678,CHINO,大分県
HAPPY SKY,EDEN,1031,OKOVIC,大分県,1806,LIAR,大分県,2707,K-JET.,大分県
HAPPY SKY,double thrash,618,MATR,大分県,1857,NOOB,大分県,2307,K-JET.,大分県
HAPPY SKY,Catch Me,241,AAAAAA,大分県,1068,LIESE,大分県,1799,K-JET.,大分県
HAPPY SKY,CaptivAte～浄化～,534,AA,大分県,1610,BLYTHE,大分県,2443,46NEKO,大分県
HAPPY SKY,Aurora,906,HATM-R,大分県,1993,NATAKU,大分県,2496,K-JET.,大分県
HAPPY SKY,alla turca con passione,564,PIPPI,大分県,1454,RIRCHU,大分県,2166,46NEKO,大分県
HAPPY SKY,Agnus Dei,361,MAVIC?,大分県,1488,NGKAWA,大分県,2065,CHINO,大分県
HAPPY SKY,100％ minimoo-G,0,,未設定,1533,CELES,大分県,1713,CHINO,大分県
DistorteD,虹色,554,N-ARU,大分県,1436,LIAR,大分県,1828,4J1NB0,大分県
DistorteD,華蝶風雪,1222,DDR,大分県,1961,LIAR,大分県,2937,K-JET.,大分県
DistorteD,罠,563,4J1NB0,大分県,1410,BLYTHE,大分県,2436,46NEKO,大分県
DistorteD,嘆きの樹,1632,LIAR,大分県,2482,N-JET.,大分県,3796,CHINO,大分県
DistorteD,タシカナモノ,625,A0,大分県,1342,LIAR,大分県,2009,4J1NB0,大分県
DistorteD,カゴノトリ～弐式～,863,5MAKA4,大分県,1813,ABE8,大分県,2609,N-JET.,大分県
DistorteD,Zenius -I- vanisher,894,MURA,大分県,1479,NOOB,大分県,2380,N-JET.,大分県
DistorteD,with you…,672,5MAKA4,大分県,891,ELIO,大分県,1775,CHINO,大分県
DistorteD,WISH(EUROBEAT MIX),892,5MAKA4,大分県,1302,ISLAND,大分県,1955,N-JET.,大分県
DistorteD,Why did you go away,1065,KNNRIM,大分県,1580,LIAR,大分県,2285,N-JET.,大分県
DistorteD,waxing and wanding†,0,,未設定,0,,未設定,3860,K-JET.,大分県
DistorteD,waxing and wanding,1284,LIAR,大分県,1872,LIAR,大分県,2879,N-JET.,大分県
DistorteD,TYPE MARS(G-Style Mix),937,MURA,大分県,1671,BLYTHE,大分県,2381,46NEKO,大分県
DistorteD,tripping contact(teranoid&MC Natsack Remix),916,164RLT,大分県,1834,NATAKU,大分県,2413,46NEKO,大分県
DistorteD,This is Love,943,4J1NB0,大分県,1385,KAMOME,大分県,2450,N-JET.,大分県
DistorteD,The Dirty of Loudness,1307,LIAR,大分県,1893,TAKA.4,大分県,2580,CHINO,大分県
DistorteD,Sun Field,495,5MAKA4,大分県,1415,FE,大分県,2412,N-JET.,大分県
DistorteD,So Fabulous !!,625,N-ARU,大分県,1419,LIAR,大分県,2330,N-JET.,大分県
DistorteD,Power of Love,346,TORI10,大分県,1648,4J1NB0,大分県,2097,4J1NB0,大分県
DistorteD,MOON,616,CARLA,大分県,1868,MIKE,大分県,2202,N-JET.,大分県
DistorteD,MINT,609,DICE,大分県,1625,V!NT,大分県,2294,CHINO,大分県
DistorteD,Melody Life,722,5MAKA4,大分県,843,KINOKO,大分県,1825,4J1NB0,大分県
DistorteD,Leaving...,669,5MAKA4,大分県,1171,J,大分県,2184,N-JET.,大分県
DistorteD,INFERNO,1171,4J1NB0,大分県,1604,4J1NB0,大分県,1956,CHOCOA,大分県
DistorteD,Heavenly Sun (IIDX VERSION),713,5MAKA4,大分県,1589,4J1NB0,大分県,2104,N-JET.,大分県
DistorteD,Harmony and Lovely,907,4J1NB0,大分県,1637,KEMI*,大分県,2230,CHINO,大分県
DistorteD,Ganymede,911,164RLT,大分県,1426,BLYTHE,大分県,2252,N-JET.,大分県
DistorteD,EURO-ROMANCE,496,SPOON*,大分県,1676,FE,大分県,2097,CHINO,大分県
DistorteD,DUE TOMORROW,881,AGE,大分県,1360,WAROTA,大分県,1964,CHINO,大分県
DistorteD,Double Loving Heart,491,5MAKA4,大分県,1141,ISLAND,大分県,1801,46NEKO,大分県
DistorteD,D.C.fish,584,164RLT,大分県,1759,FE,大分県,2335,CHINO,大分県
DistorteD,CONTRACT†,0,,未設定,0,,未設定,2728,K-JET.,大分県
DistorteD,CONTRACT,1168,LIAR,大分県,1493,PEEP,大分県,2024,K-JET.,大分県
DistorteD,Concertino in Blue,483,MATR,大分県,1449,VP2,大分県,2439,CHINO,大分県
DistorteD,Broadbanded,0,,未設定,1110,PLAN.B,大分県,2001,CHINO,大分県
DistorteD,BOOM BOOM DISCO NIGHT,904,MURA,大分県,1827,4J1NB0,大分県,2253,46NEKO,大分県
DistorteD,Bloody Tears(IIDX EDITION),956,LAMBDA,大分県,1863,FIES,大分県,2172,CHINO,大分県
DistorteD,BALLAD THE FEATHERS,531,ISM,大分県,777,HATA.,大分県,1496,46NEKO,大分県
DistorteD,Apocalypse ～dirge of swans～,907,LIAR,大分県,1554,BLYTHE,大分県,2350,46NEKO,大分県
DistorteD,ALFARSHEAR 双神威に廻る夢,721,N-ARU,大分県,1649,4J1NB0,大分県,2062,46NEKO,大分県
GOLD,電人、暁に斃れる。,1318,RIRCHU,大分県,2016,NO.11,大分県,3309,46NEKO,大分県
GOLD,零 - ZERO -,1097,MURA,大分県,1676,BLYTHE,大分県,2289,46NEKO,大分県
GOLD,花吹雪 ～ IIDX LIMITED ～,645,MURA,大分県,981,MURA,大分県,1428,CHINO,大分県
GOLD,星をこの手に,1073,MURA,大分県,1680,FE,大分県,2138,4J1NB0,大分県
GOLD,リグレット,1194,MURA,大分県,1649,LIAR,大分県,2419,N-JET.,大分県
GOLD,ヨシダさん,807,5MAKA4,大分県,1400,LIAR,大分県,1968,CHINO,大分県
GOLD,クルクル☆ラブ～Opioid Peptide MIX～,887,MURA,大分県,1413,LIAR,大分県,2235,CHINO,大分県
GOLD,X-rated,781,MURA,大分県,1155,EKA,大分県,2107,CHINO,大分県
GOLD,With your Smile,693,LIAR,大分県,1101,MURA,大分県,1563,46NEKO,大分県
GOLD,Watch out!!,646,MURA,大分県,892,MURA,大分県,1588,CHINO,大分県
GOLD,VANESSA†,0,,未設定,0,,未設定,3216,N-JET.,大分県
GOLD,VANESSA,1018,TAKA.4,大分県,1795,CHINO,大分県,2409,CHINO,大分県
GOLD,TRANOID,699,C-FOOD,大分県,1572,LIAR,大分県,2246,CHINO,大分県
GOLD,The Smile of You,932,4J1NB0,大分県,1262,LIAR,大分県,1628,CHINO,大分県
GOLD,the shadow,0,,未設定,1852,VP2,大分県,2860,46NEKO,大分県
GOLD,snow storm,495,MATR,大分県,2157,MINA,大分県,2762,46NEKO,大分県
GOLD,smile,1354,RIRCHU,大分県,2072,FIES,大分県,2869,K-JET.,大分県
GOLD,Sense 2007,1480,WANDA3,大分県,2154,N-JET.,大分県,2889,46NEKO,大分県
GOLD,Second Heaven,934,KEMI*,大分県,1387,K,大分県,2122,46NEKO,大分県
GOLD,Roulette,388,ALICE,大分県,1309,MOCHI,大分県,2087,N-JET.,大分県
GOLD,PHOTONGENIC,1234,LIAR,大分県,1760,TAKA.4,大分県,2289,K-JET.,大分県
GOLD,op.31 叙情,539,AGE,大分県,1275,4J1NB0,大分県,1526,CHINO,大分県
GOLD,never…,754,5MAKA4,大分県,1187,KBC,大分県,1819,CHINO,大分県
GOLD,METALLIC MIND,742,MURA,大分県,1130,IR1S,大分県,1616,46NEKO,大分県
GOLD,Make Me Your Own,725,5MAKA4,大分県,1339,BLYTHE,大分県,2132,CHINO,大分県
GOLD,Love Again...,524,MURA,大分県,720,MURA,大分県,1074,CHINO,大分県
GOLD,LASER CRUSTER,1196,PLAN.B,大分県,2415,N-JET.,大分県,3166,46NEKO,大分県
GOLD,KAMAITACHI†,0,,未設定,0,,未設定,3744,CHINO,大分県
GOLD,KAMAITACHI,936,KTRST,大分県,1784,LIAR,大分県,2706,CHINO,大分県
GOLD,INORI,1281,MURA,大分県,2331,MINA,大分県,3150,CHINO,大分県
GOLD,High School Love,787,MURA,大分県,1528,4J1NB0,大分県,2202,46NEKO,大分県
GOLD,heaven above,711,5MAKA4,大分県,1153,ISM,大分県,1845,CHINO,大分県
GOLD,GRID KNIGHT,716,MURA,大分県,1951,4J1NB0,大分県,2638,CHINO,大分県
GOLD,GOLD RUSH,1132,KEMI*,大分県,1373,BLYTHE,大分県,2340,46NEKO,大分県
GOLD,four-leaf,655,5MAKA4,大分県,980,ISM,大分県,1714,CHINO,大分県
GOLD,FIRE FIRE,1015,AKSW,大分県,1647,TA7KA3,大分県,2774,CHINO,大分県
GOLD,Fascination MAXX,923,CHINO,大分県,1635,WANDA3,大分県,2355,CHINO,大分県
GOLD,Cyber Force,1265,4J1NB0,大分県,1714,VP2,大分県,2367,CHINO,大分県
GOLD,CROSSROAD ～Left Story～,1042,ISLAND,大分県,1679,LIAR,大分県,2187,CHINO,大分県
GOLD,CaptivAte～誓い～,1146,MURA,大分県,1778,RIRCHU,大分県,2224,46NEKO,大分県
GOLD,CaptivAte～裁き～,789,MURA,大分県,1254,NOOB,大分県,1744,N-JET.,大分県
GOLD,Candy Galy,1562,4J1NB0,大分県,2216,NO.11,大分県,3528,CHINO,大分県
GOLD,"Blind Justice ～Torn souls, Hurt Faiths ～",1259,KEMI*,大分県,1942,4J1NB0,大分県,2460,46NEKO,大分県
GOLD,ANDROMEDA II,907,MURA,大分県,1684,PE6RI7,大分県,2443,N-JET.,大分県
GOLD,Air Bell,879,MURA,大分県,1159,MURCAT,大分県,1698,46NEKO,大分県
DJ TROOPERS,走馬灯 -The Last Song-,254,S.K..,大分県,913,4J1NB0,大分県,1326,46NEKO,大分県
DJ TROOPERS,華爛漫 -Flowers-,898,IZM238,大分県,1425,LIAR,大分県,2047,46NEKO,大分県
DJ TROOPERS,少年A,941,C-FOOD,大分県,1796,LIAR,大分県,2762,K-JET.,大分県
DJ TROOPERS,ミラージュ・レジデンス,675,AA,大分県,1904,BLYTHE,大分県,2595,K-JET.,大分県
DJ TROOPERS,マチ子の唄,764,5MAKA4,大分県,1230,LILITH,大分県,1788,K-JET.,大分県
DJ TROOPERS,エコ爺,809,ROBIN,大分県,1137,K,大分県,1824,46NEKO,大分県
DJ TROOPERS,Wanna Party?,691,5MAKA4,大分県,1058,MURA,大分県,1521,CHINO,大分県
DJ TROOPERS,Ubertreffen†,0,,未設定,0,,未設定,3186,46NEKO,大分県
DJ TROOPERS,Ubertreffen,842,KTRST,大分県,1801,SQ-86,大分県,2474,N-JET.,大分県
DJ TROOPERS,TROOPERS,875,N-ARU,大分県,2244,MINA,大分県,2913,CHINO,大分県
DJ TROOPERS,Time to Air,1086,5MAKA4,大分県,1980,LIAR,大分県,2840,K-JET.,大分県
DJ TROOPERS,the trigger of innocence,834,5MAKA4,大分県,1076,5MAKA4,大分県,1845,CHINO,大分県
DJ TROOPERS,THE DEEP STRIKER†,0,,未設定,0,,未設定,3412,N-JET.,大分県
DJ TROOPERS,THE DEEP STRIKER,900,IZM238,大分県,1872,LIAR,大分県,3002,CHINO,大分県
DJ TROOPERS,switch,415,RFA*,大分県,1471,NATAKU,大分県,2071,CHINO,大分県
DJ TROOPERS,STEEL NEEDLE,954,MURA,大分県,2108,4J1NB0,大分県,2409,K-JET.,大分県
DJ TROOPERS,State Of The Art,1056,LIAR,大分県,1465,LILITH,大分県,3066,46NEKO,大分県
DJ TROOPERS,SOUND OF GIALLARHORN,1383,4J1NB0,大分県,2564,BUNTU!,大分県,3248,K-JET.,大分県
DJ TROOPERS,scar in the earth,647,4J1NB0,大分県,979,RIRCHU,大分県,1511,K-JET.,大分県
DJ TROOPERS,satfinal,0,,未設定,1274,ISLAND,大分県,1923,CHINO,大分県
DJ TROOPERS,"satellite020712 from ""CODED ARMS""",0,,未設定,1667,TAKA.4,大分県,2499,46NEKO,大分県
DJ TROOPERS,Ristaccia,985,5MAKA4,大分県,1722,BLYTHE,大分県,2685,K-JET.,大分県
DJ TROOPERS,REMINISCENCE,1095,5MAKA4,大分県,1732,LIAR,大分県,2312,46NEKO,大分県
DJ TROOPERS,PROMISE FOR LIFE,295,GANDAM,大分県,1446,LIAR,大分県,1737,CHOCOA,大分県
DJ TROOPERS,PARANOiA ～HADES～,1038,CHOCOA,大分県,1777,N-JET.,大分県,2666,46NEKO,大分県
DJ TROOPERS,oratio,1240,ISM,大分県,1835,PEEP,大分県,2877,46NEKO,大分県
DJ TROOPERS,NEW GENERATION -もう、お前しか見えない-,1008,LIAR,大分県,1748,KEMI*,大分県,2545,4J1NB0,大分県
DJ TROOPERS,MENTAL MELTDOWN,829,S.DVL7,大分県,1949,BLYTHE,大分県,2704,46NEKO,大分県
DJ TROOPERS,MENDES,1052,0K1T43,大分県,2581,46NEKO,大分県,3488,CHINO,大分県
DJ TROOPERS,MAX LOVE,1437,4J1NB0,大分県,2154,4J1NB0,大分県,2657,N-JET.,大分県
DJ TROOPERS,LOVELY STORM,1306,LIAR,大分県,2025,MINA,大分県,2794,K-JET.,大分県
DJ TROOPERS,Kick Out 仮面,1175,4J1NB0,大分県,1531,SOKI,大分県,2007,N-JET.,大分県
DJ TROOPERS,in the Sky,1320,LIAR,大分県,1971,LIAR,大分県,2543,CHINO,大分県
DJ TROOPERS,ICARUS†,0,,未設定,0,,未設定,3557,46NEKO,大分県
DJ TROOPERS,ICARUS,1239,TIKUWA,大分県,1830,KEN,大分県,2420,CHINO,大分県
DJ TROOPERS,Freeway Shuffle,0,,未設定,1154,LIAR,大分県,1843,4J1NB0,大分県
DJ TROOPERS,four pieces of heaven,402,TOTORO,大分県,1607,VP2,大分県,2296,46NEKO,大分県
DJ TROOPERS,evergreen,891,5MAKA4,大分県,1061,IZM238,大分県,1941,CHINO,大分県
DJ TROOPERS,end of world,644,N-ARU,大分県,1617,BLYTHE,大分県,2481,46NEKO,大分県
DJ TROOPERS,Do it!! Do it!!,822,Y-CHAN,大分県,1415,SQ-86,大分県,1917,CHINO,大分県
DJ TROOPERS,Digitank System,869,KENBAN,大分県,1553,K-JET.,大分県,2117,CHINO,大分県
DJ TROOPERS,Dazzlin' Darlin,735,ISM,大分県,1342,LIAR,大分県,2221,N-JET.,大分県
DJ TROOPERS,Darling my LUV,391,KIUE,大分県,709,KINOKO,大分県,1386,CHINO,大分県
DJ TROOPERS,Blue Rain†,0,,未設定,0,,未設定,3272,46NEKO,大分県
DJ TROOPERS,Blue Rain,897,ISLAND,大分県,1427,KEMI*,大分県,2251,N-JET.,大分県
DJ TROOPERS,beatonic nation,1259,4J1NB0,大分県,1881,4J1NB0,大分県,2130,4J1NB0,大分県
DJ TROOPERS,Be OK,835,ISM,大分県,1641,LIAR,大分県,2371,N-JET.,大分県
DJ TROOPERS,avant-guerre,680,0K1T43,大分県,963,MURCAT,大分県,1926,CHINO,大分県
DJ TROOPERS,"Anisakis -somatic mutation type""Forza""-",1037,KCHAMA,大分県,1967,NAWONE,大分県,2844,CHINO,大分県
DJ TROOPERS,2 tribe 4 K,318,IIDX26,大分県,1262,LIAR,大分県,2741,CHINO,大分県
EMPRESS,鉄甲乙女-under the steel-,937,4J1NB0,大分県,1616,4J1NB0,大分県,2169,CHINO,大分県
EMPRESS,翼,811,MURA,大分県,1480,LIAR,大分県,1958,46NEKO,大分県
EMPRESS,山岡晃の「クイズ！家事都合！」,662,LIAR,大分県,1240,LIAR,大分県,2047,N-JET.,大分県
EMPRESS,天空脳番長危機十六連打,863,MURA,大分県,1844,BLYTHE,大分県,2551,46NEKO,大分県
EMPRESS,卑弥呼,1137,NAO,大分県,2720,CHINO,大分県,3896,N-JET.,大分県
EMPRESS,凛として咲く花の如く†,0,,未設定,0,,未設定,3169,CHINO,大分県
EMPRESS,凛として咲く花の如く,1234,MURA,大分県,2094,089,大分県,2774,46NEKO,大分県
EMPRESS,不沈艦CANDY,1118,LIAR,大分県,1867,NATAKU,大分県,3250,CHINO,大分県
EMPRESS,ミッドナイト堕天使,888,MURA,大分県,1611,4J1NB0,大分県,2771,CHINO,大分県
EMPRESS,ハリツヤランデヴー,961,N-JET.,大分県,2072,10FU86,大分県,2469,N-JET.,大分県
EMPRESS,まほろば,699,MURA,大分県,1195,KCHAMA,大分県,2031,N-JET.,大分県
EMPRESS,"You'll say ""Now!""",1146,LIAR,大分県,1719,MIACH,大分県,2468,46NEKO,大分県
EMPRESS,Y&Co. is dead or alive,987,KEN,大分県,1463,VP2,大分県,2690,46NEKO,大分県
EMPRESS,V2,1476,4J1NB0,大分県,3053,N-JET.,大分県,3480,N-JET.,大分県
EMPRESS,Turii ～Panta rhei～,799,MURA,大分県,1836,BLYTHE,大分県,2662,CHINO,大分県
EMPRESS,THANK YOU FOR PLAYING†,0,,未設定,0,,未設定,2890,K-JET.,大分県
EMPRESS,THANK YOU FOR PLAYING,732,MURA,大分県,1406,LIESE,大分県,2108,K-JET.,大分県
EMPRESS,SOLITON BEAM,1443,4J1NB0,大分県,1853,LIAR,大分県,2328,N-JET.,大分県
EMPRESS,smooooch・∀・,738,PLAN.B,大分県,1558,LIAR,大分県,2117,46NEKO,大分県
EMPRESS,Secrets,1213,ROBIN,大分県,2368,4J1NB0,大分県,3136,CHINO,大分県
EMPRESS,Queen's Tragedy,752,MURA,大分県,1515,BLYTHE,大分県,2213,N-JET.,大分県
EMPRESS,Punch Love 仮面,1013,MURA,大分県,1644,NOOB,大分県,2496,N-JET.,大分県
EMPRESS,Programmed World,849,IZM238,大分県,1506,MA,大分県,2288,46NEKO,大分県
EMPRESS,NΦ CRIME,750,MURA,大分県,1264,ISM,大分県,1877,46NEKO,大分県
EMPRESS,neogenesis,992,4J1NB0,大分県,1280,LIAR,大分県,1705,N-JET.,大分県
EMPRESS,naughty girl@Queen's Palace†,0,,未設定,0,,未設定,2617,CHINO,大分県
EMPRESS,naughty girl@Queen's Palace,798,MURA,大分県,1637,CHOCOA,大分県,2115,CHINO,大分県
EMPRESS,Monkey Dance '09,792,MURA,大分県,1609,LIAR,大分県,2234,N-JET.,大分県
EMPRESS,Mind Mapping,819,5MAKA4,大分県,1176,LIAR,大分県,1833,CHINO,大分県
EMPRESS,Kung-fu Empire†,0,,未設定,0,,未設定,3810,K-JET.,大分県
EMPRESS,Kung-fu Empire,1496,4J1NB0,大分県,2445,NATAKU,大分県,3212,46NEKO,大分県
EMPRESS,Just a Little Smile,362,MATR,大分県,1261,BUNTU!,大分県,2438,CHINO,大分県
EMPRESS,Jack,812,MURA,大分県,1092,HACKA!,大分県,2164,CHINO,大分県
EMPRESS,I'm Screaming LOVE,544,MURA,大分県,1317,4J1NB0,大分県,1692,N-JET.,大分県
EMPRESS,HYPERION,1009,MURA,大分県,1815,LIAR,大分県,2717,46NEKO,大分県
EMPRESS,Go Beyond!!,993,MURA,大分県,1621,-34K,大分県,2147,CHINO,大分県
EMPRESS,Fly Above,895,5MAKA4,大分県,1597,4J1NB0,大分県,2030,CHINO,大分県
EMPRESS,Flash Back 90's,923,4J1NB0,大分県,1876,4J1NB0,大分県,2317,N-JET.,大分県
EMPRESS,Cyber Force -DJ Yoshitaka Remix-,1026,LIAR,大分県,1738,YUMAN,大分県,2509,46NEKO,大分県
EMPRESS,Colorful Cookie,1075,MURA,大分県,2238,YAMA2,大分県,3459,CHINO,大分県
EMPRESS,CaptivAte2～覚醒～,1034,LIAR,大分県,1604,YUMAN,大分県,2373,46NEKO,大分県
EMPRESS,BRIDAL FESTIVAL !!!,976,4J1NB0,大分県,1430,NOOB,大分県,2106,4J1NB0,大分県
EMPRESS,BITTER CHOCOLATE STRIKER,1027,LIAR,大分県,2113,MATCHA,大分県,3895,CHINO,大分県
EMPRESS,Bahram Attack-猫叉Master Remix-,1056,4J1NB0,大分県,1853,LIAR,大分県,2604,46NEKO,大分県
EMPRESS,B4U(BEMANI FOR YOU MIX)†,0,,未設定,0,,未設定,4414,46NEKO,大分県
EMPRESS,B4U(BEMANI FOR YOU MIX),1155,LIAR,大分県,2325,4J1NB0,大分県,3526,46NEKO,大分県
EMPRESS,Arabian Rave Night,1159,MURA,大分県,2042,VP2,大分県,2903,K-JET.,大分県
EMPRESS,ALL MY TURN -このターンに、オレの全てを賭ける-,943,MURA,大分県,1682,BLYTHE,大分県,2538,N-JET.,大分県
EMPRESS,ALL I NEED YOUR LOVE,960,MURA,大分県,1702,4J1NB0,大分県,2104,N-JET.,大分県
EMPRESS,3y3s,1395,LIAR,大分県,2476,N-JET.,大分県,3468,CHINO,大分県
SIRIUS,"水上の提督(Short mix from ""幻想水滸伝V"")",648,MURA,大分県,1309,PLAN.B,大分県,2045,K-JET.,大分県
SIRIUS,未来のプリズム,691,KOKURI,大分県,1291,LIAR,大分県,1743,CHOCOA,大分県
SIRIUS,ワルツ第17番 ト短調”大犬のワルツ”,1275,46NEKO,大分県,2169,AGE,大分県,3108,CHINO,大分県
SIRIUS,バビロニア,809,LIAR,大分県,1208,MURA,大分県,1867,CHINO,大分県
SIRIUS,サヨナラ・ヘヴン,938,4J1NB0,大分県,1275,LIAR,大分県,1662,4J1NB0,大分県
SIRIUS,コスモス,821,MURA,大分県,1440,LIAR,大分県,2081,46NEKO,大分県
SIRIUS,たからもの,1134,5MAKA4,大分県,1865,4J1NB0,大分県,2217,966.I,大分県
SIRIUS,かずあそび,492,5MAKA4,大分県,1034,ISM,大分県,1684,K-JET.,大分県
SIRIUS,The Story Begins,840,LIAR,大分県,1290,Y-CHAN,大分県,2419,N-JET.,大分県
SIRIUS,THE LAST STRIKER,1427,4J1NB0,大分県,1943,4J1NB0,大分県,2623,CHINO,大分県
SIRIUS,Special One,779,MURA,大分県,1102,LIAR,大分県,1770,CHINO,大分県
SIRIUS,Sorrows,665,164RLT,大分県,1580,LIAR,大分県,2470,CHINO,大分県
SIRIUS,SOLID STATE SQUAD†,0,,未設定,0,,未設定,3518,N-JET.,大分県
SIRIUS,SOLID STATE SQUAD,1007,LIAR,大分県,2026,MINA,大分県,3525,CHINO,大分県
SIRIUS,She is my wife,644,0K1T43,大分県,1312,MA,大分県,1925,K-JET.,大分県
SIRIUS,Session 1 -Genesis-,829,LIAR,大分県,1353,LIAR,大分県,2402,K-JET.,大分県
SIRIUS,Roots of my way!,857,LIAR,大分県,1312,BUNTU!,大分県,2025,46NEKO,大分県
SIRIUS,Red. by Full Metal Jacket,962,LIAR,大分県,2024,AGE,大分県,3104,CHINO,大分県
SIRIUS,Raison d'etre～交差する宿命～,1113,MURA,大分県,1997,TA7KA3,大分県,2698,N-JET.,大分県
SIRIUS,quell～the seventh slave～,966,4J1NB0,大分県,1616,BLYTHE,大分県,3108,CHINO,大分県
SIRIUS,Programmed Sun,1053,LIAR,大分県,1750,WANDA3,大分県,2560,46NEKO,大分県
SIRIUS,NoN-Fiction Story!,713,LIAR,大分県,1297,LIAR,大分県,2178,46NEKO,大分県
SIRIUS,NEW SENSATION -もう、あなたしか見えない-,1150,PS4,大分県,2015,MIACH,大分県,2645,K-JET.,大分県
SIRIUS,mosaic,1446,LIAR,大分県,1989,NOOB,大分県,2992,K-JET.,大分県
SIRIUS,MIRACLE MEETS,786,IZM238,大分県,1513,LIAR,大分県,2176,!,大分県
SIRIUS,Light Shine,810,WANDA3,大分県,1088,LIAR,大分県,1957,CHINO,大分県
SIRIUS,Last Burning,855,LIAR,大分県,1627,4J1NB0,大分県,2372,CHINO,大分県
SIRIUS,Keep it-秋葉工房mix-,934,MURA,大分県,1586,NATAKU,大分県,1836,N-JET.,大分県
SIRIUS,IN THE NAME OF LOVE,0,,未設定,1282,LIAR,大分県,1914,46NEKO,大分県
SIRIUS,Hydrogen Blueback,1018,LIAR,大分県,1499,J,大分県,2277,N-JET.,大分県
SIRIUS,GOLDEN CROSS,1064,LIAR,大分県,1829,VP2,大分県,3456,CHINO,大分県
SIRIUS,GALGALIM,1429,4J1NB0,大分県,1757,TAKA.4,大分県,2354,46NEKO,大分県
SIRIUS,G59,1776,4J1NB0,大分県,2264,S-CYO,大分県,3875,CHINO,大分県
SIRIUS,EXUSIA,996,PLAN.B,大分県,2691,4J1NB0,大分県,3812,CHINO,大分県
SIRIUS,Evans,1149,ISLAND,大分県,2180,K-JET.,大分県,2740,N-JET.,大分県
SIRIUS,eRAseRmOToRpHAntOM,1393,KNNRIM,大分県,2494,MIACH,大分県,3262,CHINO,大分県
SIRIUS,Empire State Glory,806,HATM-R,大分県,1711,ROBIN,大分県,2630,CHINO,大分県
SIRIUS,Elisha,796,K,大分県,1396,TAKA.4,大分県,2217,N-JET.,大分県
SIRIUS,DROP,805,LIAR,大分県,1857,VP2,大分県,2585,46NEKO,大分県
SIRIUS,DOMINION,1177,LIAR,大分県,2151,LIAR,大分県,3162,K-JET.,大分県
SIRIUS,DESIRE,923,LIAR,大分県,1880,NATAKU,大分県,2807,N-JET.,大分県
SIRIUS,Dazzlin' Darlin-秋葉工房mix-,749,MURA,大分県,1421,LIAR,大分県,2073,KOKURI,大分県
SIRIUS,DAWN -THE NEXT ENDEAVOUR-,1651,4J1NB0,大分県,2684,4J1NB0,大分県,3112,CHINO,大分県
SIRIUS,D,1172,3ZUI,大分県,1670,NAWONE,大分県,2428,4J1NB0,大分県
SIRIUS,CaptivAte～裁き～(SUBLIME TECHNO MIX),941,MURA,大分県,1549,LIAR,大分県,2402,K-JET.,大分県
SIRIUS,bloomin' feeling,1244,LIAR,大分県,1945,46NEKO,大分県,2599,CHINO,大分県
SIRIUS,being torn the sky,644,NOOB,大分県,1111,9LOE.L,大分県,1980,CHINO,大分県
SIRIUS,BEAUTIFUL ANGEL,571,MURA,大分県,1577,KEN,大分県,2455,K-JET.,大分県
SIRIUS,beatchic☆仮面～好き、でいさせて～,902,MURA,大分県,1540,LIAR,大分県,2007,4J1NB0,大分県
SIRIUS,bass 2 bass,678,5MAKA4,大分県,1261,N-JET.,大分県,1886,CHINO,大分県
SIRIUS,Bad Maniacs,1247,LIAR,大分県,1790,NATAKU,大分県,3175,CHINO,大分県
SIRIUS,Almagest,976,LIAR,大分県,2202,CHINO,大分県,3066,46NEKO,大分県
SIRIUS,AIR RAID FROM THA UNDAGROUND,1039,MURA,大分県,1566,LIAR,大分県,2312,46NEKO,大分県
Resort Anthem,黒髪乱れし修羅となりて,736,5MAKA4,大分県,1901,FE,大分県,3410,N-JET.,大分県
Resort Anthem,灼熱Beach Side Bunny,1030,LIAR,大分県,1871,NATAKU,大分県,3084,CHINO,大分県
Resort Anthem,旅人リラン,1036,3GOUKI,大分県,1804,NAWONE,大分県,2612,CHINO,大分県
Resort Anthem,夕焼け ～Fading Day～,861,KAMOME,大分県,1861,HOWLS,大分県,2765,N-JET.,大分県
Resort Anthem,中華急行,321,PE6RI7,大分県,1441,PE6RI7,大分県,2303,46NEKO,大分県
Resort Anthem,かげぬい ～ Ver.BENIBOTAN ～,803,5MAKA4,大分県,1287,NOOB,大分県,1873,MIACH,大分県
Resort Anthem,おおきなこえで,220,HIMARI,大分県,826,5MAKA4,大分県,1480,4J1NB0,大分県
Resort Anthem,ZETA～素数の世界と超越者～,555,LIAR,大分県,1956,LIAR,大分県,3059,46NEKO,大分県
Resort Anthem,XANADU OF TWO,933,0K1T43,大分県,1617,LIAR,大分県,2724,46NEKO,大分県
Resort Anthem,Wuv U,393,ISLAND,大分県,1245,LIAR,大分県,1690,N-JET.,大分県
Resort Anthem,WISE UP!,487,LIAR,大分県,1136,LIAR,大分県,1579,46NEKO,大分県
Resort Anthem,WE LOVE SHONAN,775,LIAR,大分県,1564,BLYTHE,大分県,2145,46NEKO,大分県
Resort Anthem,Watch Out Pt.2,1099,LIAR,大分県,1914,N-JET.,大分県,2830,CHINO,大分県
Resort Anthem,Vermillion,424,T.M,大分県,1130,LIAR,大分県,2042,N-JET.,大分県
Resort Anthem,Tropical April,1454,RIRCHU,大分県,2125,VP2,大分県,2703,46NEKO,大分県
Resort Anthem,THE FALLEN,863,LIAR,大分県,1310,MIKE,大分県,2614,K-JET.,大分県
Resort Anthem,THE DOOR INTO RAINBOW,794,LIAR,大分県,1417,TAKE*M,大分県,2150,K-JET.,大分県
Resort Anthem,THE BLACK KNIGHT,901,LIAR,大分県,1901,SQ-86,大分県,2881,N-JET.,大分県
Resort Anthem,STELLAR WIND,541,5MAKA4,大分県,1691,BLYTHE,大分県,2656,CHINO,大分県
Resort Anthem,Stay my side,264,GANDAM,大分県,885,HATM-R,大分県,1345,CHINO,大分県
Resort Anthem,SPECIAL SUMMER CAMPAIGN!,657,5MAKA4,大分県,1313,ISLAND,大分県,2923,N-JET.,大分県
Resort Anthem,Space Time,576,C4RTI5,大分県,1221,GREAT.,大分県,2150,K-JET.,大分県
Resort Anthem,Session 9 -Chronicles-,681,5MAKA4,大分県,2132,VP2,大分県,3539,K-JET.,大分県
Resort Anthem,sakura storm,1037,TOTTY.,大分県,1215,BLYTHE,大分県,2387,CHINO,大分県
Resort Anthem,Sakura Reflection,410,JJ,大分県,1617,N-JET.,大分県,2354,N-JET.,大分県
Resort Anthem,SABER WING,539,N-JET.,大分県,1720,MINA,大分県,2817,K-JET.,大分県
Resort Anthem,Rock Da House,823,RIRCHU,大分県,1529,BLYTHE,大分県,2196,N-JET.,大分県
Resort Anthem,reunion,1272,SIKI,大分県,2410,46NEKO,大分県,3169,CHINO,大分県
Resort Anthem,Programmed Life,600,MATR,大分県,1623,PE6RI7,大分県,2372,N-JET.,大分県
Resort Anthem,perditus†paradisus,1162,LIAR,大分県,2446,N-JET.,大分県,3742,CHINO,大分県
Resort Anthem,passionate fate,594,SAKURA,大分県,1471,LIAR,大分県,2111,46NEKO,大分県
Resort Anthem,PARADISE LOST,1297,LIAR,大分県,2124,MIACH,大分県,3300,CHINO,大分県
Resort Anthem,Never Fade Away,696,5MAKA4,大分県,1663,LIAR,大分県,2981,N-JET.,大分県
Resort Anthem,Mermaid girl,853,5MAKA4,大分県,1567,LIAR,大分県,2200,46NEKO,大分県
Resort Anthem,Medicine of love,271,TORI10,大分県,968,ISM,大分県,1720,46NEKO,大分県
Resort Anthem,Let The Track Flow,841,ATRIUM,大分県,1631,MA,大分県,2616,N-JET.,大分県
Resort Anthem,Kailua,335,KIRIKO,大分県,1235,IIDX25,大分県,2146,N-JET.,大分県
Resort Anthem,I FIGHT ME,570,LIMIA,大分県,1369,LIAR,大分県,2124,CHINO,大分県
Resort Anthem,Golden Palms†,0,,未設定,0,,未設定,2384,CHINO,大分県
Resort Anthem,Golden Palms,529,SAKURA,大分県,1383,DDR,大分県,1987,N-JET.,大分県
Resort Anthem,Fantasia,263,GANDAM,大分県,1452,ZU-MIN,大分県,2230,CHINO,大分県
Resort Anthem,Everlasting Resort,797,5MAKA4,大分県,1260,LIAR,大分県,1884,N-JET.,大分県
Resort Anthem,Eternal Tears,443,46NEKO,大分県,1053,LIAR,大分県,1364,4J1NB0,大分県
Resort Anthem,Energy Drive,687,YA-BOI,大分県,1382,LIAR,大分県,2191,N-JET.,大分県
Resort Anthem,ELECTRIC MASSIVE DIVER,438,MATR,大分県,2294,LIAR,大分県,3640,K-JET.,大分県
Resort Anthem,DM STAR～関西 energy style～,985,MURA,大分県,1801,CELES,大分県,2376,46NEKO,大分県
Resort Anthem,Destiny Sword,817,RIRCHU,大分県,1574,VP2,大分県,2374,46NEKO,大分県
Resort Anthem,DAYDREAMER,853,KINOKO,大分県,1642,TAKE*M,大分県,2502,CHOCOA,大分県
Resort Anthem,Dances with Snow Fairies,1301,LIAR,大分県,2013,KILA**,大分県,3103,CHINO,大分県
Resort Anthem,BROKEN EDEN,930,MURA,大分県,1585,BLYTHE,大分県,2319,46NEKO,大分県
Resort Anthem,Broken,834,N-ARU,大分県,2056,ABE8,大分県,3128,CHINO,大分県
Resort Anthem,Breaking the ground,1180,4J1NB0,大分県,1719,LIAR,大分県,2505,CHINO,大分県
Resort Anthem,Bounce Bounce Bounce,984,RIRCHU,大分県,1602,NOOB,大分県,2416,CHINO,大分県
Resort Anthem,BLUST OF WIND,724,5MAKA4,大分県,1460,LIAR,大分県,2093,4J1NB0,大分県
Resort Anthem,Believe In Me,0,,未設定,1691,LIAR,大分県,2343,46NEKO,大分県
Resort Anthem,ANTHEM LANDING,864,3ZUI,大分県,1817,LIAR,大分県,2930,46NEKO,大分県
Resort Anthem,Answer,720,5MAKA4,大分県,1434,LIAR,大分県,2388,46NEKO,大分県
Resort Anthem,ALBIDA,961,HATM-R,大分県,1725,TAKA.4,大分県,2959,CHINO,大分県
Resort Anthem,Aegis,577,LOAM,大分県,1091,AKO,大分県,2335,CHINO,大分県
Lincle,陽炎,602,NOOB,大分県,1043,OKOVIC,大分県,1980,46NEKO,大分県
Lincle,衰色小町メランコリア,756,MURA,大分県,1349,LIAR,大分県,2355,46NEKO,大分県
Lincle,蛇神,686,MURA,大分県,1398,BLYTHE,大分県,2778,CHINO,大分県
Lincle,聖人の塔,793,5MAKA4,大分県,1798,MINA,大分県,2944,CHINO,大分県
Lincle,突撃!ガラスのニーソ姫!,614,0K1T43,大分県,1133,LIAR,大分県,2073,MIACH,大分県
Lincle,恋する☆宇宙戦争っ！！,864,5MAKA4,大分県,1723,LIAR,大分県,3472,K-JET.,大分県
Lincle,子供の落書き帳,886,LIAR,大分県,1634,TAKA.4,大分県,2608,CHINO,大分県
Lincle,天空の夜明け,1303,LIAR,大分県,2047,LILITH,大分県,3929,CHINO,大分県
Lincle,君のハートにロックオン,648,5MAKA4,大分県,1521,MIKE,大分県,2647,CHINO,大分県
Lincle,ユミル,657,4J1NB0,大分県,1288,VISS,大分県,2808,46NEKO,大分県
Lincle,ビューティフルレシート,389,N-ARU,大分県,1142,BLYTHE,大分県,1914,K-JET.,大分県
Lincle,Yellow Sunrise,681,5MAKA4,大分県,1291,LIESE,大分県,2276,CHINO,大分県
Lincle,yellow head joe,517,G.M,大分県,1115,PLAN.B,大分県,2241,N-JET.,大分県
Lincle,YAKSHA,1154,MURA,大分県,2288,MIACH,大分県,3863,CHINO,大分県
Lincle,WONDER WALKER,635,MATR,大分県,1771,LIAR,大分県,3740,CHINO,大分県
Lincle,Voxane,556,5MAKA4,大分県,1173,LIAR,大分県,1716,4J1NB0,大分県
Lincle,Todestrieb,939,ATRIUM,大分県,1884,MIACH,大分県,3424,CHINO,大分県
Lincle,TITANS RETURN,561,5MAKA4,大分県,1392,BLYTHE,大分県,2455,K-JET.,大分県
Lincle,Thunderbolt,859,ATRIUM,大分県,1746,LIAR,大分県,3716,46NEKO,大分県
Lincle,The Sampling Paradise,680,YA-BOI,大分県,1662,VP2,大分県,3008,CHINO,大分県
Lincle,The Limbo,1069,5MAKA4,大分県,1942,MIACH,大分県,3251,46NEKO,大分県
Lincle,Star Trail,581,MURA,大分県,1046,MURA,大分県,1831,N-JET.,大分県
Lincle,Snow Goose,249,HIMARI,大分県,1285,LIAR,大分県,2389,N-JET.,大分県
Lincle,Snake Stick,955,MURA,大分県,1964,MIACH,大分県,2703,CHINO,大分県
Lincle,SHADE,1047,TAKA.4,大分県,2024,N-JET.,大分県,2890,46NEKO,大分県
Lincle,Several Words,611,LIAR,大分県,1357,LIAR,大分県,2152,N-JET.,大分県
Lincle,Scharfrichter,717,5MAKA4,大分県,1550,LIAR,大分県,2845,K-JET.,大分県
Lincle,SA.YO.NA.RA. SUPER STAR,406,LR177L,大分県,1156,BLYTHE,大分県,1674,K-JET.,大分県
Lincle,Round and Round,727,5MAKA4,大分県,1106,MURA,大分県,2151,CHINO,大分県
Lincle,RESISTANCE,340,GANDAM,大分県,1173,MURA,大分県,2348,46NEKO,大分県
Lincle,Release The Music,822,LIAR,大分県,1351,LIAR,大分県,2096,46NEKO,大分県
Lincle,Quick Silver,691,C-FOOD,大分県,1746,NATAKU,大分県,2663,CHINO,大分県
Lincle,quaver♪,658,Y-CHAN,大分県,2023,KEMI*,大分県,3417,CHINO,大分県
Lincle,QUANTUM TELEPORTATION†,0,,未設定,0,,未設定,3589,CHINO,大分県
Lincle,QUANTUM TELEPORTATION,1283,LIAR,大分県,1931,ROBIN,大分県,2880,KOKURI,大分県
Lincle,prompt,887,5MAKA4,大分県,1482,KEMI*,大分県,2759,K-JET.,大分県
Lincle,Phoenix,746,5MAKA4,大分県,1098,MURA,大分県,2453,N-JET.,大分県
Lincle,NNRT,1092,5MAKA4,大分県,2416,MIACH,大分県,3459,K-JET.,大分県
Lincle,Miami Sunset Drive,582,MURA,大分県,543,F,大分県,1647,K-JET.,大分県
Lincle,Mermaid girl-秋葉工房 MIX-,557,G.M,大分県,1222,MURA,大分県,2049,WAROTA,大分県
Lincle,Lucky Days,608,PLAN.B,大分県,1443,KEMI*,大分県,2170,N-JET.,大分県
Lincle,LOVE B.B.B,683,IZM238,大分県,1243,IZM238,大分県,2008,K-JET.,大分県
Lincle,Liquid Crystal Girl feat. echo,396,IZM238,大分県,1016,MURA,大分県,2008,CHINO,大分県
Lincle,LETHEBOLG ～双神威に斬り咲けり～,368,LOCKER,大分県,1541,LIAR,大分県,2174,46NEKO,大分県
Lincle,LAX5 feat.Ryota Yoshinari,1056,LIAR,大分県,2048,LIAR,大分県,2783,4J1NB0,大分県
Lincle,Infinite cave,972,LIAR,大分県,1379,BLYTHE,大分県,2053,CHINO,大分県
Lincle,In the Blackest Den,767,MURA,大分県,1395,LIAR,大分県,2504,N-JET.,大分県
Lincle,I'm so Happy,412,0K1T43,大分県,1333,LIAR,大分県,2333,N-JET.,大分県
Lincle,HAERETICUS,767,5MAKA4,大分県,1774,NOOB,大分県,3001,CHINO,大分県
Lincle,Follow Tomorrow,907,4J1NB0,大分県,1425,LIAR,大分県,2252,46NEKO,大分県
Lincle,Flip Flap,523,5MAKA4,大分県,1138,GREAT.,大分県,2209,N-JET.,大分県
Lincle,fffff,789,0K1T43,大分県,2056,N-JET.,大分県,3052,N-JET.,大分県
Lincle,Far east nightbird,327,REMI,大分県,1021,S.DVL7,大分県,2025,CHINO,大分県
Lincle,F,973,Y-CHAN,大分県,2119,N-JET.,大分県,3523,CHINO,大分県
Lincle,Express Emotion,726,ELIO,大分県,984,KUMA,大分県,2483,N-JET.,大分県
Lincle,Drive Me Crazy,677,MURA,大分県,1297,TAKE*M,大分県,2291,CHINO,大分県
Lincle,DIAVOLO,1248,LIAR,大分県,1667,PE6RI7,大分県,3070,TIKUWA,大分県
Lincle,Change the World,590,HIKARI,大分県,1274,MURA,大分県,1831,46NEKO,大分県
Lincle,Castle on the Moon,592,5MAKA4,大分県,1524,LIAR,大分県,2369,46NEKO,大分県
Lincle,CALL,347,C-FOOD,大分県,771,RIRCHU,大分県,1443,K-JET.,大分県
Lincle,BLACK.by X-Cross Fade,1017,WANDA3,大分県,2111,K-JET.,大分県,3308,CHINO,大分県
Lincle,ANAGRAMS I to Y,831,5MAKA4,大分県,1611,LIAR,大分県,2462,4J1NB0,大分県
Lincle,Almace,323,TOAD,大分県,1214,FE,大分県,1974,N-JET.,大分県
Lincle,532nm,396,G.M,大分県,1201,LIAR,大分県,2632,46NEKO,大分県
Lincle,24th Century BOY,585,SHION,大分県,1939,4J1NB0,大分県,2831,46NEKO,大分県
tricoro,龍と少女とデコヒーレンス†,0,,未設定,0,,未設定,3305,46NEKO,大分県
tricoro,龍と少女とデコヒーレンス,720,KINOKO,大分県,1442,LIAR,大分県,2971,N-JET.,大分県
tricoro,音楽,778,J,大分県,1920,KOKURI,大分県,2688,K-JET.,大分県
tricoro,狂イ咲ケ焔ノ華,1190,LIAR,大分県,2257,LIAR,大分県,3542,46NEKO,大分県
tricoro,梅雪夜,617,HIKARU,大分県,1375,LIAR,大分県,2123,46NEKO,大分県
tricoro,朧†,0,,未設定,0,,未設定,2513,N-JET.,大分県
tricoro,朧,751,0K1T43,大分県,1445,LIAR,大分県,2104,46NEKO,大分県
tricoro,即席！脳直★ミュージックシステム,898,5MAKA4,大分県,1772,LIAR,大分県,3538,CHINO,大分県
tricoro,創世ノート,609,F,大分県,1739,VP2,大分県,2931,K-JET.,大分県
tricoro,仮想空間の旅人たち†,0,,未設定,0,,未設定,3781,46NEKO,大分県
tricoro,仮想空間の旅人たち,1133,LIAR,大分県,2086,NATAKU,大分県,2851,46NEKO,大分県
tricoro,下弦の月,865,5MAKA4,大分県,1389,LIAR,大分県,1979,N-JET.,大分県
tricoro,ラキラキ,632,LIAR,大分県,1328,BLYTHE,大分県,1962,N-JET.,大分県
tricoro,メイメツ、フラグメンツ,630,LIAR,大分県,1240,LIAR,大分県,1942,46NEKO,大分県
tricoro,トリカゴノ鳳凰,823,SUSHI,大分県,1922,VP2,大分県,3730,CHINO,大分県
tricoro,シュレーディンガーの猫,1092,LIAR,大分県,2196,SQ-86,大分県,3390,CHINO,大分県
tricoro,キャトられ恋はモ～モク,1483,4J1NB0,大分県,2386,SIRINO,大分県,3731,K-JET.,大分県
tricoro,カジノファイヤーことみちゃん,385,SPOON*,大分県,1265,LIAR,大分県,2316,K-JET.,大分県
tricoro,アストライアの双皿,659,LIAR,大分県,1902,VP2,大分県,3061,K-JET.,大分県
tricoro,たまゆら,1128,LIAR,大分県,1752,SQ-86,大分県,2748,CHINO,大分県
tricoro,お米の美味しい炊き方、そしてお米を食べることによるその効果。,645,KINOKO,大分県,1422,LIAR,大分県,2147,4J1NB0,大分県
tricoro,†渚の小悪魔ラヴリィ～レイディオ†(IIDX EDIT),510,MURA,大分県,1578,BLYTHE,大分県,3564,CHINO,大分県
tricoro,ΕΛΠΙΣ,1027,ISLAND,大分県,1874,LILITH,大分県,3090,46NEKO,大分県
tricoro,Zirkfied,883,MURA,大分県,1873,NOOB,大分県,3676,N-JET.,大分県
tricoro,ZED,649,KMNUKO,大分県,1617,LIAR,大分県,2719,4J1NB0,大分県
tricoro,YELLOW FROG from Steel Chronicle,331,GANDAM,大分県,1178,LIESE,大分県,1912,CHINO,大分県
tricoro,VEGA,1009,IZM238,大分県,1884,VP2,大分県,3075,N-JET.,大分県
tricoro,VALLIS-NERIA,1166,LIAR,大分県,1907,LIAR,大分県,2887,K-JET.,大分県
tricoro,Valanga,1264,LIAR,大分県,2112,MIACH,大分県,3245,CHINO,大分県
tricoro,True Blue,800,KINOKO,大分県,2415,SOKI,大分県,3710,46NEKO,大分県
tricoro,To my star,559,5MAKA4,大分県,1206,LIAR,大分県,1736,K-JET.,大分県
tricoro,Timepiece phase II (CN Ver.),946,LIAR,大分県,1928,N-JET.,大分県,2862,N-JET.,大分県
tricoro,Timepiece phase II,740,KEN,大分県,1939,LILITH,大分県,3174,CHINO,大分県
tricoro,Time To Empress,917,4J1NB0,大分県,1918,!,大分県,2608,N-JET.,大分県
tricoro,Thor's Hammer,729,T.M,大分県,1700,HOWLS,大分県,2915,K-JET.,大分県
tricoro,Take My Life,846,5MAKA4,大分県,1534,LIAR,大分県,2888,N-JET.,大分県
tricoro,Synergy For Angels,917,4J1NB0,大分県,1584,FKHR,大分県,2745,46NEKO,大分県
tricoro,SYNC-ANTHEM,630,T.M,大分県,2442,!,大分県,3596,K-JET.,大分県
tricoro,STULTI,594,KINOKO,大分県,1411,BLYTHE,大分県,2705,CHINO,大分県
tricoro,Sol Cosine Job 2,1017,RIRCHU,大分県,1621,VP2,大分県,3099,CHINO,大分県
tricoro,SHION,632,5MAKA4,大分県,1266,V!NT,大分県,2675,N-JET.,大分県
tricoro,Shining World,833,JJ,大分県,1527,LIAR,大分県,1938,46NEKO,大分県
tricoro,Saturn,1030,MURA,大分県,1754,BLYTHE,大分県,2591,CHINO,大分県
tricoro,S!ck,785,5MAKA4,大分県,1470,LIAR,大分県,2680,CHINO,大分県
tricoro,rumrum triplets,680,T.M,大分県,1858,VP2,大分県,2979,CHINO,大分県
tricoro,Re:GENERATION,786,MURA,大分県,1464,LIAR,大分県,2234,N-JET.,大分県
tricoro,Rainbow after snow,736,4J1NB0,大分県,1409,LIAR,大分県,2152,K-JET.,大分県
tricoro,Proof of the existence,1033,KDOA,大分県,2092,N-JET.,大分県,3137,46NEKO,大分県
tricoro,Praludium,674,LIAR,大分県,1241,RIRCHU,大分県,2250,N-JET.,大分県
tricoro,POINT ZERO,631,5MAKA4,大分県,1070,POOPOO,大分県,2052,4J1NB0,大分県
tricoro,planarian,689,LIAR,大分県,1608,LIAR,大分県,2528,46NEKO,大分県
tricoro,Plan 8,1137,LIAR,大分県,1962,NAWONE,大分県,3078,CHINO,大分県
tricoro,New Lights,901,MURA,大分県,1744,K-JET.,大分県,2434,K-JET.,大分県
tricoro,New Decade IIDX Edition,594,TORI10,大分県,1760,BLYTHE,大分県,2955,N-JET.,大分県
tricoro,neu,980,N-JET.,大分県,2080,PUNICO,大分県,3856,K-JET.,大分県
tricoro,Neonlights,464,ISLAND,大分県,1427,LIESE,大分県,2189,46NEKO,大分県
tricoro,mnemoniq,509,LIAR,大分県,826,J,大分県,1298,4J1NB0,大分県
tricoro,LUV CAN SAVE U†,0,,未設定,0,,未設定,2756,N-JET.,大分県
tricoro,LUV CAN SAVE U,555,LIAR,大分県,1366,KEMI*,大分県,2116,46NEKO,大分県
tricoro,Little Star,896,5MAKA4,大分県,1665,LIAR,大分県,3140,K-JET.,大分県
tricoro,Light and Cyber…,945,5MAKA4,大分県,1880,VP2,大分県,3079,N-JET.,大分県
tricoro,Liberation,1507,4J1NB0,大分県,2358,4J1NB0,大分県,3667,N-JET.,大分県
tricoro,JOMANDA,999,MURA,大分県,2102,MINA,大分県,3637,CHINO,大分県
tricoro,In Heaven,683,PLAN.B,大分県,1389,FKHR,大分県,2129,CHINO,大分県
tricoro,Illegal Function Call,589,F,大分県,1786,4J1NB0,大分県,2572,N-JET.,大分県
tricoro,ILIAS,346,TORI10,大分県,993,KINOKO,大分県,2184,46NEKO,大分県
tricoro,I know You know,592,LIAR,大分県,999,ISM,大分県,1840,4J1NB0,大分県
tricoro,Howling†,0,,未設定,0,,未設定,2580,K-JET.,大分県
tricoro,Howling,533,LIAR,大分県,1316,LIAR,大分県,2098,46NEKO,大分県
tricoro,Hollywood Galaxy,841,T.M,大分県,1856,KILA**,大分県,2667,N-JET.,大分県
tricoro,GRADIUS 2012,741,NGKAWA,大分県,1465,J,大分県,2639,4J1NB0,大分県
tricoro,GAIA,811,IZM238,大分県,1906,0K1T43,大分県,3273,CHINO,大分県
tricoro,Fly you to the star,766,LIAR,大分県,1528,LIAR,大分県,2258,N-JET.,大分県
tricoro,FLOWER,1064,LIAR,大分県,1694,LIAR,大分県,2853,CHINO,大分県
tricoro,examination leave,802,MATR,大分県,1563,ISLAND,大分県,3364,CHINO,大分県
tricoro,Elemental Creation,1408,LIAR,大分県,2232,PIYO*,大分県,4040,N-JET.,大分県
tricoro,Devilz Staircase,650,4J1NB0,大分県,1891,VP2,大分県,3228,CHINO,大分県
tricoro,DAY DREAM,538,WAROTA,大分県,1293,K-JET.,大分県,1963,CHINO,大分県
tricoro,Cookie Bouquets,685,KINOKO,大分県,1952,MA,大分県,3398,CHINO,大分県
tricoro,connective,237,MRYUT,大分県,1020,RIRCHU,大分県,1577,46NEKO,大分県
tricoro,Confiserie,778,KINOKO,大分県,1951,VP2,大分県,3419,CHINO,大分県
tricoro,CONCEPTUAL,728,5MAKA4,大分県,1271,LIAR,大分県,2662,N-JET.,大分県
tricoro,BRAVE GLOW,724,5MAKA4,大分県,1550,LIAR,大分県,2498,46NEKO,大分県
tricoro,BLUE STRAGGLER,476,SHU,大分県,1159,ISLAND,大分県,2560,46NEKO,大分県
tricoro,Beastie Starter,511,LIAR,大分県,1006,ISLAND,大分県,2107,K-JET.,大分県
tricoro,Ascalon,592,F,大分県,1415,IZM238,大分県,2291,K-JET.,大分県
tricoro,8bit Princess,493,KIRIKO,大分県,1249,ISM,大分県,2617,CHINO,大分県
tricoro,405nm (Ryu☆mix),863,0K1T43,大分県,1622,VP2,大分県,2537,N-JET.,大分県
SPADA,轟け！恋のビーンボール！！,940,MURCAT,大分県,1825,KILA**,大分県,3489,CHINO,大分県
SPADA,超!!遠距離らぶメ～ル,287,KIUE,大分県,1404,RIRCHU,大分県,2604,WAROTA,大分県
SPADA,罪と罰,989,C4RTI5,大分県,1317,LIAR,大分県,2141,CHINO,大分県
SPADA,疾風迅雷†LEGGENDARIA,0,,未設定,0,,未設定,3258,K-JET.,大分県
SPADA,疾風迅雷,669,*KSRG*,大分県,2104,CHINO,大分県,2846,K-JET.,大分県
SPADA,牧神笛吹きて,728,MIACH,大分県,979,3GOUKI,大分県,2055,CHINO,大分県
SPADA,煉獄のエルフェリア,1195,IZM238,大分県,2128,KILA**,大分県,3767,CHINO,大分県
SPADA,海神,1098,LIAR,大分県,1963,NATAKU,大分県,3155,CHINO,大分県
SPADA,旋律のドグマ～Miserables～,983,SATUKI,大分県,2322,LIAR,大分県,3897,CHINO,大分県
SPADA,廿†,0,,未設定,0,,未設定,3291,CHINO,大分県
SPADA,廿,642,T.M,大分県,1377,NIBOSI,大分県,2367,CHINO,大分県
SPADA,幻想系世界修復少女,587,5MAKA4,大分県,1104,LIAR,大分県,1958,WAROTA,大分県
SPADA,バンブーソード・ガール,799,T.M,大分県,1626,TAKA.4,大分県,2406,46NEKO,大分県
SPADA,デッドボヲルdeホームラン,364,GANDAM,大分県,1475,BLYTHE,大分県,2675,4J1NB0,大分県
SPADA,アルストロメリア,789,KINOKO,大分県,1470,KEMI*,大分県,2434,WAROTA,大分県
SPADA,お願いアインシュタイン,721,T.M,大分県,1480,WAROTA,大分県,2111,46NEKO,大分県
SPADA,Wonder Girl feat. Kanae Asaba,659,5MAKA4,大分県,1111,E.M.C,大分県,2772,46NEKO,大分県
SPADA,VOX UP,1390,DDR,大分県,2831,N-JET.,大分県,3562,CHINO,大分県
SPADA,Verflucht†LEGGENDARIA,0,,未設定,0,,未設定,4516,TIKUWA,大分県
SPADA,Verflucht,1100,IZM238,大分県,2016,FIES,大分県,3497,N-JET.,大分県
SPADA,Valgus,600,5MAKA4,大分県,1234,LIAR,大分県,2333,K-JET.,大分県
SPADA,Unicorn tail,627,T.M,大分県,1970,LIAR,大分県,3088,K-JET.,大分県
SPADA,THE DETONATOR,1655,4J1NB0,大分県,2239,TAKA.4,大分県,3166,46NEKO,大分県
SPADA,Squeeze,630,KINOKO,大分県,1369,LIAR,大分県,2469,CHINO,大分県
SPADA,Sigmund†LEGGENDARIA,0,,未設定,0,,未設定,4043,K-JET.,大分県
SPADA,Sigmund,1562,4J1NB0,大分県,2183,PUNICO,大分県,3777,CHINO,大分県
SPADA,SCHWARZSCHILD FIELD,842,MURA,大分県,1429,BLYTHE,大分県,2328,K-JET.,大分県
SPADA,RIZING YOU UP,962,5MAKA4,大分県,2002,LIAR,大分県,2564,CHINO,大分県
SPADA,RISE,808,5MAKA4,大分県,1305,NOOB,大分県,1837,K-JET.,大分県
SPADA,refractive index,741,4J1NB0,大分県,1380,LIAR,大分県,2670,CHINO,大分県
SPADA,Recollection,1189,4J1NB0,大分県,1747,4J1NB0,大分県,2222,CHINO,大分県
SPADA,rainbow guitar weeps,671,KIRIKO,大分県,1693,BLYTHE,大分県,2724,CHINO,大分県
SPADA,ra'am,1231,N-JET.,大分県,1662,0K1T43,大分県,2785,CHINO,大分県
SPADA,PUNISHER,983,5MAKA4,大分県,1925,BLYTHE,大分県,3523,46NEKO,大分県
SPADA,Pharaoh,648,4J1NB0,大分県,1270,KEMI*,大分県,2436,CHINO,大分県
SPADA,Overload Frontier,361,MIN,大分県,1848,4J1NB0,大分県,2545,K-JET.,大分県
SPADA,Odin,743,LIAR,大分県,1041,5MAKA4,大分県,2036,4J1NB0,大分県
SPADA,NPC World,343,ZEKU,大分県,1470,LIAR,大分県,2287,CHINO,大分県
SPADA,Miracle 5ympho X,707,TAKE*M,大分県,1259,LIAR,大分県,2620,CHINO,大分県
SPADA,MAGIC & LOVE,687,G.M,大分県,1754,LIAR,大分県,2923,CHINO,大分県
SPADA,MAD ATTACK,691,4J1NB0,大分県,817,KINOKO,大分県,1949,CHINO,大分県
SPADA,m1dy Deluxe,940,KOMO,大分県,1850,CHOCOA,大分県,2502,K-JET.,大分県
SPADA,M.D.Injection,530,PUD1NG,大分県,1142,NO.11,大分県,2378,N-JET.,大分県
SPADA,Lighting Shower,707,IZM238,大分県,1163,S.TORA,大分県,2370,N-JET.,大分県
SPADA,Last Dance,1009,J,大分県,1870,NOOB,大分県,3166,46NEKO,大分県
SPADA,LA FESTA LA VITA!!,709,5MAKA4,大分県,1663,BLYTHE,大分県,2896,CHINO,大分県
SPADA,KHAMEN BREAK,367,SHU,大分県,1329,DDR,大分県,2475,46NEKO,大分県
SPADA,KAISER PHOENIX,1214,KEMI*,大分県,2023,KEN,大分県,3232,CHINO,大分県
SPADA,IX,1240,LIAR,大分県,2409,K-JET.,大分県,3735,CHINO,大分県
SPADA,invoker†LEGGENDARIA,0,,未設定,0,,未設定,3447,N-JET.,大分県
SPADA,invoker,807,JJ,大分県,1865,PUNICO,大分県,3137,46NEKO,大分県
SPADA,into the battlefield,726,LIAR,大分県,1386,LIAR,大分県,2366,K-JET.,大分県
SPADA,INSOMNIA,755,5MAKA4,大分県,1836,4J1NB0,大分県,3187,CHINO,大分県
SPADA,Insane Techniques,426,SHU,大分県,1170,LILITH,大分県,2447,46NEKO,大分県
SPADA,Immortal,509,SPOON*,大分県,1584,BLYTHE,大分県,3115,CHINO,大分県
SPADA,Idola,910,ATRIUM,大分県,2196,KOKURI,大分県,3551,46NEKO,大分県
SPADA,I will be back -オレは帰ってきた-,996,LIAR,大分県,1773,A-RU*2,大分県,2885,N-JET.,大分県
SPADA,Hypersonik,897,IZM238,大分県,1449,IZM238,大分県,2518,CHINO,大分県
SPADA,HYENA,894,KOMO,大分県,1810,BLYTHE,大分県,2810,46NEKO,大分県
SPADA,Funny shuffle,433,ALICE,大分県,1055,KEMI*,大分県,2268,K-JET.,大分県
SPADA,Feel The Beat†LEGGENDARIA,0,,未設定,0,,未設定,4197,CHINO,大分県
SPADA,Feel The Beat,1239,LIAR,大分県,2006,NOOB,大分県,3502,46NEKO,大分県
SPADA,EXTREME MACH COLLIDER,583,AA,大分県,1347,LIAR,大分県,2536,46NEKO,大分県
SPADA,Engraved Mark,784,LIAR,大分県,1280,NOOB,大分県,2356,N-JET.,大分県
SPADA,Element of SPADA,698,4J1NB0,大分県,1284,BLYTHE,大分県,2087,CHINO,大分県
SPADA,Elektrick U-Phoria,924,KOMO,大分県,1849,LIAR,大分県,3076,CHINO,大分県
SPADA,diagram,596,0K1T43,大分県,1235,LIAR,大分県,2812,K-JET.,大分県
SPADA,Devilz Sacrifice -贖罪の羊-,0,,未設定,1607,BLYTHE,大分県,2453,K-JET.,大分県
SPADA,DARK LEGACY,1159,5MAKA4,大分県,1934,NOOB,大分県,3542,CHINO,大分県
SPADA,Dark Fall,528,MATR,大分県,1380,LIAR,大分県,2691,K-JET.,大分県
SPADA,Critical Crystal,781,N-ARU,大分県,1850,4J1NB0,大分県,2873,K-JET.,大分県
SPADA,Close the World feat.a☆ru†LEGGENDARIA,0,,未設定,0,,未設定,3729,K-JET.,大分県
SPADA,Close the World feat. a☆ru,1094,LIAR,大分県,2013,PIYO*,大分県,3357,CHINO,大分県
SPADA,Cleopatrysm,718,5MAKA4,大分県,1349,LIAR,大分県,2515,4J1NB0,大分県
SPADA,Claiomh Solais,324,MA,大分県,1424,4J1NB0,大分県,2093,CHINO,大分県
SPADA,BRAVE OUT,917,S.TORA,大分県,1434,RIRCHU,大分県,2144,46NEKO,大分県
SPADA,BRAINSTORM,623,IZM238,大分県,1856,NAWONE,大分県,2779,CHINO,大分県
SPADA,BLUE DRAGON(雷龍RemixIIDX),1437,DDR,大分県,2098,LIAR,大分県,3284,K-JET.,大分県
SPADA,Atropos,985,K,大分県,1555,NOOB,大分県,2296,K-JET.,大分県
SPADA,ATHER,847,KINOKO,大分県,1509,VP2,大分県,2777,K-JET.,大分県
SPADA,Ancient Scapes†LEGGENDARIA,0,,未設定,0,,未設定,4132,K-JET.,大分県
SPADA,Ancient Scapes,1049,3GOUKI,大分県,1888,FIES,大分県,3455,46NEKO,大分県
SPADA,ALBA -黎明-,487,SAKURA,大分県,1439,LIAR,大分県,3228,CHINO,大分県
SPADA,Adularia,677,YA-BOI,大分県,1788,MIACH,大分県,2818,CHINO,大分県
PENDUAL,Ｘ↑Ｘ↓,730,HATM-R,大分県,1629,LIAR,大分県,2861,46NEKO,大分県
PENDUAL,鬼天,578,SPOON*,大分県,1675,CHINO,大分県,2379,K-JET.,大分県
PENDUAL,超青少年ノ為ノ超多幸ナ超古典的超舞曲†,0,,未設定,0,,未設定,4010,46NEKO,大分県
PENDUAL,超青少年ノ為ノ超多幸ナ超古典的超舞曲,1042,WAROTA,大分県,1897,KILA**,大分県,2671,46NEKO,大分県
PENDUAL,表裏一体！？怪盗いいんちょの悩み,1106,LIAR,大分県,1972,LIAR,大分県,3494,N-JET.,大分県
PENDUAL,紅牡丹,836,JJ,大分県,1709,NOOB,大分県,2850,CHINO,大分県
PENDUAL,白露の風,476,4J1NB0,大分県,1043,ISLAND,大分県,2013,K-JET.,大分県
PENDUAL,時空トラベローグ,897,5MAKA4,大分県,1702,KEMI*,大分県,2607,N-JET.,大分県
PENDUAL,打打打打打打打打打打,788,LIAR,大分県,1282,LIAR,大分県,2617,N-JET.,大分県
PENDUAL,恋は白帯、サンシロー†,0,,未設定,0,,未設定,2729,K-JET.,大分県
PENDUAL,恋は白帯、サンシロー,743,4J1NB0,大分県,1250,RIRCHU,大分県,2008,46NEKO,大分県
PENDUAL,少年は空を辿る,988,IZM238,大分県,1862,VP2,大分県,3288,CHINO,大分県
PENDUAL,妖隠し -あやかしかくし-,914,VP2,大分県,1588,KOKURI,大分県,2179,CHINO,大分県
PENDUAL,夏色DIARY - L.E.D.-G STYLE MIX -,763,HSU,大分県,1645,LIAR,大分県,3085,CHINO,大分県
PENDUAL,取り残された美術(Arranged:HiZuMi),890,RIRCHU,大分県,1619,LIAR,大分県,2185,46NEKO,大分県
PENDUAL,千年ノ理,1190,46NEKO,大分県,1817,TAKA.4,大分県,3162,CHINO,大分県
PENDUAL,十六夜セツナ,885,PLAN.B,大分県,1618,4J1NB0,大分県,2215,N-JET.,大分県
PENDUAL,共鳴遊戯の華,1075,5MAKA4,大分県,2201,VP2,大分県,3741,N-JET.,大分県
PENDUAL,リリーゼと炎龍レーヴァテイン,920,SAMMYK,大分県,2127,KILA**,大分県,3413,CHINO,大分県
PENDUAL,ベィスドロップ・フリークス,586,5MAKA4,大分県,1140,KUMA,大分県,2226,N-JET.,大分県
PENDUAL,パ→ピ→プ→Yeah!,930,RIRCHU,大分県,1563,46NEKO,大分県,2519,N-JET.,大分県
PENDUAL,ドッキン☆サマーあばんちゅーる,794,S.DVL7,大分県,1655,MOCHI,大分県,2840,CHINO,大分県
PENDUAL,もっと！モット！ときめき feat. 松下,637,KOUJYE,大分県,1981,N-JET.,大分県,2639,4J1NB0,大分県
PENDUAL,ぷろぐれっしぶ時空少女！うらしまたろ子ちゃん！,759,IZM238,大分県,1150,PLAN.B,大分県,2497,K-JET.,大分県
PENDUAL,とろぴかる倶楽部,854,CHINO,大分県,1347,LIAR,大分県,2279,CHINO,大分県
PENDUAL,それは花火のような恋,1246,LIAR,大分県,2476,MIACH,大分県,3820,CHINO,大分県
PENDUAL,ZZ,1165,RIRCHU,大分県,1900,KILA**,大分県,3005,CHINO,大分県
PENDUAL,We're so Happy (P*Light Remix) IIDX ver.,1157,AGE,大分県,2113,LIAR,大分県,3608,K-JET.,大分県
PENDUAL,Vulkan,746,KINOKO,大分県,1917,LIAR,大分県,2994,CHINO,大分県
PENDUAL,TOXIC VIBRATION,1625,4J1NB0,大分県,2275,KILA**,大分県,3703,CHINO,大分県
PENDUAL,TIEFSEE,1264,LIAR,大分県,1903,VP2,大分県,3409,46NEKO,大分県
PENDUAL,The Least 100sec,693,5MAKA4,大分県,1310,TAKA.4,大分県,2862,K-JET.,大分県
PENDUAL,TA・DA ☆ YO・SHI,1084,LIAR,大分県,1646,NATAKU,大分県,2286,N-JET.,大分県
PENDUAL,Symmetry,1099,LIAR,大分県,2098,N-JET.,大分県,3239,CHINO,大分県
PENDUAL,Sweet Radar,660,DRONYA,大分県,1263,ISLAND,大分県,2013,46NEKO,大分県
PENDUAL,SpaceLand☆TOYBOX,790,KINOKO,大分県,1525,B3N1T4,大分県,2886,N-JET.,大分県
PENDUAL,Sounds Of Summer,918,Y.,大分県,1972,LIAR,大分県,2980,CHINO,大分県
PENDUAL,Shooting Fireball,795,ATRIUM,大分県,2115,VP2,大分県,3819,46NEKO,大分県
PENDUAL,Scars of FAUNA,590,T.M,大分県,1461,MOCHI,大分県,2882,CHINO,大分県
PENDUAL,Scarlet Moon,839,KINOKO,大分県,1691,BLYTHE,大分県,2740,CHINO,大分県
PENDUAL,Say YEEEAHH,981,5MAKA4,大分県,1775,GODA-T,大分県,3247,CHINO,大分県
PENDUAL,SAMSARA,819,LIAR,大分県,1330,LIAR,大分県,2030,46NEKO,大分県
PENDUAL,Sakura Mirage,798,LR177L,大分県,1264,NOOB,大分県,2332,CHINO,大分県
PENDUAL,Reflux,620,TK2K,大分県,1591,CHOCOA,大分県,3009,CHINO,大分県
PENDUAL,Realize Maze,1226,NOOB,大分県,1952,NOOB,大分県,2950,46NEKO,大分県
PENDUAL,Rave*it!! Rave*it!!,506,AA,大分県,1555,VP2,大分県,3194,CHINO,大分県
PENDUAL,Rave Saves You feat. Cardz (Exclusive IIDX Mix),465,HIKARI,大分県,1399,LIAR,大分県,2269,N-JET.,大分県
PENDUAL,PENDUAL TALISMAN,781,N-ARU,大分県,1484,C-FOOD,大分県,2592,46NEKO,大分県
PENDUAL,On My Wings(Hardstyle IIDX),762,5MAKA4,大分県,1175,LIESE,大分県,1975,46NEKO,大分県
PENDUAL,No Tears,834,NIBOSI,大分県,1834,RIRCHU,大分県,2497,46NEKO,大分県
PENDUAL,Night sky,1111,BUNTU!,大分県,1850,YOLO,大分県,2898,CHINO,大分県
PENDUAL,NEO GENERATOR SEVEN,776,5MAKA4,大分県,1743,KEMI*,大分県,3281,CHINO,大分県
PENDUAL,Monopole.,791,LIAR,大分県,1501,ERIS,大分県,3252,CHINO,大分県
PENDUAL,m1dy Festival,877,5MAKA4,大分県,1451,NGKAWA,大分県,2474,CHINO,大分県
PENDUAL,Line 4 Ruin,598,ISM,大分県,1707,LIAR,大分県,2771,N-JET.,大分県
PENDUAL,IXION,935,5MAKA4,大分県,1660,LILITH,大分県,2162,CHINO,大分県
PENDUAL,Invitation from Mr.C,895,5MAKA4,大分県,1484,9LOE.L,大分県,2716,CHINO,大分県
PENDUAL,In The Breeze,474,LR177L,大分県,1056,KEMI*,大分県,1726,4J1NB0,大分県
PENDUAL,IMPLANTATION,592,KUMA,大分県,1673,N-JET.,大分県,2271,CHINO,大分県
PENDUAL,illuminate,566,5MAKA4,大分県,1381,LIAR,大分県,2299,CHINO,大分県
PENDUAL,Hello Happiness,591,T.M,大分県,1481,BLYTHE,大分県,2302,K-JET.,大分県
PENDUAL,HELL SCAPER -Last Escape Remix-,735,KINOKO,大分県,1784,K-JET.,大分県,2822,46NEKO,大分県
PENDUAL,GUILTY,0,,未設定,999,5MAKA4,大分県,1886,N-JET.,大分県
PENDUAL,Gravigazer,805,Y-CHAN,大分県,1843,MIACH,大分県,2948,46NEKO,大分県
PENDUAL,Flashes,889,KNNRIM,大分県,1675,KNNRIM,大分県,3291,CHINO,大分県
PENDUAL,FANTASTIC THREE,1330,LIAR,大分県,2100,NATAKU,大分県,3159,CHINO,大分県
PENDUAL,fallen leaves -IIDX edition-,883,ATRIUM,大分県,1939,KILA**,大分県,3369,CHINO,大分県
PENDUAL,Erosion Mark,785,LIAR,大分県,1162,IZM238,大分県,2137,N-JET.,大分県
PENDUAL,entelecheia,943,ISLAND,大分県,2074,MINA,大分県,3205,K-JET.,大分県
PENDUAL,EBONY & IVORY†,0,,未設定,0,,未設定,3476,K-JET.,大分県
PENDUAL,EBONY & IVORY,733,KINOKO,大分県,1668,NATAKU,大分県,2963,CHINO,大分県
PENDUAL,Discloze,667,ATRIUM,大分県,1542,VP2,大分県,2626,CHINO,大分県
PENDUAL,Despair of ELFERIA,1252,LIAR,大分県,2273,LIAR,大分県,4017,K-JET.,大分県
PENDUAL,Cosmic Cat†,0,,未設定,0,,未設定,3167,N-JET.,大分県
PENDUAL,Cosmic Cat,896,LIAR,大分県,1564,ROBIN,大分県,2295,CHINO,大分県
PENDUAL,COLOSSEUM,524,5MAKA4,大分県,1090,ISM,大分県,2254,N-JET.,大分県
PENDUAL,cinder,792,RIRCHU,大分県,1889,TAKA.4,大分県,3035,K-JET.,大分県
PENDUAL,Chronos,750,5MAKA4,大分県,1339,CHOCOA,大分県,2312,N-JET.,大分県
PENDUAL,Chrono Diver -PENDULUMs-,1372,LIAR,大分県,2682,MATCHA,大分県,4174,TIKUWA,大分県
PENDUAL,CHRONO DIVER -NORNIR-†,0,,未設定,0,,未設定,4260,46NEKO,大分県
PENDUAL,CHRONO DIVER -NORNIR-,1160,4J1NB0,大分県,2029,BLYTHE,大分県,3075,46NEKO,大分県
PENDUAL,chrono diver -fragment-†,0,,未設定,0,,未設定,2245,K-JET.,大分県
PENDUAL,chrono diver -fragment-,685,4J1NB0,大分県,1104,ISLAND,大分県,1796,CHINO,大分県
PENDUAL,Chain of pain,358,MI,大分県,1069,KINOKO,大分県,2208,46NEKO,大分県
PENDUAL,Broken Sword,1116,MURA,大分県,1992,MINA,大分県,3679,46NEKO,大分県
PENDUAL,BLUE MIRAGE,1142,4J1NB0,大分県,1875,KILA**,大分県,3045,CHINO,大分県
PENDUAL,Blaze it UP!,725,YA-BOI,大分県,1891,4J1NB0,大分県,2931,K-JET.,大分県
PENDUAL,Beyond The Earth,1312,4J1NB0,大分県,1922,KNNRIM,大分県,3188,CHINO,大分県
PENDUAL,Beat Radiance†,0,,未設定,0,,未設定,3540,K-JET.,大分県
PENDUAL,Beat Radiance,484,MATR,大分県,1591,LIAR,大分県,2605,K-JET.,大分県
PENDUAL,Amnolys,634,T.M,大分県,1501,BLYTHE,大分県,2598,4J1NB0,大分県
PENDUAL,AFRO KNUCKLE,740,T.M,大分県,1457,KUROHA,大分県,2373,4J1NB0,大分県
PENDUAL,#The_Relentless,1023,ISLAND,大分県,1747,BLYTHE,大分県,2916,CHINO,大分県
copula,麗 ～うらら～,838,164RLT,大分県,1758,N-JET.,大分県,2600,46NEKO,大分県
copula,駅猫のワルツ,797,ELIO,大分県,2006,MIACH,大分県,2734,TIKUWA,大分県
copula,量子の海のリントヴルム,790,5MAKA4,大分県,1621,VP2,大分県,2946,46NEKO,大分県
copula,追想快晴テーマパーク,1199,LIAR,大分県,2034,KENBAN,大分県,3040,46NEKO,大分県
copula,紫陽花 -AZISAI-,1171,S.TORA,大分県,1899,LIAR,大分県,2807,K-JET.,大分県
copula,真 地獄超特急 -HELL or HELL-,1227,IZM238,大分県,2189,N-JET.,大分県,3215,CHINO,大分県
copula,炸裂！イェーガー電光チョップ！！(JAEGER FINAL ATTACK),959,HATM-R,大分県,1809,BLYTHE,大分県,2535,46NEKO,大分県
copula,灼熱 Pt.2 Long Train Running,1204,DDR,大分県,2092,CHINO,大分県,3250,CHINO,大分県
copula,朝焼けから始まるボクらの小さな旅,737,KINOKO,大分県,1535,VP2,大分県,2519,CHINO,大分県
copula,星屑ディスタンシア,443,REMI,大分県,1199,CHOCOA,大分県,2084,4J1NB0,大分県
copula,明鏡止水,512,SPOON*,大分県,1701,VP2,大分県,2711,46NEKO,大分県
copula,少女アリスと箱庭幻想コンチェルト,522,KINOKO,大分県,1351,DDR,大分県,2092,K-JET.,大分県
copula,セロトニン,745,LR177L,大分県,1772,NATAKU,大分県,2326,CHINO,大分県
copula,シュッパツシンコウ・シサカンコ,0,,未設定,1726,LIAR,大分県,2413,4J1NB0,大分県
copula,ギョギョっと人魚 爆婚ブライダル,747,5MAKA4,大分県,1381,KEMI*,大分県,2330,4J1NB0,大分県
copula,オルタネイトβ,772,5MAKA4,大分県,1349,LIAR,大分県,2238,N-JET.,大分県
copula,めいさいアイドル☆あいむちゃん♪,1403,LIAR,大分県,2103,VP2,大分県,3331,CHINO,大分県
copula,か・し・ま・し☆PUMP UP！,727,JJ,大分県,1703,WANDA3,大分県,2821,46NEKO,大分県
copula,ZEPHYRANTHES,722,KINOKO,大分県,1753,LIAR,大分県,2906,46NEKO,大分県
copula,X,1595,4J1NB0,大分県,2299,KILA**,大分県,3800,CHINO,大分県
copula,Welcome,429,TORI10,大分県,1694,LIAR,大分県,2614,N-JET.,大分県
copula,Violet Rose,978,MKOMKO,大分県,1666,BLYTHE,大分県,2577,CHINO,大分県
copula,Violet Pulse,420,4J1NB0,大分県,1524,DDR,大分県,2390,N-JET.,大分県
copula,Uh-Oh,693,S.DVL7,大分県,1400,LIMIA,大分県,2378,K-JET.,大分県
copula,Triple Counter,1260,S.TORA,大分県,2118,LIAR,大分県,3903,CHINO,大分県
copula,Transport,831,T.M,大分県,1402,LIAR,大分県,2155,CHINO,大分県
copula,Tori-no-kimochi,261,K-JET.,大分県,1019,ISM,大分県,1964,4J1NB0,大分県
copula,SURVIVOR,626,5MAKA4,大分県,1159,S.TORA,大分県,1992,46NEKO,大分県
copula,Super Duper Racers,951,4J1NB0,大分県,1479,LIAR,大分県,2373,CHINO,大分県
copula,StrayedCatz,859,S.DVL7,大分県,1852,MIACH,大分県,2817,CHINO,大分県
copula,STARLIGHT DANCEHALL†,0,,未設定,0,,未設定,3239,K-JET.,大分県
copula,STARLIGHT DANCEHALL,1049,KCHAMA,大分県,1675,LIAR,大分県,2635,CHINO,大分県
copula,STARLiGHT,577,ALICE,大分県,1664,MOCHI,大分県,2720,N-JET.,大分県
copula,SHELTER OF THE MIND,1429,4J1NB0,大分県,1912,S-CYO,大分県,2997,46NEKO,大分県
copula,Set U Free feat. Kanae Asaba,939,4J1NB0,大分県,1328,VP2,大分県,2508,N-JET.,大分県
copula,Sephirot,772,T.M,大分県,1445,LIAR,大分県,2313,N-JET.,大分県
copula,SEITEN NO TERIYAKI,611,5MAKA4,大分県,1118,POOPOO,大分県,2200,K-JET.,大分県
copula,Routing,794,5MAKA4,大分県,1480,FE,大分県,2499,CHINO,大分県
copula,Rock It,676,N-ARU,大分県,1590,LIAR,大分県,2919,46NEKO,大分県
copula,refrain,1151,C-FOOD,大分県,2060,-555-,大分県,3564,CHINO,大分県
copula,quick master (reform version),150,0K1T43,大分県,304,MURA,大分県,519,AGE,大分県
copula,POSSESSION,1356,46NEKO,大分県,2077,N-JET.,大分県,2963,CHINO,大分県
copula,OUTER LIMITS ALTERNATIVE,1171,4J1NB0,大分県,1623,LIAR,大分県,2604,4J1NB0,大分県
copula,Outbreak,1304,MINA,大分県,1773,TAKA.4,大分県,3001,CHINO,大分県
copula,On the FM,935,5MAKA4,大分県,1547,NOOB,大分県,2765,CHINO,大分県
copula,NZM,694,JJ,大分県,1551,NATAKU,大分県,3432,CHINO,大分県
copula,Nowhere,0,,未設定,1106,ISLAND,大分県,2131,4J1NB0,大分県
copula,NO LIMIT -オレ達に限界は無い-,804,NOOB,大分県,1108,MURA,大分県,2251,CHINO,大分県
copula,NINJA IS DEAD IIDX ver.,1018,S.DVL7,大分県,1795,LIAR,大分県,2986,CHINO,大分県
copula,Nightmare before oversleep,1053,Y-CHAN,大分県,1686,LIAR,大分県,2891,K-JET.,大分県
copula,NANAIRO,1060,WAROTA,大分県,1623,BLYTHE,大分県,2548,K-JET.,大分県
copula,Musik LoverZ,0,,未設定,1256,RIRCHU,大分県,2434,K-JET.,大分県
copula,M4K3 1T B0UNC3,1199,MURA,大分県,2101,46NEKO,大分県,3007,CHINO,大分県
copula,La dolce primavera,681,LIAR,大分県,1240,NTAK-L,大分県,2135,46NEKO,大分県
copula,Konzert V,998,5MAKA4,大分県,2166,KENBAN,大分県,3267,N-JET.,大分県
copula,Journey,696,PUNICO,大分県,973,5MAKA4,大分県,1857,KOKURI,大分県
copula,Inner Spirit,643,JJ,大分県,1684,LIAR,大分県,2826,CHINO,大分県
copula,Highcharge Divolt,874,LIAR,大分県,1685,S-CYO,大分県,2754,CHINO,大分県
copula,Grand Chariot,1098,LIAR,大分県,1731,VP2,大分県,3373,CHINO,大分県
copula,Godspeed,1055,AGE,大分県,1768,LIAR,大分県,3067,N-JET.,大分県
copula,GOBBLE,216,SORA,大分県,649,LIAR,大分県,1680,46NEKO,大分県
copula,Go Faraway,845,T.M,大分県,1263,IZM238,大分県,2458,46NEKO,大分県
copula,Glitch Nerds,463,T.M,大分県,1345,LIAR,大分県,2250,CHINO,大分県
copula,GET READY!!,513,SPOON*,大分県,1356,ERIS,大分県,2663,CHINO,大分県
copula,GENERATE feat.綾倉盟,932,ISM,大分県,1597,LIESE,大分県,2341,46NEKO,大分県
copula,Exchange Place,742,LIAR,大分県,1025,ISM,大分県,1793,CHINO,大分県
copula,Everlasting Last,755,KCHAMA,大分県,1603,CHOCOA,大分県,2220,46NEKO,大分県
copula,Dynamite,1168,CHOCOA,大分県,2437,CHINO,大分県,3782,CHINO,大分県
copula,Donkey Donk,1125,DDR,大分県,1507,BLYTHE,大分県,2274,CHINO,大分県
copula,do the thing feat. Kanae Asaba,563,5MAKA4,大分県,1477,CHOCOA,大分県,2321,CHINO,大分県
copula,DIAMOND CROSSING,910,LIAR,大分県,1549,KILA**,大分県,3000,N-JET.,大分県
copula,Devil's Gear,1032,LIAR,大分県,2088,SQ-86,大分県,3435,CHINO,大分県
copula,Derelict Star feat. Ryu*,1394,4J1NB0,大分県,1871,NATAKU,大分県,2616,CHINO,大分県
copula,Damage Per Second†,0,,未設定,0,,未設定,2257,K-JET.,大分県
copula,Damage Per Second,506,SHU,大分県,1396,CHOCOA,大分県,2043,CHINO,大分県
copula,Daily Lunch Special,1065,LIAR,大分県,2069,BUNTU!,大分県,2952,CHINO,大分県
copula,CODE:1 [revision1.0.1],781,YA-BOI,大分県,1668,CHOCOA,大分県,3073,CHINO,大分県
copula,chaos eater -IIDX edition-,1196,4J1NB0,大分県,1627,NATAKU,大分県,2572,K-JET.,大分県
copula,Central Station,893,5MAKA4,大分県,1353,POOPOO,大分県,2364,CHOCOA,大分県
copula,Blue Spring Express,1165,KNNRIM,大分県,1942,PIYO*,大分県,3212,K-JET.,大分県
copula,Battle Train -IIDX Edition-,868,LIAR,大分県,2263,LIAR,大分県,3230,K-JET.,大分県
copula,Aublia,777,5MAKA4,大分県,1487,NOOB,大分県,2500,N-JET.,大分県
copula,Arcana,1165,LIAR,大分県,1736,CHOCOA,大分県,2236,N-JET.,大分県
copula,AO-1,1202,LIAR,大分県,1784,LIAR,大分県,2776,CHINO,大分県
copula,Angelic Jelly,989,5MAKA4,大分県,1968,LIAR,大分県,2723,CHINO,大分県
copula,Acid Pumper,662,LIAR,大分県,1477,KEMI*,大分県,2451,CHINO,大分県
copula,199024club -Re:BounceKiller-,444,ALICE,大分県,1518,NTAK-L,大分県,2333,CHINO,大分県
SINOBUZ,鴉,1307,Y-CHAN,大分県,2146,LIAR,大分県,2676,K-JET.,大分県
SINOBUZ,童話回廊,899,KIWAMI,大分県,1648,PIYO*,大分県,3024,K-JET.,大分県
SINOBUZ,禍根,751,5MAKA4,大分県,1299,NATAKU,大分県,2567,CHINO,大分県
SINOBUZ,獅子霞麗ノ舞,445,5MAKA4,大分県,902,TAKE*M,大分県,1713,WAROTA,大分県
SINOBUZ,焔極OVERKILL,971,IZM238,大分県,1981,KENBAN,大分県,3508,CHINO,大分県
SINOBUZ,炎影,474,F,大分県,1266,LIAR,大分県,2688,CHINO,大分県
SINOBUZ,津軽雪,1433,MA,大分県,2120,KENBAN,大分県,3846,CHINO,大分県
SINOBUZ,次葉 -turn the page-,372,STAN,大分県,1387,NOOB,大分県,1971,K-JET.,大分県
SINOBUZ,月雪に舞う華のように,819,AGE,大分県,964,PS4,大分県,2046,K-JET.,大分県
SINOBUZ,恋はどう？モロ◎波動OK☆方程式!!,935,KIWAMI,大分県,1559,AGE,大分県,2442,K-JET.,大分県
SINOBUZ,忍恋花,999,AGE,大分県,1463,BLYTHE,大分県,2211,K-JET.,大分県
SINOBUZ,刃図羅,1190,LIAR,大分県,2008,AGE,大分県,3350,CHINO,大分県
SINOBUZ,冬椿 ft. Kanae Asaba†,0,,未設定,0,,未設定,3016,46NEKO,大分県
SINOBUZ,冬椿 ft. Kanae Asaba,655,SAKURA,大分県,1213,LIAR,大分県,2263,CHINO,大分県
SINOBUZ,九尾狐夜行,733,5MAKA4,大分県,1678,FE,大分県,2918,46NEKO,大分県
SINOBUZ,ディッシュウォッシャー◎彡おいわちゃん,722,4J1NB0,大分県,1277,S.TORA,大分県,2420,4J1NB0,大分県
SINOBUZ,イザナミノナゲキ,1187,AGE,大分県,1840,NATAKU,大分県,3209,CHINO,大分県
SINOBUZ,ちらちら・はらはら,408,4J1NB0,大分県,935,BUNTU!,大分県,1411,AGE,大分県
SINOBUZ,お命ちょうDAI！901娘,0,,未設定,1541,LIAR,大分県,2325,46NEKO,大分県
SINOBUZ,〆,964,KDOA,大分県,2323,4J1NB0,大分県,3650,CHINO,大分県
SINOBUZ,Yellow Sketch(RX-Ver.S.P.L.),676,5MAKA4,大分県,1765,AGE,大分県,2832,46NEKO,大分県
SINOBUZ,yamabiko (SINOBUZ Edition),969,AGE,大分県,1395,NOZOMU,大分県,2614,46NEKO,大分県
SINOBUZ,XINOBIKILL,838,OKOVIC,大分県,1603,VP2,大分県,2842,K-JET.,大分県
SINOBUZ,Warrior,999,AGE,大分県,1641,LIAR,大分県,2487,CHINO,大分県
SINOBUZ,Vermilion,873,AGE,大分県,1347,AGE,大分県,1963,N-JET.,大分県
SINOBUZ,Venom,1212,LIAR,大分県,1962,NATAKU,大分県,3170,CHINO,大分県
SINOBUZ,Umbral,577,VP2,大分県,1337,LIAR,大分県,1885,4J1NB0,大分県
SINOBUZ,TOGAKUSHI,926,J,大分県,1679,KEMI*,大分県,2571,CHINO,大分県
SINOBUZ,The Commanders,871,MAZOCK,大分県,1436,LIAR,大分県,2445,CHINO,大分県
SINOBUZ,Sweet Clapper,506,PLAN.B,大分県,1180,NOOB,大分県,1906,K-JET.,大分県
SINOBUZ,Super Rush,863,IZM238,大分県,1836,966.I,大分県,3487,CHINO,大分県
SINOBUZ,Summerlights(IIDX Edition),1109,AGE,大分県,1780,MIACH,大分県,3065,CHINO,大分県
SINOBUZ,Summer,656,4J1NB0,大分県,1247,LIESE,大分県,1950,46NEKO,大分県
SINOBUZ,Steel Edge,724,YA-BOI,大分県,1445,LIAR,大分県,3132,CHINO,大分県
SINOBUZ,Snakey Kung-fu,1094,LIAR,大分県,2032,TOTTY.,大分県,3373,N-JET.,大分県
SINOBUZ,Sky High,1056,J,大分県,2188,KILA**,大分県,3773,46NEKO,大分県
SINOBUZ,SINOBUZ Fantasy,968,RIRCHU,大分県,1659,AGE,大分県,2407,K-JET.,大分県
SINOBUZ,shuriken,743,5MAKA4,大分県,1037,SETH,大分県,2539,CHINO,大分県
SINOBUZ,Shoot'Em All,799,4J1NB0,大分県,1384,LIAR,大分県,2442,46NEKO,大分県
SINOBUZ,SEQUENCE CAT,1072,KENBAN,大分県,1969,LIAR,大分県,2830,46NEKO,大分県
SINOBUZ,Selfish Sweet,364,GANDAM,大分県,521,KIRARA,大分県,1702,CHINO,大分県
SINOBUZ,Seize the Day,488,SAKURA,大分県,1274,LIAR,大分県,2138,K-JET.,大分県
SINOBUZ,Seaside Labyrinth,562,5MAKA4,大分県,1163,LIAR,大分県,1882,CHINO,大分県
SINOBUZ,SCREAM THE LIFE FEAT.KYONO,366,F,大分県,1318,5MAKA4,大分県,2319,N-JET.,大分県
SINOBUZ,SAY BAY,527,ALICE,大分県,1413,LIAR,大分県,2810,CHINO,大分県
SINOBUZ,Sarutobi Champion is 拙者,847,5MAKA4,大分県,1551,N-JET.,大分県,2152,46NEKO,大分県
SINOBUZ,SAMURAI-Scramble,999,46NEKO,大分県,1644,CHOCOA,大分県,2349,CHINO,大分県
SINOBUZ,ROTTERDAM SHOGUN,897,YA-BOI,大分県,1743,LIAR,大分県,2527,K-JET.,大分県
SINOBUZ,RISING FIRE HAWK,863,AGE,大分県,1404,LIAR,大分県,2667,N-JET.,大分県
SINOBUZ,Remedy feat. Kanae Asaba,912,AGE,大分県,1529,VP2,大分県,2189,46NEKO,大分県
SINOBUZ,Rave Cannon,473,ALICE,大分県,1785,AGE,大分県,3316,CHINO,大分県
SINOBUZ,RAIN,1128,LIAR,大分県,1757,YAMA2,大分県,3214,CHINO,大分県
SINOBUZ,Quakes,1110,LIAR,大分県,1899,LIAR,大分県,3118,CHINO,大分県
SINOBUZ,Piano Samurai,921,5MAKA4,大分県,1590,LIAR,大分県,2448,K-JET.,大分県
SINOBUZ,PAPAYAPA BASS,698,5MAKA4,大分県,1452,BLYTHE,大分県,2762,4J1NB0,大分県
SINOBUZ,OTENAMI Hurricane,975,MIKOTO,大分県,1925,VP2,大分県,3128,CHINO,大分県
SINOBUZ,OOO,695,4J1NB0,大分県,1375,LIAR,大分県,2055,46NEKO,大分県
SINOBUZ,nostos,604,MATR,大分県,995,PLAN.B,大分県,2559,N-JET.,大分県
SINOBUZ,Music is The Answer,701,5MAKA4,大分県,1116,ISM,大分県,1890,N-JET.,大分県
SINOBUZ,Modular Technology,821,MATR,大分県,1698,BLYTHE,大分県,2623,46NEKO,大分県
SINOBUZ,Mare Nectaris,1434,N-JET.,大分県,2101,CHINO,大分県,3680,TIKUWA,大分県
SINOBUZ,Magical,611,PUD1NG,大分県,1140,CELES,大分県,1999,CHINO,大分県
SINOBUZ,Macuilxochitl,1419,089,大分県,2228,K-JET.,大分県,3275,46NEKO,大分県
SINOBUZ,Lost wing at.0,879,KIWAMI,大分県,1308,KAZ6,大分県,2429,CHINO,大分県
SINOBUZ,INVISIBLE STRIX,875,POOPOO,大分県,1873,PIYO*,大分県,2584,CHINO,大分県
SINOBUZ,Honey Trap,819,AGE,大分県,1306,MURCAT,大分県,2494,46NEKO,大分県
SINOBUZ,HAPPY★RUSH,702,5MAKA4,大分県,1821,NOOB,大分県,2842,46NEKO,大分県
SINOBUZ,HADES,901,KUMA,大分県,1651,VP2,大分県,3060,CHINO,大分県
SINOBUZ,GuNGNiR,1335,AGE,大分県,2689,CHINO,大分県,3866,CHINO,大分県
SINOBUZ,Go Ahead!!,999,AGE,大分県,1447,TOTTY.,大分県,2619,K-JET.,大分県
SINOBUZ,FUZIN RIZIN,1205,4J1NB0,大分県,1917,LIAR,大分県,3768,46NEKO,大分県
SINOBUZ,elemental bender feat. Kanae Asaba,349,KIRIKO,大分県,788,KINOKO,大分県,1623,4J1NB0,大分県
SINOBUZ,Egret and Willow,844,5MAKA4,大分県,1537,NOZOMU,大分県,2705,46NEKO,大分県
SINOBUZ,ECHIDNA,1262,NOOB,大分県,1993,MIACH,大分県,3313,CHINO,大分県
SINOBUZ,DORNWALD ～Junge～,927,KINOKO,大分県,2072,CELES,大分県,3539,N-JET.,大分県
SINOBUZ,DISAPPEAR feat. koyomin,660,5MAKA4,大分県,1696,NATAKU,大分県,2863,CHINO,大分県
SINOBUZ,Cyber True Color,916,KIWAMI,大分県,1595,NATAKU,大分県,2332,46NEKO,大分県
SINOBUZ,crew,628,AGE,大分県,1730,CHOCOA,大分県,2926,CHINO,大分県
SINOBUZ,Caterpillar,1208,AGE,大分県,2201,4J1NB0,大分県,2985,CHINO,大分県
SINOBUZ,BroGamer,1376,K-JET.,大分県,1971,LIAR,大分県,3042,CHINO,大分県
SINOBUZ,Breakin' Chain,512,NIBOSI,大分県,1276,LIAR,大分県,2322,CHINO,大分県
SINOBUZ,BREAK OVER,682,YA-BOI,大分県,1419,TAKA.4,大分県,2350,CHINO,大分県
SINOBUZ,Beyond The Seven,707,PE6RI7,大分県,1267,LIAR,大分県,2709,46NEKO,大分県
SINOBUZ,Believe in you,1197,4J1NB0,大分県,1877,4J1NB0,大分県,2432,CHINO,大分県
SINOBUZ,Beat Juggling Mix,667,LR177L,大分県,1573,AGE,大分県,2107,K-JET.,大分県
SINOBUZ,Be A Star,967,4J1NB0,大分県,1800,ABE8,大分県,2798,CHINO,大分県
SINOBUZ,BabeL ～Grand Story～,791,MKOMKO,大分県,1981,KENBAN,大分県,2733,4J1NB0,大分県
SINOBUZ,AsiaN distractive,1191,4J1NB0,大分県,1506,ISLAND,大分県,2589,CHINO,大分県
SINOBUZ,Around The Galaxy,653,TOTORO,大分県,1876,BLYTHE,大分県,3320,N-JET.,大分県
SINOBUZ,Apocalypse,1142,4J1NB0,大分県,2070,NATAKU,大分県,3533,N-JET.,大分県
SINOBUZ,AO-∞,956,HATM-R,大分県,1621,DRONYA,大分県,2629,46NEKO,大分県
SINOBUZ,Amazing Mirage†,0,,未設定,0,,未設定,3206,46NEKO,大分県
SINOBUZ,Amazing Mirage,818,5MAKA4,大分県,1683,NATAKU,大分県,2616,CHINO,大分県
SINOBUZ,Affection,335,SHU,大分県,1063,TAKE*M,大分県,2083,46NEKO,大分県
SINOBUZ,(This Is Not) The Angels,609,AGE,大分県,1401,CHOCOA,大分県,2701,CHINO,大分県
SINOBUZ,#MAGiCVLGiRL_TRVP_B3VTZ,1166,AGE,大分県,1929,NATAKU,大分県,3371,N-JET.,大分県
SINOBUZ,!Viva!,0,,未設定,1404,ERIS,大分県,1968,KOKURI,大分県
CANNON BALLERS,草原の王女-軌跡を辿って-,699,4J1NB0,大分県,1211,AGE,大分県,2272,WAROTA,大分県
CANNON BALLERS,純真可憐デザイア,733,5MAKA4,大分県,1510,MOCHI,大分県,2304,46NEKO,大分県
CANNON BALLERS,神謳 -RESONANCE-,1298,KUMA,大分県,2395,TOTTY.,大分県,3942,K-JET.,大分県
CANNON BALLERS,東京神話,1018,LIAR,大分県,1678,AGE,大分県,2789,CHINO,大分県
CANNON BALLERS,命の標本,737,AGE,大分県,1444,MOCHI,大分県,2643,46NEKO,大分県
CANNON BALLERS,共犯へヴンズコード,495,AGE,大分県,1114,SETH,大分県,2232,4J1NB0,大分県
CANNON BALLERS,ラストセンチュリーメランコリック,376,FUYU,大分県,1425,MOCHI,大分県,2161,CHINO,大分県
CANNON BALLERS,パラドキシカル・タイムリープトライアル(Short Ver.),1028,AGE,大分県,1771,VP2,大分県,2727,46NEKO,大分県
CANNON BALLERS,バスルーム ロマンス,956,AGE,大分県,1429,CHOCOA,大分県,2402,N-JET.,大分県
CANNON BALLERS,バ→ビ→ブ→Bomb!,833,AGE,大分県,1796,WAROTA,大分県,2542,CHINO,大分県
CANNON BALLERS,ハイ*ビスカス ft. Kanae Asaba,691,SATUKI,大分県,1522,CHOCOA,大分県,2431,CHINO,大分県
CANNON BALLERS,ナイトシティー・アヴァンチュール,1028,AGE,大分県,1513,AGE,大分県,2085,CHINO,大分県
CANNON BALLERS,シムルグの目醒め,1260,SETH,大分県,2286,CHOCOA,大分県,3386,K-JET.,大分県
CANNON BALLERS,エディブルフラワーの独白,814,AGE,大分県,1387,ISLAND,大分県,2188,K-JET.,大分県
CANNON BALLERS,うさ☆かめ 大戦争！,820,MURA,大分県,1439,LILITH,大分県,2480,N-JET.,大分県
CANNON BALLERS,Xperanza,1284,KNNRIM,大分県,2398,N-JET.,大分県,3183,CHINO,大分県
CANNON BALLERS,VOX RUSH,1334,AGE,大分県,2072,LIAR,大分県,3245,N-JET.,大分県
CANNON BALLERS,Usual Days-remix,1053,AGE,大分県,1371,NATAKU,大分県,2662,46NEKO,大分県
CANNON BALLERS,UMMU,1160,LIAR,大分県,2086,46NEKO,大分県,3070,CHINO,大分県
CANNON BALLERS,The Revolution (VIP Mix),779,LIAR,大分県,919,RICE,大分県,1833,N-JET.,大分県
CANNON BALLERS,The Chase,622,KIWAMI,大分県,1324,N-JET.,大分県,2140,CHINO,大分県
CANNON BALLERS,THE CANNONBALLER,1521,4J1NB0,大分県,2275,NATAKU,大分県,3381,46NEKO,大分県
CANNON BALLERS,Temple of Anubis,914,KIWAMI,大分県,1470,AGE,大分県,2622,CHINO,大分県
CANNON BALLERS,SUNLiGHT (IIDX Mix),1140,KEN,大分県,1690,10FU86,大分県,2613,N-JET.,大分県
CANNON BALLERS,Static State,1052,AGE,大分県,1594,ROBIN,大分県,2285,YOLO,大分県
CANNON BALLERS,STARLIGHT JUNCTION,495,SPOON*,大分県,1611,CHINO,大分県,2286,CHINO,大分県
CANNON BALLERS,SPEED DEMON,537,SPOON*,大分県,1311,KIWAMI,大分県,2347,CHINO,大分県
CANNON BALLERS,SPEED,794,KIWAMI,大分県,1460,BLYTHE,大分県,2539,4J1NB0,大分県
CANNON BALLERS,"Son, not gabba now",875,LIAR,大分県,1560,AGE,大分県,2379,46NEKO,大分県
CANNON BALLERS,Slipstream,1028,KEN,大分県,1918,PIYO*,大分県,3497,CHINO,大分県
CANNON BALLERS,SHOX,741,KIWAMI,大分県,803,POM,大分県,1744,CHINO,大分県
CANNON BALLERS,Rise Circuit,0,,未設定,1393,MOCHI,大分県,2252,4J1NB0,大分県
CANNON BALLERS,Raspberry Railgun,1296,KEN,大分県,2053,PIYO*,大分県,3148,CHINO,大分県
CANNON BALLERS,Rampage,1185,5MAKA4,大分県,2415,AGE,大分県,3600,CHINO,大分県
CANNON BALLERS,Persephone,1277,KEN,大分県,1836,KEN,大分県,2957,46NEKO,大分県
CANNON BALLERS,Papilio ulysses,1188,LIAR,大分県,1940,KEN,大分県,2895,CHINO,大分県
CANNON BALLERS,Only for now,888,LIAR,大分県,1467,BLYTHE,大分県,2260,CHINO,大分県
CANNON BALLERS,O/D*20,1047,KIWAMI,大分県,1599,LIAR,大分県,2126,CHINO,大分県
CANNON BALLERS,Nothing but Theory,991,KIWAMI,大分県,1467,BLYTHE,大分県,2830,46NEKO,大分県
CANNON BALLERS,No Limit 2 dAnce feat. 大山愛未,949,LIAR,大分県,1482,LIAR,大分県,2325,46NEKO,大分県
CANNON BALLERS,NITROUS CANNON,1300,LIAR,大分県,1900,LILITH,大分県,3573,CHINO,大分県
CANNON BALLERS,n'pa pa BBQ,923,LIAR,大分県,1721,CHOCOA,大分県,2766,CHINO,大分県
CANNON BALLERS,Mira,847,KIWAMI,大分県,1664,BLYTHE,大分県,3067,46NEKO,大分県
CANNON BALLERS,Midnight Lady,636,AGE,大分県,1112,LIAR,大分県,1953,CHINO,大分県
CANNON BALLERS,LUV DRIVE,774,KIWAMI,大分県,1123,PUD1NG,大分県,2096,CHOCOA,大分県
CANNON BALLERS,LIGHTS ft. EVO+,747,10FU86,大分県,1377,LIAR,大分県,2358,46NEKO,大分県
CANNON BALLERS,"Life Is A Game ft.DD""ナカタ""Metal",1255,AGE,大分県,1827,AGE,大分県,3402,CHINO,大分県
CANNON BALLERS,Initiation,1488,AGE,大分県,2393,AGE,大分県,3842,CHINO,大分県
CANNON BALLERS,Illusionary Waterlily,1263,KEN,大分県,2056,KEN,大分県,3482,CHINO,大分県
CANNON BALLERS,I'm Coming (2017 Version),638,CHOCOA,大分県,1298,CHOCOA,大分県,2097,CHINO,大分県
CANNON BALLERS,I Love You,977,KIWAMI,大分県,1724,LIAR,大分県,2707,46NEKO,大分県
CANNON BALLERS,HYPE THE CORE,1089,AGE,大分県,1764,BLYTHE,大分県,2915,46NEKO,大分県
CANNON BALLERS,Hella Deep,638,AGE,大分県,849,IZM238,大分県,1866,CHINO,大分県
CANNON BALLERS,HAT TRICK,833,AGE,大分県,1387,AGE,大分県,2215,CHINO,大分県
CANNON BALLERS,Get Up! feat. Kanae Asaba,504,BUNTU7,大分県,1174,SQ-86,大分県,1909,CHINO,大分県
CANNON BALLERS,FUTURE is Dead,914,AGE,大分県,1391,LIAR,大分県,2212,CHINO,大分県
CANNON BALLERS,From Time To Time,728,IZM238,大分県,1728,ERIS,大分県,2527,N-JET.,大分県
CANNON BALLERS,FREEDOM,670,N-ARU,大分県,1576,LIAR,大分県,2915,CHINO,大分県
CANNON BALLERS,FIRE BALL,0,,未設定,1637,N-JET.,大分県,2457,46NEKO,大分県
CANNON BALLERS,Fervidex,774,SETH,大分県,1777,MIKOTO,大分県,2695,CHINO,大分県
CANNON BALLERS,Expanded !!,673,LIAR,大分県,1443,MIKE,大分県,2597,KOKURI,大分県
CANNON BALLERS,Exhaust Hype,755,YA-BOI,大分県,1882,089,大分県,2809,CHINO,大分県
CANNON BALLERS,encounter,945,LIAR,大分県,1796,CHINO,大分県,3248,CHINO,大分県
CANNON BALLERS,EMERALDAS,1294,KEN,大分県,2301,4J1NB0,大分県,3430,CHINO,大分県
CANNON BALLERS,Eine Haube ～聖地の果てにあるもの～,752,KOMO,大分県,1402,AGE,大分県,2505,K-JET.,大分県
CANNON BALLERS,DEATH†ZIGOQ ～怒りの高速爆走野郎～,1347,AGE,大分県,2199,KEMI*,大分県,3942,CHINO,大分県
CANNON BALLERS,DEADHEAT,1042,Y-CHAN,大分県,1914,AGE,大分県,3329,CHINO,大分県
CANNON BALLERS,COSMIC☆WONDER☆REVOLUTION,698,IZM238,大分県,1413,CHOCOA,大分県,2094,CHINO,大分県
CANNON BALLERS,City Never Sleeps (IIDX Edition),1140,POOPOO,大分県,1834,NATAKU,大分県,2628,N-JET.,大分県
CANNON BALLERS,Chemical Cookie,805,LIAR,大分県,1431,AGE,大分県,2136,CHINO,大分県
CANNON BALLERS,ChaserXX,1017,LIAR,大分県,1827,AGE,大分県,2811,CHINO,大分県
CANNON BALLERS,Break Stasis,1240,KIWAMI,大分県,1853,NATAKU,大分県,2522,CHINO,大分県
CANNON BALLERS,Boomy and The Boost,954,IZM238,大分県,2005,AGE,大分県,3538,CHINO,大分県
CANNON BALLERS,Best of Me,804,LIAR,大分県,1447,PS4,大分県,2212,CHINO,大分県
CANNON BALLERS,Beast mode,1008,LIAR,大分県,1395,SETH,大分県,2716,K-JET.,大分県
CANNON BALLERS,Be a Hero!,768,AGE,大分県,1918,CHOCOA,大分県,3058,46NEKO,大分県
CANNON BALLERS,Battleground,1046,KIWAMI,大分県,1803,NATAKU,大分県,2673,46NEKO,大分県
CANNON BALLERS,Back Spin Sweeper,851,AGE,大分県,1363,AGE,大分県,2267,CHINO,大分県
CANNON BALLERS,Around the Future,1055,KEN,大分県,1631,KEN,大分県,2569,46NEKO,大分県
CANNON BALLERS,Arca,694,N-ARU,大分県,1765,VP2,大分県,3075,46NEKO,大分県
CANNON BALLERS,Antigravity,1000,KEN,大分県,1937,AGE,大分県,3010,CHINO,大分県
CANNON BALLERS,ANCHOR,1305,LIAR,大分県,2388,AGE,大分県,3546,CHINO,大分県
CANNON BALLERS,ANAGMA,931,S.TORA,大分県,1509,S.TORA,大分県,2587,4J1NB0,大分県
CANNON BALLERS,Amor De Verao,783,AGE,大分県,1304,RIRCHU,大分県,2312,CHINO,大分県
CANNON BALLERS,Alpheratz,426,4J1NB0,大分県,955,SIKI,大分県,2088,CHINO,大分県
CANNON BALLERS,Acidiva 303,802,LIAR,大分県,1225,NGKAWA,大分県,2305,46NEKO,大分県
CANNON BALLERS,ACCELERATE,1003,KIWAMI,大分県,1589,LIAR,大分県,2477,N-JET.,大分県
CANNON BALLERS,Abraxas,773,LIAR,大分県,1624,MIACH,大分県,2423,CHINO,大分県
CANNON BALLERS,AA -rebuild-,1020,ISLAND,大分県,2140,VP2,大分県,3552,N-JET.,大分県
CANNON BALLERS,255,890,AGE,大分県,1584,AGE,大分県,3227,CHINO,大分県
CANNON BALLERS,2 Player,875,KIWAMI,大分県,1540,NATAKU,大分県,2526,N-JET.,大分県
CANNON BALLERS,1001 -ESCAPE-,1010,AGE,大分県,1458,ISM,大分県,2604,46NEKO,大分県
Rootage,龍王の霊廟(Mausoleum Of The Primal Dragon),1147,CHINO,大分県,2364,CHINO,大分県,3199,CHINO,大分県
Rootage,金野火織の金色提言,1273,CHINO,大分県,2291,CHINO,大分県,3050,CHINO,大分県
Rootage,花冠 feat.Aikapin,992,CHINO,大分県,1712,CHINO,大分県,2562,CHINO,大分県
Rootage,爆ゼニ☆がってんワーカー,1213,CHOCOA,大分県,1950,CHINO,大分県,2713,CHINO,大分県
Rootage,抱きしめてモナムール,1316,CHINO,大分県,2337,CHINO,大分県,4079,CHINO,大分県
Rootage,夏の匂い。キミの残像。 ft. Kanae Asaba,693,CHINO,大分県,1552,CHINO,大分県,2550,CHINO,大分県
Rootage,ミストレス・アンに花束を,582,CHINO,大分県,1027,CHINO,大分県,1428,CHINO,大分県
Rootage,ハードベース・フェスタ,1136,CHOCOA,大分県,1842,CHINO,大分県,2844,CHINO,大分県
Rootage,セカンドピアス,603,CHINO,大分県,1104,CHINO,大分県,2025,CHINO,大分県
Rootage,サクラあっぱれーしょん,632,CHINO,大分県,1553,CHINO,大分県,2316,46NEKO,大分県
Rootage,グラナダの風,797,10FU86,大分県,1248,CHINO,大分県,1846,CHINO,大分県
Rootage,Yum Yum Jelly,794,CHINO,大分県,1575,CHINO,大分県,2373,CHINO,大分県
Rootage,Xlo,1536,CHINO,大分県,2524,CHINO,大分県,3709,CHINO,大分県
Rootage,Wonderland,1074,CHINO,大分県,1891,CHINO,大分県,2745,CHINO,大分県
Rootage,Won(*3*)Chu KissMe!,936,CHINO,大分県,1409,CHINO,大分県,2508,CHINO,大分県
Rootage,Wolf 1061,1014,46NEKO,大分県,1673,FIES,大分県,3085,CHINO,大分県
Rootage,Wing of Hearts,1123,CHINO,大分県,1822,CHINO,大分県,2925,CHINO,大分県
Rootage,Urban Constellations,707,10FU86,大分県,1527,CHINO,大分県,2286,CHINO,大分県
Rootage,UNDERWORLD HOLOGRAPHY,1121,10FU86,大分県,2022,10FU86,大分県,3233,CHINO,大分県
Rootage,Unbelief,1088,TOTTY.,大分県,2025,MATCHA,大分県,3053,N-JET.,大分県
Rootage,U.S.A.,1132,CHINO,大分県,1904,CHINO,大分県,2909,CHINO,大分県
Rootage,Twilight Warp,964,CHINO,大分県,1478,CHINO,大分県,2157,CHINO,大分県
Rootage,ToyCube Pf.(RX-Ver.S.P.L.),732,10FU86,大分県,1547,CHINO,大分県,2274,CHINO,大分県
Rootage,The Rebellion of Sequencer,1278,CHINO,大分県,2073,CHINO,大分県,3068,CHINO,大分県
Rootage,THE DAY OF JUBILATIONS,1582,CHINO,大分県,2445,CHINO,大分県,3450,CHINO,大分県
Rootage,The Best of Both Worlds,597,CHINO,大分県,1428,CHINO,大分県,2211,CHINO,大分県
Rootage,Technicolour Dreams,917,LIAR,大分県,1393,KEN,大分県,2388,CHINO,大分県
Rootage,Starry Night,929,CHINO,大分県,1679,CHINO,大分県,2520,CHINO,大分県
Rootage,SPEED ROCKER,919,CHINO,大分県,1734,CHINO,大分県,2314,CHINO,大分県
Rootage,SIGMA,819,10FU86,大分県,1585,CHINO,大分県,2680,CHINO,大分県
Rootage,Sidechained Threats,1190,10FU86,大分県,1878,10FU86,大分県,2400,4J1NB0,大分県
Rootage,Serious?,591,CHINO,大分県,1204,CHINO,大分県,2250,CHINO,大分県
Rootage,R∞tAge,1116,CHINO,大分県,1692,CHINO,大分県,2957,CHINO,大分県
Rootage,ROZA DE ANDALUCIA,1300,AGE,大分県,2087,CHINO,大分県,3024,CHINO,大分県
Rootage,"ROCK女 feat. 大山愛未, Ken",1086,CHINO,大分県,1850,CHINO,大分県,2743,CHINO,大分県
Rootage,Red. by Jack Trance,1509,CHINO,大分県,2169,CHINO,大分県,3446,CHINO,大分県
Rootage,Re:Story,435,CHINO,大分県,1132,CHINO,大分県,1935,CHINO,大分県
Rootage,Psycho Sheep Riddim,647,CHINO,大分県,1020,CHINO,大分県,1673,CHINO,大分県
Rootage,Playing With Fire,977,10FU86,大分県,1662,N-JET.,大分県,2335,N-JET.,大分県
Rootage,Particle Arts,890,CHINO,大分県,1669,CHINO,大分県,2494,CHINO,大分県
Rootage,Painful Fate,1256,CHOCOA,大分県,2226,CHOCOA,大分県,3259,CHINO,大分県
Rootage,OVER TIME,585,CHINO,大分県,977,CHINO,大分県,1556,CHINO,大分県
Rootage,Necroxis Girl,1127,10FU86,大分県,1921,10FU86,大分県,2743,K-JET.,大分県
Rootage,Macho Monky,1426,10FU86,大分県,2047,10FU86,大分県,2992,CHINO,大分県
Rootage,LOST TECHNOLOGIE,1111,LIAR,大分県,1913,CHINO,大分県,3424,CHINO,大分県
Rootage,Level One,1265,CHINO,大分県,2322,CHINO,大分県,3453,CHINO,大分県
Rootage,Let me be your cure,1143,CHINO,大分県,1435,CHINO,大分県,2676,CHINO,大分県
Rootage,LADYBIRD,1058,ROBIN,大分県,1610,10FU86,大分県,2423,CHINO,大分県
Rootage,L.F.O,881,CHINO,大分県,1779,CHINO,大分県,3305,CHINO,大分県
Rootage,KILL EACH OTHER,1419,CHINO,大分県,2471,CHINO,大分県,3801,CHINO,大分県
Rootage,IDOL syndrome.,763,CHINO,大分県,1472,CHINO,大分県,2197,CHINO,大分県
Rootage,IDC feat.REVERBEE (Mo'Cuts Ver),1071,CHINO,大分県,1576,CHINO,大分県,2204,CHINO,大分県
Rootage,Hurry Hurry,756,CHINO,大分県,1050,CHINO,大分県,2082,46NEKO,大分県
Rootage,HOT LIMIT,1071,CHINO,大分県,1727,CHINO,大分県,2525,CHINO,大分県
Rootage,HEISEI,1170,CHINO,大分県,1979,CHINO,大分県,2563,CHINO,大分県
Rootage,Glory,775,CHINO,大分県,1695,CHINO,大分県,2352,CHINO,大分県
Rootage,GIGA THRASH,1219,LIAR,大分県,1899,CHINO,大分県,2707,CHINO,大分県
Rootage,EVANESCENT,1256,10FU86,大分県,2225,10FU86,大分県,3467,CHINO,大分県
Rootage,Ember Lights,972,CHINO,大分県,1679,CHINO,大分県,2711,CHINO,大分県
Rootage,DRUNK MONKY,977,LIAR,大分県,1561,AGE,大分県,2260,CHINO,大分県
Rootage,Drastic Dramatic,1492,10FU86,大分県,2433,CHINO,大分県,3455,CHINO,大分県
Rootage,Dr. Chemical & Killing Machine,1130,CHINO,大分県,1907,CHINO,大分県,3332,46NEKO,大分県
Rootage,Digital Skipper,1004,CHINO,大分県,1602,CHINO,大分県,2247,CHINO,大分県
Rootage,dAuntl3ss,1081,CHINO,大分県,2017,CHINO,大分県,3474,CHINO,大分県
Rootage,Cranberry City ft. Luschel,862,KOKURI,大分県,1615,CHINO,大分県,2426,CHINO,大分県
Rootage,CoMAAAAAAA,1274,CHINO,大分県,2127,CHINO,大分県,2395,CHINO,大分県
Rootage,Catch Our Fire!,1381,CHINO,大分県,2319,CHINO,大分県,3710,CHINO,大分県
Rootage,Carmina,1253,KEMI*,大分県,2420,N-JET.,大分県,3640,TIKUWA,大分県
Rootage,BLOSSOM,1066,10FU86,大分県,1610,10FU86,大分県,2522,46NEKO,大分県
Rootage,Angels & Demons,931,CHINO,大分県,1790,CHINO,大分県,2447,CHINO,大分県
Rootage,AGAiN,1032,CHINO,大分県,1629,CHINO,大分県,2319,CHINO,大分県
Rootage,A Tale Hidden In The Abyss,928,10FU86,大分県,1759,CHINO,大分県,2608,CHINO,大分県
Rootage,50th Memorial Songs -二人の時 ～under the cherry blossoms～-,1222,KEMI*,大分県,1592,10FU86,大分県,2593,CHINO,大分県
Rootage,50th Memorial Songs -The BEMANI History-,1063,10FU86,大分県,1587,10FU86,大分県,2609,46NEKO,大分県
Rootage,50th Memorial Songs -Flagship medley-,898,10FU86,大分県,1423,KEN,大分県,2276,CHINO,大分県
Rootage,50th Memorial Songs -Beginning Story-,811,10FU86,大分県,1645,CHOCOA,大分県,2719,CHINO,大分県
Rootage,& Intelligence,1170,CHINO,大分県,2176,CHINO,大分県,3108,CHINO,大分県